2026-06-01 19:42:15,467 [INFO] src.trading_sdk.shared.config: Configuration Manager initialized successfully.
2026-06-01 19:42:15,467 [INFO] src.trading_sdk.shared.config: Configuration Manager initialized successfully.
2026-06-01 19:42:15,467 [INFO] src.trading_sdk.shared.config: Configuration Manager initialized successfully.
2026-06-01 19:42:15,470 [INFO] src.trading_sdk.sdk: TradingSDK Facade constructed.
2026-06-01 19:42:15,470 [INFO] src.trading_sdk.sdk: TradingSDK Facade constructed.
2026-06-01 19:42:15,474 [INFO] src.trading_sdk.shared.config: Configuration Manager initialized successfully.
2026-06-01 19:42:52,607 [INFO] src.trading_sdk.shared.config: Configuration Manager initialized successfully.
2026-06-01 19:42:52,608 [INFO] src.trading_sdk.sdk: TradingSDK Facade constructed.
2026-06-01 19:42:52,612 [INFO] src.trading_sdk.shared.config: Configuration Manager initialized successfully.
2026-06-01 19:42:52,634 [INFO] src.trading_sdk.data.client: Downloading AAPL from Yahoo Finance...
2026-06-01 19:42:57,003 [INFO] src.trading_sdk.data.client: Saved AAPL data to C:\Users\danie\AppData\Local\Temp\pytest-of-danie\pytest-0\test_data_client_download0\AAPL_2020-01-01_2020-01-10_1d.parquet
2026-06-01 19:42:57,003 [INFO] src.trading_sdk.data.client: Loading AAPL from local cache: C:\Users\danie\AppData\Local\Temp\pytest-of-danie\pytest-0\test_data_client_download0\AAPL_2020-01-01_2020-01-10_1d.parquet
2026-06-01 19:43:15,552 [INFO] src.trading_sdk.shared.config: Configuration Manager initialized successfully.
2026-06-01 19:43:15,563 [INFO] src.trading_sdk.data.client: Downloading AAPL from Yahoo Finance...
2026-06-01 19:43:16,064 [WARNING] src.trading_sdk.data.client: No data returned for ticker AAPL.
2026-06-01 19:43:16,079 [INFO] src.trading_sdk.shared.config: Configuration Manager initialized successfully.
2026-06-01 19:43:16,096 [INFO] src.trading_sdk.data.client: Downloading AAPL from Yahoo Finance...
2026-06-01 19:43:16,598 [ERROR] src.trading_sdk.data.client: Failed to fetch data for AAPL: API Error
2026-06-01 19:43:16,616 [INFO] src.trading_sdk.shared.config: Configuration Manager initialized successfully.
2026-06-01 19:43:16,909 [INFO] src.trading_sdk.shared.config: Configuration Manager initialized successfully.
2026-06-01 19:43:16,916 [INFO] src.trading_sdk.services.backtest: Running backtest metrics: Sharpe, Max Drawdown, Equity Curve (Placeholder)
2026-06-01 19:43:16,926 [INFO] src.trading_sdk.shared.config: Configuration Manager initialized successfully.
2026-06-01 19:43:16,928 [INFO] src.trading_sdk.services.inference: Executing inference pass (Placeholder)
2026-06-01 19:43:16,940 [INFO] src.trading_sdk.shared.config: Configuration Manager initialized successfully.
2026-06-01 19:43:16,989 [INFO] src.trading_sdk.services.training: Commencing Training routine using Device = cpu
2026-06-01 19:43:45,651 [INFO] src.trading_sdk.services.training: Epoch 0 | Extracted Reward: -0.05
2026-06-01 19:43:45,676 [INFO] src.trading_sdk.services.training: Epoch 1 | Extracted Reward: -0.05
2026-06-01 19:43:45,707 [INFO] src.trading_sdk.services.training: Epoch 2 | Extracted Reward: -0.05
2026-06-01 19:43:45,809 [INFO] src.trading_sdk.services.training: Epoch 3 | Extracted Reward: -0.05
2026-06-01 19:43:45,874 [INFO] src.trading_sdk.services.training: Epoch 4 | Extracted Reward: -0.05
2026-06-01 19:43:45,902 [INFO] src.trading_sdk.services.training: Epoch 5 | Extracted Reward: -0.05
2026-06-01 19:43:45,924 [INFO] src.trading_sdk.services.training: Epoch 6 | Extracted Reward: -0.05
2026-06-01 19:43:45,952 [INFO] src.trading_sdk.services.training: Epoch 7 | Extracted Reward: -0.05
2026-06-01 19:43:45,972 [INFO] src.trading_sdk.services.training: Epoch 8 | Extracted Reward: -0.05
2026-06-01 19:43:45,989 [INFO] src.trading_sdk.services.training: Epoch 9 | Extracted Reward: -0.06
2026-06-01 19:44:36,418 [INFO] src.trading_sdk.shared.config: Configuration Manager initialized successfully.
2026-06-01 19:44:36,419 [INFO] src.trading_sdk.sdk: TradingSDK Facade constructed.
2026-06-01 19:44:36,425 [INFO] src.trading_sdk.shared.config: Configuration Manager initialized successfully.
2026-06-01 19:44:36,441 [INFO] src.trading_sdk.data.client: Downloading AAPL from Yahoo Finance...
2026-06-01 19:44:36,978 [INFO] src.trading_sdk.data.client: Saved AAPL data to C:\Users\danie\AppData\Local\Temp\pytest-of-danie\pytest-1\test_data_client_download0\AAPL_2020-01-01_2020-01-10_1d.parquet
2026-06-01 19:44:36,978 [INFO] src.trading_sdk.data.client: Loading AAPL from local cache: C:\Users\danie\AppData\Local\Temp\pytest-of-danie\pytest-1\test_data_client_download0\AAPL_2020-01-01_2020-01-10_1d.parquet
2026-06-01 19:44:37,045 [INFO] src.trading_sdk.shared.config: Configuration Manager initialized successfully.
2026-06-01 19:44:37,050 [INFO] src.trading_sdk.data.client: Downloading AAPL from Yahoo Finance...
2026-06-01 19:44:37,551 [WARNING] src.trading_sdk.data.client: No data returned for ticker AAPL.
2026-06-01 19:44:37,557 [INFO] src.trading_sdk.shared.config: Configuration Manager initialized successfully.
2026-06-01 19:44:37,563 [INFO] src.trading_sdk.data.client: Downloading AAPL from Yahoo Finance...
2026-06-01 19:44:38,065 [ERROR] src.trading_sdk.data.client: Failed to fetch data for AAPL: API Error
2026-06-01 19:44:38,073 [INFO] src.trading_sdk.shared.config: Configuration Manager initialized successfully.
2026-06-01 19:44:38,211 [INFO] src.trading_sdk.shared.config: Configuration Manager initialized successfully.
2026-06-01 19:44:38,214 [INFO] src.trading_sdk.services.backtest: Running backtest metrics: Sharpe, Max Drawdown, Equity Curve (Placeholder)
2026-06-01 19:44:38,220 [INFO] src.trading_sdk.shared.config: Configuration Manager initialized successfully.
2026-06-01 19:44:38,222 [INFO] src.trading_sdk.services.inference: Executing inference pass (Placeholder)
2026-06-01 19:44:38,228 [INFO] src.trading_sdk.shared.config: Configuration Manager initialized successfully.
2026-06-01 19:44:38,249 [INFO] src.trading_sdk.services.training: Commencing Training routine using Device = cpu
2026-06-01 19:44:42,508 [INFO] src.trading_sdk.services.training: Epoch 0 | Extracted Reward: -0.04
2026-06-01 19:44:42,520 [INFO] src.trading_sdk.services.training: Epoch 1 | Extracted Reward: -0.05
2026-06-01 19:44:42,536 [INFO] src.trading_sdk.services.training: Epoch 2 | Extracted Reward: -0.04
2026-06-01 19:44:42,549 [INFO] src.trading_sdk.services.training: Epoch 3 | Extracted Reward: -0.04
2026-06-01 19:44:42,561 [INFO] src.trading_sdk.services.training: Epoch 4 | Extracted Reward: -0.04
2026-06-01 19:44:42,574 [INFO] src.trading_sdk.services.training: Epoch 5 | Extracted Reward: -0.05
2026-06-01 19:44:42,592 [INFO] src.trading_sdk.services.training: Epoch 6 | Extracted Reward: -0.04
2026-06-01 19:44:42,614 [INFO] src.trading_sdk.services.training: Epoch 7 | Extracted Reward: -0.05
2026-06-01 19:44:42,636 [INFO] src.trading_sdk.services.training: Epoch 8 | Extracted Reward: -0.05
2026-06-01 19:44:42,656 [INFO] src.trading_sdk.services.training: Epoch 9 | Extracted Reward: -0.05
2026-06-01 19:46:18,544 [INFO] src.trading_sdk.shared.config: Configuration Manager initialized successfully.
2026-06-01 19:46:18,545 [INFO] src.trading_sdk.sdk: TradingSDK Facade constructed.
2026-06-01 19:46:18,549 [INFO] src.trading_sdk.shared.config: Configuration Manager initialized successfully.
2026-06-01 19:46:18,574 [INFO] src.trading_sdk.data.client: Downloading AAPL from Yahoo Finance...
2026-06-01 19:46:19,126 [INFO] src.trading_sdk.data.client: Saved AAPL data to C:\Users\danie\AppData\Local\Temp\pytest-of-danie\pytest-2\test_data_client_download0\AAPL_2020-01-01_2020-01-10_1d.parquet
2026-06-01 19:46:19,127 [INFO] src.trading_sdk.data.client: Loading AAPL from local cache: C:\Users\danie\AppData\Local\Temp\pytest-of-danie\pytest-2\test_data_client_download0\AAPL_2020-01-01_2020-01-10_1d.parquet
2026-06-01 19:46:19,179 [INFO] src.trading_sdk.shared.config: Configuration Manager initialized successfully.
2026-06-01 19:46:19,182 [INFO] src.trading_sdk.data.client: Downloading AAPL from Yahoo Finance...
2026-06-01 19:46:19,683 [WARNING] src.trading_sdk.data.client: No data returned for ticker AAPL.
2026-06-01 19:46:19,694 [INFO] src.trading_sdk.shared.config: Configuration Manager initialized successfully.
2026-06-01 19:46:19,702 [INFO] src.trading_sdk.data.client: Downloading AAPL from Yahoo Finance...
2026-06-01 19:46:20,203 [ERROR] src.trading_sdk.data.client: Failed to fetch data for AAPL: API Error
2026-06-01 19:46:20,206 [INFO] src.trading_sdk.shared.config: Configuration Manager initialized successfully.
2026-06-01 19:46:20,291 [INFO] src.trading_sdk.shared.config: Configuration Manager initialized successfully.
2026-06-01 19:46:20,293 [INFO] src.trading_sdk.services.backtest: Running backtest metrics: Sharpe, Max Drawdown, Equity Curve (Placeholder)
2026-06-01 19:46:20,296 [INFO] src.trading_sdk.shared.config: Configuration Manager initialized successfully.
2026-06-01 19:46:20,297 [INFO] src.trading_sdk.services.inference: Executing inference pass (Placeholder)
2026-06-01 19:46:20,302 [INFO] src.trading_sdk.shared.config: Configuration Manager initialized successfully.
2026-06-01 19:46:20,335 [INFO] src.trading_sdk.services.training: Commencing Training routine using Device = cpu
2026-06-01 19:46:21,960 [INFO] src.trading_sdk.services.training: Epoch 0 | Extracted Reward: -0.04
2026-06-01 19:46:21,963 [INFO] src.trading_sdk.services.training: Epoch 1 | Extracted Reward: -0.04
2026-06-01 19:46:21,967 [INFO] src.trading_sdk.services.training: Epoch 2 | Extracted Reward: -0.05
2026-06-01 19:46:21,970 [INFO] src.trading_sdk.services.training: Epoch 3 | Extracted Reward: -0.05
2026-06-01 19:46:21,978 [INFO] src.trading_sdk.services.training: Epoch 4 | Extracted Reward: -0.05
2026-06-01 19:46:21,983 [INFO] src.trading_sdk.services.training: Epoch 5 | Extracted Reward: -0.04
2026-06-01 19:46:21,990 [INFO] src.trading_sdk.services.training: Epoch 6 | Extracted Reward: -0.05
2026-06-01 19:46:21,998 [INFO] src.trading_sdk.services.training: Epoch 7 | Extracted Reward: -0.04
2026-06-01 19:46:22,004 [INFO] src.trading_sdk.services.training: Epoch 8 | Extracted Reward: -0.04
2026-06-01 19:46:22,011 [INFO] src.trading_sdk.services.training: Epoch 9 | Extracted Reward: -0.06
2026-06-01 19:46:31,004 [INFO] src.trading_sdk.shared.config: Configuration Manager initialized successfully.
2026-06-01 19:46:31,005 [INFO] src.trading_sdk.sdk: TradingSDK Facade constructed.
2026-06-01 19:46:31,005 [INFO] src.trading_sdk.sdk: Initiating pipeline for AAPL
2026-06-01 19:46:31,005 [INFO] src.trading_sdk.data.client: Downloading AAPL from Yahoo Finance...
2026-06-01 19:46:31,506 [DEBUG] yfinance: Entering download()
2026-06-01 19:46:31,506 [DEBUG] yfinance: Disabling multithreading because DEBUG logging enabled
2026-06-01 19:46:31,507 [DEBUG] yfinance:  Entering history()
2026-06-01 19:46:31,518 [DEBUG] peewee: ('CREATE TABLE IF NOT EXISTS "_tz_kv" ("key" VARCHAR(255) NOT NULL PRIMARY KEY, "value" VARCHAR(255)) WITHOUT ROWID', [])
2026-06-01 19:46:31,527 [DEBUG] peewee: ('SELECT "t1"."key", "t1"."value" FROM "_tz_kv" AS "t1" WHERE ("t1"."key" = ?) LIMIT ? OFFSET ?', ['AAPL', 1, 0])
2026-06-01 19:46:31,528 [DEBUG] yfinance:   Entering _fetch_ticker_tz()
2026-06-01 19:46:31,528 [DEBUG] yfinance:    Entering get()
2026-06-01 19:46:31,528 [DEBUG] yfinance:     Entering _make_request()
2026-06-01 19:46:31,528 [DEBUG] yfinance: url=https://query2.finance.yahoo.com/v8/finance/chart/AAPL
2026-06-01 19:46:31,528 [DEBUG] yfinance: params={'range': '1d', 'interval': '1d'}
2026-06-01 19:46:31,529 [DEBUG] yfinance:      Entering _get_cookie_and_crumb()
2026-06-01 19:46:31,529 [DEBUG] yfinance: cookie_mode = 'basic'
2026-06-01 19:46:31,529 [DEBUG] yfinance:       Entering _get_cookie_and_crumb_basic()
2026-06-01 19:46:31,529 [DEBUG] yfinance:        Entering _get_cookie_basic()
2026-06-01 19:46:31,529 [DEBUG] yfinance:         Entering _load_cookie_curlCffi()
2026-06-01 19:46:31,544 [DEBUG] peewee: ('CREATE TABLE IF NOT EXISTS "_cookieschema" ("strategy" VARCHAR(255) NOT NULL PRIMARY KEY, "fetch_date" DATETIME NOT NULL, "cookie_bytes" BLOB NOT NULL) WITHOUT ROWID', [])
2026-06-01 19:46:31,552 [DEBUG] peewee: ('SELECT "t1"."strategy", "t1"."fetch_date", "t1"."cookie_bytes" FROM "_cookieschema" AS "t1" WHERE ("t1"."strategy" = ?) LIMIT ? OFFSET ?', ['curlCffi', 1, 0])
2026-06-01 19:46:31,553 [DEBUG] yfinance:         Exiting _load_cookie_curlCffi()
2026-06-01 19:46:31,953 [DEBUG] yfinance:         Entering _save_cookie_curlCffi()
2026-06-01 19:46:31,954 [DEBUG] peewee: ('DELETE FROM "_cookieschema" WHERE ("_cookieschema"."strategy" = ?)', ['curlCffi'])
2026-06-01 19:46:31,954 [DEBUG] peewee: ('BEGIN', None)
2026-06-01 19:46:31,954 [DEBUG] peewee: ('INSERT INTO "_cookieschema" ("strategy", "fetch_date", "cookie_bytes") VALUES (?, ?, ?)', ['curlCffi', '2026-06-01T19:46:31.954726', <memory at 0x00000294E5852EC0>])
2026-06-01 19:46:31,955 [DEBUG] peewee: ('COMMIT', None)
2026-06-01 19:46:31,959 [DEBUG] yfinance:         Exiting _save_cookie_curlCffi()
2026-06-01 19:46:31,959 [DEBUG] yfinance:        Exiting _get_cookie_basic()
2026-06-01 19:46:31,959 [DEBUG] yfinance:        Entering _get_crumb_basic()
2026-06-01 19:46:31,959 [DEBUG] yfinance:         Entering _get_cookie_basic()
2026-06-01 19:46:31,959 [DEBUG] yfinance:          Entering _load_cookie_curlCffi()
2026-06-01 19:46:31,960 [DEBUG] peewee: ('SELECT "t1"."strategy", "t1"."fetch_date", "t1"."cookie_bytes" FROM "_cookieschema" AS "t1" WHERE ("t1"."strategy" = ?) LIMIT ? OFFSET ?', ['curlCffi', 1, 0])
2026-06-01 19:46:31,960 [DEBUG] yfinance:          Exiting _load_cookie_curlCffi()
2026-06-01 19:46:31,960 [DEBUG] yfinance: reusing persistent cookie
2026-06-01 19:46:31,960 [DEBUG] yfinance:         Exiting _get_cookie_basic()
2026-06-01 19:46:32,549 [DEBUG] yfinance: crumb = 'eAszMTvtijA'
2026-06-01 19:46:32,550 [DEBUG] yfinance:        Exiting _get_crumb_basic()
2026-06-01 19:46:32,550 [DEBUG] yfinance:       Exiting _get_cookie_and_crumb_basic()
2026-06-01 19:46:32,550 [DEBUG] yfinance:      Exiting _get_cookie_and_crumb()
2026-06-01 19:46:33,023 [DEBUG] yfinance: response code=200
2026-06-01 19:46:33,023 [DEBUG] yfinance:     Exiting _make_request()
2026-06-01 19:46:33,024 [DEBUG] yfinance:    Exiting get()
2026-06-01 19:46:33,024 [DEBUG] yfinance:   Exiting _fetch_ticker_tz()
2026-06-01 19:46:33,075 [DEBUG] peewee: ('BEGIN', None)
2026-06-01 19:46:33,076 [DEBUG] peewee: ('INSERT INTO "_tz_kv" ("key", "value") VALUES (?, ?)', ['AAPL', 'America/New_York'])
2026-06-01 19:46:33,076 [DEBUG] peewee: ('COMMIT', None)
2026-06-01 19:46:33,077 [DEBUG] yfinance:   Entering history()
2026-06-01 19:46:33,087 [DEBUG] yfinance: AAPL: Yahoo GET parameters: {'period1': '2018-01-01 00:00:00-05:00', 'period2': '2024-01-01 00:00:00-05:00', 'interval': '1d', 'includePrePost': False, 'events': 'div,splits,capitalGains'}
2026-06-01 19:46:33,088 [DEBUG] yfinance:    Entering get()
2026-06-01 19:46:33,088 [DEBUG] yfinance:     Entering _make_request()
2026-06-01 19:46:33,088 [DEBUG] yfinance: url=https://query2.finance.yahoo.com/v8/finance/chart/AAPL
2026-06-01 19:46:33,088 [DEBUG] yfinance: params={'period1': 1514782800, 'period2': 1704085200, 'interval': '1d', 'includePrePost': False, 'events': 'div,splits,capitalGains'}
2026-06-01 19:46:33,088 [DEBUG] yfinance:      Entering _get_cookie_and_crumb()
2026-06-01 19:46:33,088 [DEBUG] yfinance: cookie_mode = 'basic'
2026-06-01 19:46:33,088 [DEBUG] yfinance:       Entering _get_cookie_and_crumb_basic()
2026-06-01 19:46:33,088 [DEBUG] yfinance:        Entering _get_cookie_basic()
2026-06-01 19:46:33,088 [DEBUG] yfinance: reusing cookie
2026-06-01 19:46:33,088 [DEBUG] yfinance:        Exiting _get_cookie_basic()
2026-06-01 19:46:33,088 [DEBUG] yfinance:        Entering _get_crumb_basic()
2026-06-01 19:46:33,088 [DEBUG] yfinance: reusing crumb
2026-06-01 19:46:33,088 [DEBUG] yfinance:        Exiting _get_crumb_basic()
2026-06-01 19:46:33,088 [DEBUG] yfinance:       Exiting _get_cookie_and_crumb_basic()
2026-06-01 19:46:33,088 [DEBUG] yfinance:      Exiting _get_cookie_and_crumb()
2026-06-01 19:46:33,488 [DEBUG] yfinance: response code=200
2026-06-01 19:46:33,489 [DEBUG] yfinance:     Exiting _make_request()
2026-06-01 19:46:33,489 [DEBUG] yfinance:    Exiting get()
2026-06-01 19:46:33,510 [DEBUG] yfinance: AAPL: yfinance received OHLC data: 2018-01-02 14:30:00 -> 2023-12-29 14:30:00
2026-06-01 19:46:33,514 [DEBUG] yfinance: AAPL: OHLC after cleaning: 2018-01-02 09:30:00-05:00 -> 2023-12-29 09:30:00-05:00
2026-06-01 19:46:33,540 [DEBUG] yfinance: AAPL: OHLC after combining events: 2018-01-02 00:00:00-05:00 -> 2023-12-29 00:00:00-05:00
2026-06-01 19:46:33,546 [DEBUG] yfinance: AAPL: yfinance returning OHLC: 2018-01-02 00:00:00-05:00 -> 2023-12-29 00:00:00-05:00
2026-06-01 19:46:33,546 [DEBUG] yfinance:   Exiting history()
2026-06-01 19:46:33,547 [DEBUG] yfinance:  Exiting history()
2026-06-01 19:46:33,550 [DEBUG] yfinance: Exiting download()
2026-06-01 19:46:33,575 [INFO] src.trading_sdk.data.client: Saved AAPL data to C:\Users\danie\Documents\VIBE_CODING\EX2\data\raw\AAPL_2018-01-01_2024-01-01_1d.parquet
2026-06-01 19:46:33,588 [INFO] src.trading_sdk.services.training: Commencing Training routine using Device = cpu
2026-06-01 19:46:34,800 [INFO] src.trading_sdk.services.training: Epoch 0 | Extracted Reward: -1.03
2026-06-01 19:46:34,994 [INFO] src.trading_sdk.services.training: Epoch 1 | Extracted Reward: -1.00
2026-06-01 19:46:35,216 [INFO] src.trading_sdk.services.training: Epoch 2 | Extracted Reward: -0.99
2026-06-01 19:46:35,443 [INFO] src.trading_sdk.services.training: Epoch 3 | Extracted Reward: -0.96
2026-06-01 19:46:35,678 [INFO] src.trading_sdk.services.training: Epoch 4 | Extracted Reward: -0.97
2026-06-01 19:46:35,936 [INFO] src.trading_sdk.services.training: Epoch 5 | Extracted Reward: -1.01
2026-06-01 19:46:36,199 [INFO] src.trading_sdk.services.training: Epoch 6 | Extracted Reward: -1.07
2026-06-01 19:46:36,473 [INFO] src.trading_sdk.services.training: Epoch 7 | Extracted Reward: -0.98
2026-06-01 19:46:36,756 [INFO] src.trading_sdk.services.training: Epoch 8 | Extracted Reward: -1.00
2026-06-01 19:46:37,041 [INFO] src.trading_sdk.services.training: Epoch 9 | Extracted Reward: -0.98
2026-06-01 19:46:37,042 [INFO] src.trading_sdk.sdk: Training pipeline completed via SDK Facade.
2026-06-01 19:56:27,144 [INFO] src.trading_sdk.shared.config: Configuration Manager initialized successfully.
2026-06-01 19:56:27,149 [INFO] src.trading_sdk.sdk: TradingSDK Facade constructed.
2026-06-01 19:56:27,169 [INFO] src.trading_sdk.shared.config: Configuration Manager initialized successfully.
2026-06-01 19:56:27,240 [INFO] src.trading_sdk.data.client: Downloading AAPL from Yahoo Finance...
2026-06-01 19:56:27,856 [INFO] src.trading_sdk.data.client: Saved AAPL data to C:\Users\danie\AppData\Local\Temp\pytest-of-danie\pytest-3\test_data_client_download0\AAPL_2020-01-01_2020-01-10_1d.parquet
2026-06-01 19:56:27,857 [INFO] src.trading_sdk.data.client: Loading AAPL from local cache: C:\Users\danie\AppData\Local\Temp\pytest-of-danie\pytest-3\test_data_client_download0\AAPL_2020-01-01_2020-01-10_1d.parquet
2026-06-01 19:56:28,054 [INFO] src.trading_sdk.shared.config: Configuration Manager initialized successfully.
2026-06-01 19:56:28,066 [INFO] src.trading_sdk.data.client: Downloading AAPL from Yahoo Finance...
2026-06-01 19:56:28,567 [WARNING] src.trading_sdk.data.client: No data returned for ticker AAPL.
2026-06-01 19:56:28,585 [INFO] src.trading_sdk.shared.config: Configuration Manager initialized successfully.
2026-06-01 19:56:28,602 [INFO] src.trading_sdk.data.client: Downloading AAPL from Yahoo Finance...
2026-06-01 19:56:29,104 [ERROR] src.trading_sdk.data.client: Failed to fetch data for AAPL: API Error
2026-06-01 19:56:29,120 [INFO] src.trading_sdk.shared.config: Configuration Manager initialized successfully.
2026-06-01 19:56:29,628 [INFO] src.trading_sdk.shared.config: Configuration Manager initialized successfully.
2026-06-01 19:56:29,638 [INFO] src.trading_sdk.services.backtest: Running backtest metrics: Sharpe, Max Drawdown, Equity Curve (Placeholder)
2026-06-01 19:56:29,652 [INFO] src.trading_sdk.shared.config: Configuration Manager initialized successfully.
2026-06-01 19:56:29,656 [INFO] src.trading_sdk.services.inference: Executing inference pass (Placeholder)
2026-06-01 19:56:29,675 [INFO] src.trading_sdk.shared.config: Configuration Manager initialized successfully.
2026-06-01 19:56:29,769 [INFO] src.trading_sdk.services.training: Commencing Training routine using Device = cpu
2026-06-01 19:58:44,571 [INFO] src.trading_sdk.shared.config: Configuration Manager initialized successfully.
2026-06-01 19:58:44,575 [INFO] src.trading_sdk.sdk: TradingSDK Facade constructed.
2026-06-01 19:58:44,589 [INFO] src.trading_sdk.shared.config: Configuration Manager initialized successfully.
2026-06-01 19:58:44,645 [INFO] src.trading_sdk.data.client: Downloading AAPL from Yahoo Finance...
2026-06-01 19:58:45,218 [INFO] src.trading_sdk.data.client: Saved AAPL data to C:\Users\danie\AppData\Local\Temp\pytest-of-danie\pytest-4\test_data_client_download0\AAPL_2020-01-01_2020-01-10_1d.parquet
2026-06-01 19:58:45,219 [INFO] src.trading_sdk.data.client: Loading AAPL from local cache: C:\Users\danie\AppData\Local\Temp\pytest-of-danie\pytest-4\test_data_client_download0\AAPL_2020-01-01_2020-01-10_1d.parquet
2026-06-01 19:58:45,341 [INFO] src.trading_sdk.shared.config: Configuration Manager initialized successfully.
2026-06-01 19:58:45,349 [INFO] src.trading_sdk.data.client: Downloading AAPL from Yahoo Finance...
2026-06-01 19:58:45,851 [WARNING] src.trading_sdk.data.client: No data returned for ticker AAPL.
2026-06-01 19:58:45,871 [INFO] src.trading_sdk.shared.config: Configuration Manager initialized successfully.
2026-06-01 19:58:45,889 [INFO] src.trading_sdk.data.client: Downloading AAPL from Yahoo Finance...
2026-06-01 19:58:46,391 [ERROR] src.trading_sdk.data.client: Failed to fetch data for AAPL: API Error
2026-06-01 19:58:46,410 [INFO] src.trading_sdk.shared.config: Configuration Manager initialized successfully.
2026-06-01 19:58:46,790 [INFO] src.trading_sdk.shared.config: Configuration Manager initialized successfully.
2026-06-01 19:58:46,798 [INFO] src.trading_sdk.services.backtest: Running backtest metrics: Sharpe, Max Drawdown, Equity Curve (Placeholder)
2026-06-01 19:58:46,807 [INFO] src.trading_sdk.shared.config: Configuration Manager initialized successfully.
2026-06-01 19:58:46,810 [INFO] src.trading_sdk.services.inference: Executing inference pass (Placeholder)
2026-06-01 19:58:46,823 [INFO] src.trading_sdk.shared.config: Configuration Manager initialized successfully.
2026-06-01 19:58:46,894 [INFO] src.trading_sdk.services.training: Commencing Training routine using Device = cpu
2026-06-01 19:58:54,199 [INFO] src.trading_sdk.services.training: Epoch 0 | Extracted Reward: -367.20
2026-06-01 19:58:54,234 [INFO] src.trading_sdk.services.training: Epoch 1 | Extracted Reward: -451.20
2026-06-01 19:58:54,271 [INFO] src.trading_sdk.services.training: Epoch 2 | Extracted Reward: -446.20
2026-06-01 19:58:54,301 [INFO] src.trading_sdk.services.training: Epoch 3 | Extracted Reward: -540.40
2026-06-01 19:58:54,316 [INFO] src.trading_sdk.services.training: Epoch 4 | Extracted Reward: -456.00
2026-06-01 19:58:54,339 [INFO] src.trading_sdk.services.training: Epoch 5 | Extracted Reward: -530.20
2026-06-01 19:58:54,366 [INFO] src.trading_sdk.services.training: Epoch 6 | Extracted Reward: -471.20
2026-06-01 19:58:54,394 [INFO] src.trading_sdk.services.training: Epoch 7 | Extracted Reward: -466.00
2026-06-01 19:58:54,426 [INFO] src.trading_sdk.services.training: Epoch 8 | Extracted Reward: -476.00
2026-06-01 19:58:54,463 [INFO] src.trading_sdk.services.training: Epoch 9 | Extracted Reward: -327.40
2026-06-01 19:59:22,924 [INFO] src.trading_sdk.shared.config: Configuration Manager initialized successfully.
2026-06-01 19:59:22,932 [INFO] src.trading_sdk.sdk: TradingSDK Facade constructed.
2026-06-01 19:59:22,971 [INFO] src.trading_sdk.shared.config: Configuration Manager initialized successfully.
2026-06-01 19:59:23,043 [INFO] src.trading_sdk.data.client: Downloading AAPL from Yahoo Finance...
2026-06-01 19:59:23,607 [INFO] src.trading_sdk.data.client: Saved AAPL data to C:\Users\danie\AppData\Local\Temp\pytest-of-danie\pytest-5\test_data_client_download0\AAPL_2020-01-01_2020-01-10_1d.parquet
2026-06-01 19:59:23,607 [INFO] src.trading_sdk.data.client: Loading AAPL from local cache: C:\Users\danie\AppData\Local\Temp\pytest-of-danie\pytest-5\test_data_client_download0\AAPL_2020-01-01_2020-01-10_1d.parquet
2026-06-01 19:59:23,682 [INFO] src.trading_sdk.shared.config: Configuration Manager initialized successfully.
2026-06-01 19:59:23,698 [INFO] src.trading_sdk.data.client: Downloading AAPL from Yahoo Finance...
2026-06-01 19:59:24,201 [WARNING] src.trading_sdk.data.client: No data returned for ticker AAPL.
2026-06-01 19:59:24,220 [INFO] src.trading_sdk.shared.config: Configuration Manager initialized successfully.
2026-06-01 19:59:24,236 [INFO] src.trading_sdk.data.client: Downloading AAPL from Yahoo Finance...
2026-06-01 19:59:24,737 [ERROR] src.trading_sdk.data.client: Failed to fetch data for AAPL: API Error
2026-06-01 19:59:24,749 [INFO] src.trading_sdk.shared.config: Configuration Manager initialized successfully.
2026-06-01 19:59:25,075 [INFO] src.trading_sdk.shared.config: Configuration Manager initialized successfully.
2026-06-01 19:59:25,085 [INFO] src.trading_sdk.services.backtest: Running backtest metrics: Sharpe, Max Drawdown, Equity Curve (Placeholder)
2026-06-01 19:59:25,097 [INFO] src.trading_sdk.shared.config: Configuration Manager initialized successfully.
2026-06-01 19:59:25,100 [INFO] src.trading_sdk.services.inference: Executing inference pass (Placeholder)
2026-06-01 19:59:25,113 [INFO] src.trading_sdk.shared.config: Configuration Manager initialized successfully.
2026-06-01 19:59:25,196 [INFO] src.trading_sdk.services.training: Commencing Training routine using Device = cpu
2026-06-01 19:59:32,376 [INFO] src.trading_sdk.services.training: Epoch 0 | Extracted Reward: -352.60
2026-06-01 19:59:32,402 [INFO] src.trading_sdk.services.training: Epoch 1 | Extracted Reward: -342.40
2026-06-01 19:59:32,440 [INFO] src.trading_sdk.services.training: Epoch 2 | Extracted Reward: -357.00
2026-06-01 19:59:32,474 [INFO] src.trading_sdk.services.training: Epoch 3 | Extracted Reward: -367.40
2026-06-01 19:59:32,503 [INFO] src.trading_sdk.services.training: Epoch 4 | Extracted Reward: -372.00
2026-06-01 19:59:32,526 [INFO] src.trading_sdk.services.training: Epoch 5 | Extracted Reward: -386.80
2026-06-01 19:59:32,541 [INFO] src.trading_sdk.services.training: Epoch 6 | Extracted Reward: -416.80
2026-06-01 19:59:32,574 [INFO] src.trading_sdk.services.training: Epoch 7 | Extracted Reward: -387.20
2026-06-01 19:59:32,605 [INFO] src.trading_sdk.services.training: Epoch 8 | Extracted Reward: -416.60
2026-06-01 19:59:32,626 [INFO] src.trading_sdk.services.training: Epoch 9 | Extracted Reward: -342.40
2026-06-02 16:26:08,716 [INFO] trading_sdk.shared.config: Configuration Manager initialized successfully.
2026-06-02 16:26:09,217 [DEBUG] yfinance: Entering download()
2026-06-02 16:26:09,218 [DEBUG] yfinance: Disabling multithreading because DEBUG logging enabled
2026-06-02 16:26:09,219 [DEBUG] yfinance:  Entering history()
2026-06-02 16:26:09,229 [DEBUG] peewee: ('CREATE TABLE IF NOT EXISTS "_tz_kv" ("key" VARCHAR(255) NOT NULL PRIMARY KEY, "value" VARCHAR(255)) WITHOUT ROWID', [])
2026-06-02 16:26:09,230 [DEBUG] peewee: ('SELECT "t1"."key", "t1"."value" FROM "_tz_kv" AS "t1" WHERE ("t1"."key" = ?) LIMIT ? OFFSET ?', ['AAPL', 1, 0])
2026-06-02 16:26:09,298 [DEBUG] yfinance:   Entering history()
2026-06-02 16:26:09,310 [DEBUG] yfinance: AAPL: Yahoo GET parameters: {'period1': '2020-01-01 00:00:00-05:00', 'period2': '2024-01-01 00:00:00-05:00', 'interval': '1d', 'includePrePost': False, 'events': 'div,splits,capitalGains'}
2026-06-02 16:26:09,311 [DEBUG] yfinance:    Entering get()
2026-06-02 16:26:09,311 [DEBUG] yfinance:     Entering _make_request()
2026-06-02 16:26:09,311 [DEBUG] yfinance: url=https://query2.finance.yahoo.com/v8/finance/chart/AAPL
2026-06-02 16:26:09,311 [DEBUG] yfinance: params={'period1': 1577854800, 'period2': 1704085200, 'interval': '1d', 'includePrePost': False, 'events': 'div,splits,capitalGains'}
2026-06-02 16:26:09,312 [DEBUG] yfinance:      Entering _get_cookie_and_crumb()
2026-06-02 16:26:09,312 [DEBUG] yfinance: cookie_mode = 'basic'
2026-06-02 16:26:09,312 [DEBUG] yfinance:       Entering _get_cookie_and_crumb_basic()
2026-06-02 16:26:09,312 [DEBUG] yfinance:        Entering _get_cookie_basic()
2026-06-02 16:26:09,312 [DEBUG] yfinance:         Entering _load_cookie_curlCffi()
2026-06-02 16:26:09,317 [DEBUG] peewee: ('CREATE TABLE IF NOT EXISTS "_cookieschema" ("strategy" VARCHAR(255) NOT NULL PRIMARY KEY, "fetch_date" DATETIME NOT NULL, "cookie_bytes" BLOB NOT NULL) WITHOUT ROWID', [])
2026-06-02 16:26:09,318 [DEBUG] peewee: ('SELECT "t1"."strategy", "t1"."fetch_date", "t1"."cookie_bytes" FROM "_cookieschema" AS "t1" WHERE ("t1"."strategy" = ?) LIMIT ? OFFSET ?', ['curlCffi', 1, 0])
2026-06-02 16:26:09,318 [DEBUG] yfinance:         Exiting _load_cookie_curlCffi()
2026-06-02 16:26:09,319 [DEBUG] yfinance: reusing persistent cookie
2026-06-02 16:26:09,319 [DEBUG] yfinance:        Exiting _get_cookie_basic()
2026-06-02 16:26:09,319 [DEBUG] yfinance:        Entering _get_crumb_basic()
2026-06-02 16:26:09,319 [DEBUG] yfinance:         Entering _get_cookie_basic()
2026-06-02 16:26:09,319 [DEBUG] yfinance: reusing cookie
2026-06-02 16:26:09,319 [DEBUG] yfinance:         Exiting _get_cookie_basic()
2026-06-02 16:26:09,751 [DEBUG] yfinance: crumb = 'eAszMTvtijA'
2026-06-02 16:26:09,752 [DEBUG] yfinance:        Exiting _get_crumb_basic()
2026-06-02 16:26:09,752 [DEBUG] yfinance:       Exiting _get_cookie_and_crumb_basic()
2026-06-02 16:26:09,752 [DEBUG] yfinance:      Exiting _get_cookie_and_crumb()
2026-06-02 16:26:10,259 [DEBUG] yfinance: response code=200
2026-06-02 16:26:10,259 [DEBUG] yfinance:     Exiting _make_request()
2026-06-02 16:26:10,259 [DEBUG] yfinance:    Exiting get()
2026-06-02 16:26:10,278 [DEBUG] yfinance: AAPL: yfinance received OHLC data: 2020-01-02 14:30:00 -> 2023-12-29 14:30:00
2026-06-02 16:26:10,282 [DEBUG] yfinance: AAPL: OHLC after cleaning: 2020-01-02 09:30:00-05:00 -> 2023-12-29 09:30:00-05:00
2026-06-02 16:26:10,316 [DEBUG] yfinance: AAPL: OHLC after combining events: 2020-01-02 00:00:00-05:00 -> 2023-12-29 00:00:00-05:00
2026-06-02 16:26:10,321 [DEBUG] yfinance: AAPL: yfinance returning OHLC: 2020-01-02 00:00:00-05:00 -> 2023-12-29 00:00:00-05:00
2026-06-02 16:26:10,321 [DEBUG] yfinance:   Exiting history()
2026-06-02 16:26:10,321 [DEBUG] yfinance:  Exiting history()
2026-06-02 16:26:10,334 [DEBUG] yfinance: Exiting download()
2026-06-02 16:26:10,388 [INFO] trading_sdk.data.client: Cached 1006 rows at C:\Users\danie\Documents\VIBE_CODING\EX2\data\raw\AAPL_2020-01-01_2024-01-01_1d.parquet
2026-06-02 16:27:48,351 [INFO] trading_sdk.services.training: Training complete. episodes=8 epsilon=0.9746
2026-06-02 16:27:49,904 [DEBUG] matplotlib.pyplot: Loaded backend tkagg version 8.6.
2026-06-02 16:27:50,208 [DEBUG] PIL.PngImagePlugin: STREAM b'IHDR' 16 13
2026-06-02 16:27:50,208 [DEBUG] PIL.PngImagePlugin: STREAM b'sBIT' 41 4
2026-06-02 16:27:50,208 [DEBUG] PIL.PngImagePlugin: b'sBIT' 41 4 (unknown)
2026-06-02 16:27:50,208 [DEBUG] PIL.PngImagePlugin: STREAM b'pHYs' 57 9
2026-06-02 16:27:50,208 [DEBUG] PIL.PngImagePlugin: STREAM b'IDAT' 78 1189
2026-06-02 16:27:50,258 [DEBUG] PIL.PngImagePlugin: STREAM b'IHDR' 16 13
2026-06-02 16:27:50,259 [DEBUG] PIL.PngImagePlugin: STREAM b'sBIT' 41 4
2026-06-02 16:27:50,259 [DEBUG] PIL.PngImagePlugin: b'sBIT' 41 4 (unknown)
2026-06-02 16:27:50,259 [DEBUG] PIL.PngImagePlugin: STREAM b'pHYs' 57 9
2026-06-02 16:27:50,259 [DEBUG] PIL.PngImagePlugin: STREAM b'IDAT' 78 2994
2026-06-02 16:27:50,295 [DEBUG] PIL.PngImagePlugin: STREAM b'IHDR' 16 13
2026-06-02 16:27:50,295 [DEBUG] PIL.PngImagePlugin: STREAM b'sBIT' 41 4
2026-06-02 16:27:50,295 [DEBUG] PIL.PngImagePlugin: b'sBIT' 41 4 (unknown)
2026-06-02 16:27:50,296 [DEBUG] PIL.PngImagePlugin: STREAM b'pHYs' 57 9
2026-06-02 16:27:50,296 [DEBUG] PIL.PngImagePlugin: STREAM b'IDAT' 78 696
2026-06-02 16:27:50,302 [DEBUG] PIL.PngImagePlugin: STREAM b'IHDR' 16 13
2026-06-02 16:27:50,303 [DEBUG] PIL.PngImagePlugin: STREAM b'sBIT' 41 4
2026-06-02 16:27:50,303 [DEBUG] PIL.PngImagePlugin: b'sBIT' 41 4 (unknown)
2026-06-02 16:27:50,303 [DEBUG] PIL.PngImagePlugin: STREAM b'pHYs' 57 9
2026-06-02 16:27:50,303 [DEBUG] PIL.PngImagePlugin: STREAM b'IDAT' 78 526
2026-06-02 16:27:50,307 [DEBUG] PIL.PngImagePlugin: STREAM b'IHDR' 16 13
2026-06-02 16:27:50,307 [DEBUG] PIL.PngImagePlugin: STREAM b'sBIT' 41 4
2026-06-02 16:27:50,307 [DEBUG] PIL.PngImagePlugin: b'sBIT' 41 4 (unknown)
2026-06-02 16:27:50,307 [DEBUG] PIL.PngImagePlugin: STREAM b'pHYs' 57 9
2026-06-02 16:27:50,307 [DEBUG] PIL.PngImagePlugin: STREAM b'IDAT' 78 499
2026-06-02 16:27:50,311 [DEBUG] PIL.PngImagePlugin: STREAM b'IHDR' 16 13
2026-06-02 16:27:50,311 [DEBUG] PIL.PngImagePlugin: STREAM b'sBIT' 41 4
2026-06-02 16:27:50,311 [DEBUG] PIL.PngImagePlugin: b'sBIT' 41 4 (unknown)
2026-06-02 16:27:50,311 [DEBUG] PIL.PngImagePlugin: STREAM b'pHYs' 57 9
2026-06-02 16:27:50,311 [DEBUG] PIL.PngImagePlugin: STREAM b'IDAT' 78 673
2026-06-02 16:27:50,315 [DEBUG] PIL.PngImagePlugin: STREAM b'IHDR' 16 13
2026-06-02 16:27:50,316 [DEBUG] PIL.PngImagePlugin: STREAM b'sBIT' 41 4
2026-06-02 16:27:50,316 [DEBUG] PIL.PngImagePlugin: b'sBIT' 41 4 (unknown)
2026-06-02 16:27:50,316 [DEBUG] PIL.PngImagePlugin: STREAM b'pHYs' 57 9
2026-06-02 16:27:50,316 [DEBUG] PIL.PngImagePlugin: STREAM b'IDAT' 78 922
2026-06-02 16:27:50,319 [DEBUG] PIL.PngImagePlugin: STREAM b'IHDR' 16 13
2026-06-02 16:27:50,320 [DEBUG] PIL.PngImagePlugin: STREAM b'sBIT' 41 4
2026-06-02 16:27:50,320 [DEBUG] PIL.PngImagePlugin: b'sBIT' 41 4 (unknown)
2026-06-02 16:27:50,320 [DEBUG] PIL.PngImagePlugin: STREAM b'pHYs' 57 9
2026-06-02 16:27:50,320 [DEBUG] PIL.PngImagePlugin: STREAM b'IDAT' 78 568
2026-06-02 16:27:50,322 [DEBUG] PIL.PngImagePlugin: STREAM b'IHDR' 16 13
2026-06-02 16:27:50,322 [DEBUG] PIL.PngImagePlugin: STREAM b'sBIT' 41 4
2026-06-02 16:27:50,323 [DEBUG] PIL.PngImagePlugin: b'sBIT' 41 4 (unknown)
2026-06-02 16:27:50,323 [DEBUG] PIL.PngImagePlugin: STREAM b'pHYs' 57 9
2026-06-02 16:27:50,323 [DEBUG] PIL.PngImagePlugin: STREAM b'IDAT' 78 626
2026-06-02 16:27:50,334 [DEBUG] matplotlib.font_manager: findfont: Matching sans\-serif:style=normal:variant=normal:weight=normal:stretch=normal:size=10.0.
2026-06-02 16:27:50,334 [DEBUG] matplotlib.font_manager: findfont: score(FontEntry(fname='C:\\Users\\danie\\Documents\\VIBE_CODING\\EX2\\.venv\\Lib\\site-packages\\matplotlib\\mpl-data\\fonts\\ttf\\DejaVuSans.ttf', name='DejaVu Sans', style='normal', variant='normal', weight=400, stretch='normal', size='scalable')) = 0.05
2026-06-02 16:27:50,334 [DEBUG] matplotlib.font_manager: findfont: score(FontEntry(fname='C:\\Users\\danie\\Documents\\VIBE_CODING\\EX2\\.venv\\Lib\\site-packages\\matplotlib\\mpl-data\\fonts\\ttf\\DejaVuSerif.ttf', name='DejaVu Serif', style='normal', variant='normal', weight=400, stretch='normal', size='scalable')) = 10.05
2026-06-02 16:27:50,334 [DEBUG] matplotlib.font_manager: findfont: score(FontEntry(fname='C:\\Users\\danie\\Documents\\VIBE_CODING\\EX2\\.venv\\Lib\\site-packages\\matplotlib\\mpl-data\\fonts\\ttf\\STIXSizOneSymReg.ttf', name='STIXSizeOneSym', style='normal', variant='normal', weight=400, stretch='normal', size='scalable')) = 10.05
2026-06-02 16:27:50,334 [DEBUG] matplotlib.font_manager: findfont: score(FontEntry(fname='C:\\Users\\danie\\Documents\\VIBE_CODING\\EX2\\.venv\\Lib\\site-packages\\matplotlib\\mpl-data\\fonts\\ttf\\DejaVuSerifDisplay.ttf', name='DejaVu Serif Display', style='normal', variant='normal', weight=400, stretch='normal', size='scalable')) = 10.05
2026-06-02 16:27:50,335 [DEBUG] matplotlib.font_manager: findfont: score(FontEntry(fname='C:\\Users\\danie\\Documents\\VIBE_CODING\\EX2\\.venv\\Lib\\site-packages\\matplotlib\\mpl-data\\fonts\\ttf\\cmmi10.ttf', name='cmmi10', style='normal', variant='normal', weight=400, stretch='normal', size='scalable')) = 10.05
2026-06-02 16:27:50,335 [DEBUG] matplotlib.font_manager: findfont: score(FontEntry(fname='C:\\Users\\danie\\Documents\\VIBE_CODING\\EX2\\.venv\\Lib\\site-packages\\matplotlib\\mpl-data\\fonts\\ttf\\DejaVuSans-Bold.ttf', name='DejaVu Sans', style='normal', variant='normal', weight=700, stretch='normal', size='scalable')) = 0.33499999999999996
2026-06-02 16:27:50,335 [DEBUG] matplotlib.font_manager: findfont: score(FontEntry(fname='C:\\Users\\danie\\Documents\\VIBE_CODING\\EX2\\.venv\\Lib\\site-packages\\matplotlib\\mpl-data\\fonts\\ttf\\DejaVuSerif-Italic.ttf', name='DejaVu Serif', style='italic', variant='normal', weight=400, stretch='normal', size='scalable')) = 11.05
2026-06-02 16:27:50,335 [DEBUG] matplotlib.font_manager: findfont: score(FontEntry(fname='C:\\Users\\danie\\Documents\\VIBE_CODING\\EX2\\.venv\\Lib\\site-packages\\matplotlib\\mpl-data\\fonts\\ttf\\STIXNonUniIta.ttf', name='STIXNonUnicode', style='italic', variant='normal', weight=400, stretch='normal', size='scalable')) = 11.05
2026-06-02 16:27:50,335 [DEBUG] matplotlib.font_manager: findfont: score(FontEntry(fname='C:\\Users\\danie\\Documents\\VIBE_CODING\\EX2\\.venv\\Lib\\site-packages\\matplotlib\\mpl-data\\fonts\\ttf\\DejaVuSans-Oblique.ttf', name='DejaVu Sans', style='oblique', variant='normal', weight=400, stretch='normal', size='scalable')) = 1.05
2026-06-02 16:27:50,335 [DEBUG] matplotlib.font_manager: findfont: score(FontEntry(fname='C:\\Users\\danie\\Documents\\VIBE_CODING\\EX2\\.venv\\Lib\\site-packages\\matplotlib\\mpl-data\\fonts\\ttf\\STIXSizOneSymBol.ttf', name='STIXSizeOneSym', style='normal', variant='normal', weight=700, stretch='normal', size='scalable')) = 10.335
2026-06-02 16:27:50,335 [DEBUG] matplotlib.font_manager: findfont: score(FontEntry(fname='C:\\Users\\danie\\Documents\\VIBE_CODING\\EX2\\.venv\\Lib\\site-packages\\matplotlib\\mpl-data\\fonts\\ttf\\cmsy10.ttf', name='cmsy10', style='normal', variant='normal', weight=400, stretch='normal', size='scalable')) = 10.05
2026-06-02 16:27:50,335 [DEBUG] matplotlib.font_manager: findfont: score(FontEntry(fname='C:\\Users\\danie\\Documents\\VIBE_CODING\\EX2\\.venv\\Lib\\site-packages\\matplotlib\\mpl-data\\fonts\\ttf\\cmss10.ttf', name='cmss10', style='normal', variant='normal', weight=400, stretch='normal', size='scalable')) = 10.05
2026-06-02 16:27:50,335 [DEBUG] matplotlib.font_manager: findfont: score(FontEntry(fname='C:\\Users\\danie\\Documents\\VIBE_CODING\\EX2\\.venv\\Lib\\site-packages\\matplotlib\\mpl-data\\fonts\\ttf\\STIXSizThreeSymBol.ttf', name='STIXSizeThreeSym', style='normal', variant='normal', weight=700, stretch='normal', size='scalable')) = 10.335
2026-06-02 16:27:50,335 [DEBUG] matplotlib.font_manager: findfont: score(FontEntry(fname='C:\\Users\\danie\\Documents\\VIBE_CODING\\EX2\\.venv\\Lib\\site-packages\\matplotlib\\mpl-data\\fonts\\ttf\\cmex10.ttf', name='cmex10', style='normal', variant='normal', weight=400, stretch='normal', size='scalable')) = 10.05
2026-06-02 16:27:50,335 [DEBUG] matplotlib.font_manager: findfont: score(FontEntry(fname='C:\\Users\\danie\\Documents\\VIBE_CODING\\EX2\\.venv\\Lib\\site-packages\\matplotlib\\mpl-data\\fonts\\ttf\\DejaVuSansMono-Oblique.ttf', name='DejaVu Sans Mono', style='oblique', variant='normal', weight=400, stretch='normal', size='scalable')) = 11.05
2026-06-02 16:27:50,335 [DEBUG] matplotlib.font_manager: findfont: score(FontEntry(fname='C:\\Users\\danie\\Documents\\VIBE_CODING\\EX2\\.venv\\Lib\\site-packages\\matplotlib\\mpl-data\\fonts\\ttf\\STIXSizFourSymReg.ttf', name='STIXSizeFourSym', style='normal', variant='normal', weight=400, stretch='normal', size='scalable')) = 10.05
2026-06-02 16:27:50,335 [DEBUG] matplotlib.font_manager: findfont: score(FontEntry(fname='C:\\Users\\danie\\Documents\\VIBE_CODING\\EX2\\.venv\\Lib\\site-packages\\matplotlib\\mpl-data\\fonts\\ttf\\DejaVuSansDisplay.ttf', name='DejaVu Sans Display', style='normal', variant='normal', weight=400, stretch='normal', size='scalable')) = 10.05
2026-06-02 16:27:50,335 [DEBUG] matplotlib.font_manager: findfont: score(FontEntry(fname='C:\\Users\\danie\\Documents\\VIBE_CODING\\EX2\\.venv\\Lib\\site-packages\\matplotlib\\mpl-data\\fonts\\ttf\\STIXGeneralBolIta.ttf', name='STIXGeneral', style='italic', variant='normal', weight=700, stretch='normal', size='scalable')) = 11.335
2026-06-02 16:27:50,335 [DEBUG] matplotlib.font_manager: findfont: score(FontEntry(fname='C:\\Users\\danie\\Documents\\VIBE_CODING\\EX2\\.venv\\Lib\\site-packages\\matplotlib\\mpl-data\\fonts\\ttf\\DejaVuSans-BoldOblique.ttf', name='DejaVu Sans', style='oblique', variant='normal', weight=700, stretch='normal', size='scalable')) = 1.335
2026-06-02 16:27:50,335 [DEBUG] matplotlib.font_manager: findfont: score(FontEntry(fname='C:\\Users\\danie\\Documents\\VIBE_CODING\\EX2\\.venv\\Lib\\site-packages\\matplotlib\\mpl-data\\fonts\\ttf\\DejaVuSerif-Bold.ttf', name='DejaVu Serif', style='normal', variant='normal', weight=700, stretch='normal', size='scalable')) = 10.335
2026-06-02 16:27:50,335 [DEBUG] matplotlib.font_manager: findfont: score(FontEntry(fname='C:\\Users\\danie\\Documents\\VIBE_CODING\\EX2\\.venv\\Lib\\site-packages\\matplotlib\\mpl-data\\fonts\\ttf\\STIXSizTwoSymReg.ttf', name='STIXSizeTwoSym', style='normal', variant='normal', weight=400, stretch='normal', size='scalable')) = 10.05
2026-06-02 16:27:50,335 [DEBUG] matplotlib.font_manager: findfont: score(FontEntry(fname='C:\\Users\\danie\\Documents\\VIBE_CODING\\EX2\\.venv\\Lib\\site-packages\\matplotlib\\mpl-data\\fonts\\ttf\\STIXSizFourSymBol.ttf', name='STIXSizeFourSym', style='normal', variant='normal', weight=700, stretch='normal', size='scalable')) = 10.335
2026-06-02 16:27:50,335 [DEBUG] matplotlib.font_manager: findfont: score(FontEntry(fname='C:\\Users\\danie\\Documents\\VIBE_CODING\\EX2\\.venv\\Lib\\site-packages\\matplotlib\\mpl-data\\fonts\\ttf\\DejaVuSerif-BoldItalic.ttf', name='DejaVu Serif', style='italic', variant='normal', weight=700, stretch='normal', size='scalable')) = 11.335
2026-06-02 16:27:50,335 [DEBUG] matplotlib.font_manager: findfont: score(FontEntry(fname='C:\\Users\\danie\\Documents\\VIBE_CODING\\EX2\\.venv\\Lib\\site-packages\\matplotlib\\mpl-data\\fonts\\ttf\\STIXSizTwoSymBol.ttf', name='STIXSizeTwoSym', style='normal', variant='normal', weight=700, stretch='normal', size='scalable')) = 10.335
2026-06-02 16:27:50,335 [DEBUG] matplotlib.font_manager: findfont: score(FontEntry(fname='C:\\Users\\danie\\Documents\\VIBE_CODING\\EX2\\.venv\\Lib\\site-packages\\matplotlib\\mpl-data\\fonts\\ttf\\STIXSizThreeSymReg.ttf', name='STIXSizeThreeSym', style='normal', variant='normal', weight=400, stretch='normal', size='scalable')) = 10.05
2026-06-02 16:27:50,336 [DEBUG] matplotlib.font_manager: findfont: score(FontEntry(fname='C:\\Users\\danie\\Documents\\VIBE_CODING\\EX2\\.venv\\Lib\\site-packages\\matplotlib\\mpl-data\\fonts\\ttf\\DejaVuSansMono-Bold.ttf', name='DejaVu Sans Mono', style='normal', variant='normal', weight=700, stretch='normal', size='scalable')) = 10.335
2026-06-02 16:27:50,336 [DEBUG] matplotlib.font_manager: findfont: score(FontEntry(fname='C:\\Users\\danie\\Documents\\VIBE_CODING\\EX2\\.venv\\Lib\\site-packages\\matplotlib\\mpl-data\\fonts\\ttf\\STIXGeneral.ttf', name='STIXGeneral', style='normal', variant='normal', weight=400, stretch='normal', size='scalable')) = 10.05
2026-06-02 16:27:50,336 [DEBUG] matplotlib.font_manager: findfont: score(FontEntry(fname='C:\\Users\\danie\\Documents\\VIBE_CODING\\EX2\\.venv\\Lib\\site-packages\\matplotlib\\mpl-data\\fonts\\ttf\\DejaVuSansMono.ttf', name='DejaVu Sans Mono', style='normal', variant='normal', weight=400, stretch='normal', size='scalable')) = 10.05
2026-06-02 16:27:50,336 [DEBUG] matplotlib.font_manager: findfont: score(FontEntry(fname='C:\\Users\\danie\\Documents\\VIBE_CODING\\EX2\\.venv\\Lib\\site-packages\\matplotlib\\mpl-data\\fonts\\ttf\\STIXNonUni.ttf', name='STIXNonUnicode', style='normal', variant='normal', weight=400, stretch='normal', size='scalable')) = 10.05
2026-06-02 16:27:50,336 [DEBUG] matplotlib.font_manager: findfont: score(FontEntry(fname='C:\\Users\\danie\\Documents\\VIBE_CODING\\EX2\\.venv\\Lib\\site-packages\\matplotlib\\mpl-data\\fonts\\ttf\\STIXNonUniBol.ttf', name='STIXNonUnicode', style='normal', variant='normal', weight=700, stretch='normal', size='scalable')) = 10.335
2026-06-02 16:27:50,336 [DEBUG] matplotlib.font_manager: findfont: score(FontEntry(fname='C:\\Users\\danie\\Documents\\VIBE_CODING\\EX2\\.venv\\Lib\\site-packages\\matplotlib\\mpl-data\\fonts\\ttf\\STIXNonUniBolIta.ttf', name='STIXNonUnicode', style='italic', variant='normal', weight=700, stretch='normal', size='scalable')) = 11.335
2026-06-02 16:27:50,336 [DEBUG] matplotlib.font_manager: findfont: score(FontEntry(fname='C:\\Users\\danie\\Documents\\VIBE_CODING\\EX2\\.venv\\Lib\\site-packages\\matplotlib\\mpl-data\\fonts\\ttf\\cmb10.ttf', name='cmb10', style='normal', variant='normal', weight=400, stretch='normal', size='scalable')) = 10.05
2026-06-02 16:27:50,336 [DEBUG] matplotlib.font_manager: findfont: score(FontEntry(fname='C:\\Users\\danie\\Documents\\VIBE_CODING\\EX2\\.venv\\Lib\\site-packages\\matplotlib\\mpl-data\\fonts\\ttf\\STIXSizFiveSymReg.ttf', name='STIXSizeFiveSym', style='normal', variant='normal', weight=400, stretch='normal', size='scalable')) = 10.05
2026-06-02 16:27:50,336 [DEBUG] matplotlib.font_manager: findfont: score(FontEntry(fname='C:\\Users\\danie\\Documents\\VIBE_CODING\\EX2\\.venv\\Lib\\site-packages\\matplotlib\\mpl-data\\fonts\\ttf\\DejaVuSansMono-BoldOblique.ttf', name='DejaVu Sans Mono', style='oblique', variant='normal', weight=700, stretch='normal', size='scalable')) = 11.335
2026-06-02 16:27:50,336 [DEBUG] matplotlib.font_manager: findfont: score(FontEntry(fname='C:\\Users\\danie\\Documents\\VIBE_CODING\\EX2\\.venv\\Lib\\site-packages\\matplotlib\\mpl-data\\fonts\\ttf\\STIXGeneralItalic.ttf', name='STIXGeneral', style='italic', variant='normal', weight=400, stretch='normal', size='scalable')) = 11.05
2026-06-02 16:27:50,336 [DEBUG] matplotlib.font_manager: findfont: score(FontEntry(fname='C:\\Users\\danie\\Documents\\VIBE_CODING\\EX2\\.venv\\Lib\\site-packages\\matplotlib\\mpl-data\\fonts\\ttf\\cmr10.ttf', name='cmr10', style='normal', variant='normal', weight=400, stretch='normal', size='scalable')) = 10.05
2026-06-02 16:27:50,336 [DEBUG] matplotlib.font_manager: findfont: score(FontEntry(fname='C:\\Users\\danie\\Documents\\VIBE_CODING\\EX2\\.venv\\Lib\\site-packages\\matplotlib\\mpl-data\\fonts\\ttf\\STIXGeneralBol.ttf', name='STIXGeneral', style='normal', variant='normal', weight=700, stretch='normal', size='scalable')) = 10.335
2026-06-02 16:27:50,336 [DEBUG] matplotlib.font_manager: findfont: score(FontEntry(fname='C:\\Users\\danie\\Documents\\VIBE_CODING\\EX2\\.venv\\Lib\\site-packages\\matplotlib\\mpl-data\\fonts\\ttf\\cmtt10.ttf', name='cmtt10', style='normal', variant='normal', weight=400, stretch='normal', size='scalable')) = 10.05
2026-06-02 16:27:50,336 [DEBUG] matplotlib.font_manager: findfont: score(FontEntry(fname='C:\\Windows\\Fonts\\BAUHS93.TTF', name='Bauhaus 93', style='normal', variant='normal', weight=400, stretch='normal', size='scalable')) = 10.05
2026-06-02 16:27:50,336 [DEBUG] matplotlib.font_manager: findfont: score(FontEntry(fname='C:\\Windows\\Fonts\\ITCKRIST.TTF', name='Kristen ITC', style='normal', variant='normal', weight=400, stretch='normal', size='scalable')) = 10.05
2026-06-02 16:27:50,336 [DEBUG] matplotlib.font_manager: findfont: score(FontEntry(fname='C:\\Windows\\Fonts\\himalaya.ttf', name='Microsoft Himalaya', style='normal', variant='normal', weight=400, stretch='normal', size='scalable')) = 10.05
2026-06-02 16:27:50,336 [DEBUG] matplotlib.font_manager: findfont: score(FontEntry(fname='C:\\Windows\\Fonts\\ROCKEB.TTF', name='Rockwell Extra Bold', style='normal', variant='normal', weight=800, stretch='normal', size='scalable')) = 10.43
2026-06-02 16:27:50,336 [DEBUG] matplotlib.font_manager: findfont: score(FontEntry(fname='C:\\Windows\\Fonts\\FELIXTI.TTF', name='Felix Titling', style='normal', variant='normal', weight=400, stretch='normal', size='scalable')) = 10.05
2026-06-02 16:27:50,336 [DEBUG] matplotlib.font_manager: findfont: score(FontEntry(fname='C:\\Windows\\Fonts\\ELEPHNT.TTF', name='Elephant', style='normal', variant='normal', weight=400, stretch='normal', size='scalable')) = 10.05
2026-06-02 16:27:50,336 [DEBUG] matplotlib.font_manager: findfont: score(FontEntry(fname='C:\\Windows\\Fonts\\BOD_CB.TTF', name='Bodoni MT', style='normal', variant='normal', weight=700, stretch='condensed', size='scalable')) = 10.535
2026-06-02 16:27:50,336 [DEBUG] matplotlib.font_manager: findfont: score(FontEntry(fname='C:\\Windows\\Fonts\\segoeuisl.ttf', name='Segoe UI', style='normal', variant='normal', weight=350, stretch='normal', size='scalable')) = 10.0975
2026-06-02 16:27:50,336 [DEBUG] matplotlib.font_manager: findfont: score(FontEntry(fname='C:\\Windows\\Fonts\\GILLUBCD.TTF', name='Gill Sans Ultra Bold Condensed', style='normal', variant='normal', weight=400, stretch='condensed', size='scalable')) = 10.25
2026-06-02 16:27:50,336 [DEBUG] matplotlib.font_manager: findfont: score(FontEntry(fname='C:\\Windows\\Fonts\\cambriab.ttf', name='Cambria', style='normal', variant='normal', weight=700, stretch='normal', size='scalable')) = 10.335
2026-06-02 16:27:50,336 [DEBUG] matplotlib.font_manager: findfont: score(FontEntry(fname='C:\\Windows\\Fonts\\DUBAI-BOLD.TTF', name='Dubai', style='normal', variant='normal', weight=700, stretch='normal', size='scalable')) = 10.335
2026-06-02 16:27:50,337 [DEBUG] matplotlib.font_manager: findfont: score(FontEntry(fname='C:\\Windows\\Fonts\\trebuc.ttf', name='Trebuchet MS', style='normal', variant='normal', weight=400, stretch='normal', size='scalable')) = 10.05
2026-06-02 16:27:50,337 [DEBUG] matplotlib.font_manager: findfont: score(FontEntry(fname='C:\\Windows\\Fonts\\javatext.ttf', name='Javanese Text', style='normal', variant='normal', weight=400, stretch='normal', size='scalable')) = 10.05
2026-06-02 16:27:50,337 [DEBUG] matplotlib.font_manager: findfont: score(FontEntry(fname='C:\\Windows\\Fonts\\mingliub.ttc', name='MingLiU-ExtB', style='normal', variant='normal', weight=400, stretch='normal', size='scalable')) = 10.05
2026-06-02 16:27:50,337 [DEBUG] matplotlib.font_manager: findfont: score(FontEntry(fname='C:\\Windows\\Fonts\\AGENCYB.TTF', name='Agency FB', style='normal', variant='normal', weight=700, stretch='normal', size='scalable')) = 10.335
2026-06-02 16:27:50,337 [DEBUG] matplotlib.font_manager: findfont: score(FontEntry(fname='C:\\Windows\\Fonts\\timesi.ttf', name='Times New Roman', style='italic', variant='normal', weight=400, stretch='normal', size='scalable')) = 11.05
2026-06-02 16:27:50,337 [DEBUG] matplotlib.font_manager: findfont: score(FontEntry(fname='C:\\Windows\\Fonts\\BOD_CI.TTF', name='Bodoni MT', style='italic', variant='normal', weight=400, stretch='condensed', size='scalable')) = 11.25
2026-06-02 16:27:50,337 [DEBUG] matplotlib.font_manager: findfont: score(FontEntry(fname='C:\\Windows\\Fonts\\ANTQUAB.TTF', name='Book Antiqua', style='normal', variant='normal', weight=700, stretch='normal', size='scalable')) = 10.335
2026-06-02 16:27:50,337 [DEBUG] matplotlib.font_manager: findfont: score(FontEntry(fname='C:\\Windows\\Fonts\\ahronbd.ttf', name='Aharoni', style='normal', variant='normal', weight=700, stretch='normal', size='scalable')) = 10.335
2026-06-02 16:27:50,337 [DEBUG] matplotlib.font_manager: findfont: score(FontEntry(fname='C:\\Windows\\Fonts\\BRUSHSCI.TTF', name='Brush Script MT', style='italic', variant='normal', weight=400, stretch='normal', size='scalable')) = 11.05
2026-06-02 16:27:50,337 [DEBUG] matplotlib.font_manager: findfont: score(FontEntry(fname='C:\\Windows\\Fonts\\ROCCB___.TTF', name='Rockwell Condensed', style='normal', variant='normal', weight=700, stretch='condensed', size='scalable')) = 10.535
2026-06-02 16:27:50,337 [DEBUG] matplotlib.font_manager: findfont: score(FontEntry(fname='C:\\Windows\\Fonts\\FREESCPT.TTF', name='Freestyle Script', style='normal', variant='normal', weight=400, stretch='normal', size='scalable')) = 10.05
2026-06-02 16:27:50,337 [DEBUG] matplotlib.font_manager: findfont: score(FontEntry(fname='C:\\Windows\\Fonts\\palabi.ttf', name='Palatino Linotype', style='italic', variant='normal', weight=700, stretch='normal', size='scalable')) = 11.335
2026-06-02 16:27:50,337 [DEBUG] matplotlib.font_manager: findfont: score(FontEntry(fname='C:\\Windows\\Fonts\\TCMI____.TTF', name='Tw Cen MT', style='italic', variant='normal', weight=400, stretch='normal', size='scalable')) = 11.05
2026-06-02 16:27:50,337 [DEBUG] matplotlib.font_manager: findfont: score(FontEntry(fname='C:\\Windows\\Fonts\\MTEXTRA.TTF', name='MT Extra', style='normal', variant='normal', weight=400, stretch='normal', size='scalable')) = 10.05
2026-06-02 16:27:50,337 [DEBUG] matplotlib.font_manager: findfont: score(FontEntry(fname='C:\\Windows\\Fonts\\LFAX.TTF', name='Lucida Fax', style='normal', variant='normal', weight=400, stretch='normal', size='scalable')) = 10.05
2026-06-02 16:27:50,337 [DEBUG] matplotlib.font_manager: findfont: score(FontEntry(fname='C:\\Windows\\Fonts\\RAVIE.TTF', name='Ravie', style='normal', variant='normal', weight=400, stretch='normal', size='scalable')) = 10.05
2026-06-02 16:27:50,337 [DEBUG] matplotlib.font_manager: findfont: score(FontEntry(fname='C:\\Windows\\Fonts\\segoescb.ttf', name='Segoe Script', style='normal', variant='normal', weight=700, stretch='normal', size='scalable')) = 10.335
2026-06-02 16:27:50,337 [DEBUG] matplotlib.font_manager: findfont: score(FontEntry(fname='C:\\Windows\\Fonts\\GARA.TTF', name='Garamond', style='normal', variant='normal', weight=400, stretch='normal', size='scalable')) = 10.05
2026-06-02 16:27:50,337 [DEBUG] matplotlib.font_manager: findfont: score(FontEntry(fname='C:\\Windows\\Fonts\\ITCBLKAD.TTF', name='Blackadder ITC', style='normal', variant='normal', weight=400, stretch='normal', size='scalable')) = 10.05
2026-06-02 16:27:50,337 [DEBUG] matplotlib.font_manager: findfont: score(FontEntry(fname='C:\\Windows\\Fonts\\simsun.ttc', name='SimSun', style='normal', variant='normal', weight=400, stretch='normal', size='scalable')) = 10.05
2026-06-02 16:27:50,337 [DEBUG] matplotlib.font_manager: findfont: score(FontEntry(fname='C:\\Windows\\Fonts\\segmdl2.ttf', name='Segoe MDL2 Assets', style='normal', variant='normal', weight=400, stretch='normal', size='scalable')) = 10.05
2026-06-02 16:27:50,337 [DEBUG] matplotlib.font_manager: findfont: score(FontEntry(fname='C:\\Windows\\Fonts\\gishabd.ttf', name='Gisha', style='normal', variant='normal', weight=700, stretch='normal', size='scalable')) = 10.335
2026-06-02 16:27:50,337 [DEBUG] matplotlib.font_manager: findfont: score(FontEntry(fname='C:\\Windows\\Fonts\\CALIFI.TTF', name='Californian FB', style='italic', variant='normal', weight=400, stretch='normal', size='scalable')) = 11.05
2026-06-02 16:27:50,338 [DEBUG] matplotlib.font_manager: findfont: score(FontEntry(fname='C:\\Windows\\Fonts\\verdanaz.ttf', name='Verdana', style='italic', variant='normal', weight=700, stretch='normal', size='scalable')) = 4.971363636363637
2026-06-02 16:27:50,338 [DEBUG] matplotlib.font_manager: findfont: score(FontEntry(fname='C:\\Windows\\Fonts\\MSUIGHUR.TTF', name='Microsoft Uighur', style='normal', variant='normal', weight=400, stretch='normal', size='scalable')) = 10.05
2026-06-02 16:27:50,338 [DEBUG] matplotlib.font_manager: findfont: score(FontEntry(fname='C:\\Windows\\Fonts\\TCCM____.TTF', name='Tw Cen MT Condensed', style='normal', variant='normal', weight=400, stretch='condensed', size='scalable')) = 10.25
2026-06-02 16:27:50,338 [DEBUG] matplotlib.font_manager: findfont: score(FontEntry(fname='C:\\Windows\\Fonts\\segoeuib.ttf', name='Segoe UI', style='normal', variant='normal', weight=700, stretch='normal', size='scalable')) = 10.335
2026-06-02 16:27:50,338 [DEBUG] matplotlib.font_manager: findfont: score(FontEntry(fname='C:\\Windows\\Fonts\\mmrtext.ttf', name='Myanmar Text', style='normal', variant='normal', weight=400, stretch='normal', size='scalable')) = 10.05
2026-06-02 16:27:50,338 [DEBUG] matplotlib.font_manager: findfont: score(FontEntry(fname='C:\\Windows\\Fonts\\symbol.ttf', name='Symbol', style='normal', variant='normal', weight=400, stretch='normal', size='scalable')) = 10.05
2026-06-02 16:27:50,338 [DEBUG] matplotlib.font_manager: findfont: score(FontEntry(fname='C:\\Windows\\Fonts\\ntailub.ttf', name='Microsoft New Tai Lue', style='normal', variant='normal', weight=700, stretch='normal', size='scalable')) = 10.335
2026-06-02 16:27:50,338 [DEBUG] matplotlib.font_manager: findfont: score(FontEntry(fname='C:\\Windows\\Fonts\\LSANS.TTF', name='Lucida Sans', style='normal', variant='normal', weight=400, stretch='normal', size='scalable')) = 10.05
2026-06-02 16:27:50,338 [DEBUG] matplotlib.font_manager: findfont: score(FontEntry(fname='C:\\Windows\\Fonts\\LSANSI.TTF', name='Lucida Sans', style='italic', variant='normal', weight=400, stretch='normal', size='scalable')) = 11.05
2026-06-02 16:27:50,338 [DEBUG] matplotlib.font_manager: findfont: score(FontEntry(fname='C:\\Windows\\Fonts\\MAGNETOB.TTF', name='Magneto', style='normal', variant='normal', weight=700, stretch='normal', size='scalable')) = 10.335
2026-06-02 16:27:50,338 [DEBUG] matplotlib.font_manager: findfont: score(FontEntry(fname='C:\\Windows\\Fonts\\POORICH.TTF', name='Poor Richard', style='normal', variant='normal', weight=400, stretch='normal', size='scalable')) = 10.05
2026-06-02 16:27:50,338 [DEBUG] matplotlib.font_manager: findfont: score(FontEntry(fname='C:\\Windows\\Fonts\\PARCHM.TTF', name='Parchment', style='normal', variant='normal', weight=400, stretch='normal', size='scalable')) = 10.05
2026-06-02 16:27:50,338 [DEBUG] matplotlib.font_manager: findfont: score(FontEntry(fname='C:\\Windows\\Fonts\\nrkis.ttf', name='Narkisim', style='normal', variant='normal', weight=400, stretch='normal', size='scalable')) = 10.05
2026-06-02 16:27:50,338 [DEBUG] matplotlib.font_manager: findfont: score(FontEntry(fname='C:\\Windows\\Fonts\\consolab.ttf', name='Consolas', style='normal', variant='normal', weight=700, stretch='normal', size='scalable')) = 10.335
2026-06-02 16:27:50,338 [DEBUG] matplotlib.font_manager: findfont: score(FontEntry(fname='C:\\Windows\\Fonts\\BOD_I.TTF', name='Bodoni MT', style='italic', variant='normal', weight=400, stretch='normal', size='scalable')) = 11.05
2026-06-02 16:27:50,338 [DEBUG] matplotlib.font_manager: findfont: score(FontEntry(fname='C:\\Windows\\Fonts\\GOUDOSB.TTF', name='Goudy Old Style', style='normal', variant='normal', weight=700, stretch='normal', size='scalable')) = 10.335
2026-06-02 16:27:50,338 [DEBUG] matplotlib.font_manager: findfont: score(FontEntry(fname='C:\\Windows\\Fonts\\ariblk.ttf', name='Arial', style='normal', variant='normal', weight=900, stretch='normal', size='scalable')) = 6.888636363636364
2026-06-02 16:27:50,338 [DEBUG] matplotlib.font_manager: findfont: score(FontEntry(fname='C:\\Windows\\Fonts\\SimsunExtG.ttf', name='SimSun-ExtG', style='normal', variant='normal', weight=400, stretch='normal', size='scalable')) = 10.05
2026-06-02 16:27:50,338 [DEBUG] matplotlib.font_manager: findfont: score(FontEntry(fname='C:\\Windows\\Fonts\\Nirmala.ttc', name='Nirmala UI', style='normal', variant='normal', weight=400, stretch='normal', size='scalable')) = 10.05
2026-06-02 16:27:50,338 [DEBUG] matplotlib.font_manager: findfont: score(FontEntry(fname='C:\\Windows\\Fonts\\PERBI___.TTF', name='Perpetua', style='italic', variant='normal', weight=700, stretch='normal', size='scalable')) = 11.335
2026-06-02 16:27:50,338 [DEBUG] matplotlib.font_manager: findfont: score(FontEntry(fname='C:\\Windows\\Fonts\\COPRGTB.TTF', name='Copperplate Gothic Bold', style='normal', variant='normal', weight=400, stretch='normal', size='scalable')) = 10.05
2026-06-02 16:27:50,338 [DEBUG] matplotlib.font_manager: findfont: score(FontEntry(fname='C:\\Windows\\Fonts\\ITCEDSCR.TTF', name='Edwardian Script ITC', style='normal', variant='normal', weight=400, stretch='normal', size='scalable')) = 10.05
2026-06-02 16:27:50,338 [DEBUG] matplotlib.font_manager: findfont: score(FontEntry(fname='C:\\Windows\\Fonts\\FRADMCN.TTF', name='Franklin Gothic Demi Cond', style='normal', variant='normal', weight=400, stretch='condensed', size='scalable')) = 10.25
2026-06-02 16:27:50,338 [DEBUG] matplotlib.font_manager: findfont: score(FontEntry(fname='C:\\Windows\\Fonts\\BSSYM7.TTF', name='Bookshelf Symbol 7', style='normal', variant='normal', weight=400, stretch='normal', size='scalable')) = 10.05
2026-06-02 16:27:50,338 [DEBUG] matplotlib.font_manager: findfont: score(FontEntry(fname='C:\\Windows\\Fonts\\GILSANUB.TTF', name='Gill Sans Ultra Bold', style='normal', variant='normal', weight=400, stretch='normal', size='scalable')) = 10.05
2026-06-02 16:27:50,339 [DEBUG] matplotlib.font_manager: findfont: score(FontEntry(fname='C:\\Windows\\Fonts\\FRADM.TTF', name='Franklin Gothic Demi', style='normal', variant='normal', weight=400, stretch='normal', size='scalable')) = 10.05
2026-06-02 16:27:50,339 [DEBUG] matplotlib.font_manager: findfont: score(FontEntry(fname='C:\\Windows\\Fonts\\malgunsl.ttf', name='Malgun Gothic', style='normal', variant='normal', weight=300, stretch='normal', size='scalable')) = 10.145
2026-06-02 16:27:50,339 [DEBUG] matplotlib.font_manager: findfont: score(FontEntry(fname='C:\\Windows\\Fonts\\calibriz.ttf', name='Calibri', style='italic', variant='normal', weight=700, stretch='normal', size='scalable')) = 11.335
2026-06-02 16:27:50,339 [DEBUG] matplotlib.font_manager: findfont: score(FontEntry(fname='C:\\Windows\\Fonts\\corbel.ttf', name='Corbel', style='normal', variant='normal', weight=400, stretch='normal', size='scalable')) = 10.05
2026-06-02 16:27:50,339 [DEBUG] matplotlib.font_manager: findfont: score(FontEntry(fname='C:\\Windows\\Fonts\\ENGR.TTF', name='Engravers MT', style='normal', variant='normal', weight=500, stretch='normal', size='scalable')) = 10.145
2026-06-02 16:27:50,339 [DEBUG] matplotlib.font_manager: findfont: score(FontEntry(fname='C:\\Windows\\Fonts\\seguihis.ttf', name='Segoe UI Historic', style='normal', variant='normal', weight=400, stretch='normal', size='scalable')) = 10.05
2026-06-02 16:27:50,339 [DEBUG] matplotlib.font_manager: findfont: score(FontEntry(fname='C:\\Windows\\Fonts\\ERASMD.TTF', name='Eras Medium ITC', style='normal', variant='normal', weight=400, stretch='normal', size='scalable')) = 10.05
2026-06-02 16:27:50,339 [DEBUG] matplotlib.font_manager: findfont: score(FontEntry(fname='C:\\Windows\\Fonts\\comic.ttf', name='Comic Sans MS', style='normal', variant='normal', weight=400, stretch='normal', size='scalable')) = 10.05
2026-06-02 16:27:50,339 [DEBUG] matplotlib.font_manager: findfont: score(FontEntry(fname='C:\\Windows\\Fonts\\FRAHV.TTF', name='Franklin Gothic Heavy', style='normal', variant='normal', weight=400, stretch='normal', size='scalable')) = 10.05
2026-06-02 16:27:50,339 [DEBUG] matplotlib.font_manager: findfont: score(FontEntry(fname='C:\\Windows\\Fonts\\webdings.ttf', name='Webdings', style='normal', variant='normal', weight=400, stretch='normal', size='scalable')) = 10.05
2026-06-02 16:27:50,339 [DEBUG] matplotlib.font_manager: findfont: score(FontEntry(fname='C:\\Windows\\Fonts\\BOOKOS.TTF', name='Bookman Old Style', style='normal', variant='normal', weight=300, stretch='normal', size='scalable')) = 10.145
2026-06-02 16:27:50,339 [DEBUG] matplotlib.font_manager: findfont: score(FontEntry(fname='C:\\Windows\\Fonts\\consola.ttf', name='Consolas', style='normal', variant='normal', weight=400, stretch='normal', size='scalable')) = 10.05
2026-06-02 16:27:50,339 [DEBUG] matplotlib.font_manager: findfont: score(FontEntry(fname='C:\\Windows\\Fonts\\PER_____.TTF', name='Perpetua', style='normal', variant='normal', weight=400, stretch='normal', size='scalable')) = 10.05
2026-06-02 16:27:50,339 [DEBUG] matplotlib.font_manager: findfont: score(FontEntry(fname='C:\\Windows\\Fonts\\PALSCRI.TTF', name='Palace Script MT', style='normal', variant='normal', weight=400, stretch='normal', size='scalable')) = 10.05
2026-06-02 16:27:50,339 [DEBUG] matplotlib.font_manager: findfont: score(FontEntry(fname='C:\\Windows\\Fonts\\NIAGSOL.TTF', name='Niagara Solid', style='normal', variant='normal', weight=400, stretch='normal', size='scalable')) = 10.05
2026-06-02 16:27:50,339 [DEBUG] matplotlib.font_manager: findfont: score(FontEntry(fname='C:\\Windows\\Fonts\\CALIFR.TTF', name='Californian FB', style='normal', variant='normal', weight=400, stretch='normal', size='scalable')) = 10.05
2026-06-02 16:27:50,339 [DEBUG] matplotlib.font_manager: findfont: score(FontEntry(fname='C:\\Windows\\Fonts\\GARAIT.TTF', name='Garamond', style='italic', variant='normal', weight=400, stretch='normal', size='scalable')) = 11.05
2026-06-02 16:27:50,339 [DEBUG] matplotlib.font_manager: findfont: score(FontEntry(fname='C:\\Windows\\Fonts\\OUTLOOK.TTF', name='MS Outlook', style='normal', variant='normal', weight=400, stretch='normal', size='scalable')) = 10.05
2026-06-02 16:27:50,339 [DEBUG] matplotlib.font_manager: findfont: score(FontEntry(fname='C:\\Windows\\Fonts\\BOD_CR.TTF', name='Bodoni MT', style='normal', variant='normal', weight=400, stretch='condensed', size='scalable')) = 10.25
2026-06-02 16:27:50,339 [DEBUG] matplotlib.font_manager: findfont: score(FontEntry(fname='C:\\Windows\\Fonts\\ALGER.TTF', name='Algerian', style='normal', variant='normal', weight=400, stretch='normal', size='scalable')) = 10.05
2026-06-02 16:27:50,339 [DEBUG] matplotlib.font_manager: findfont: score(FontEntry(fname='C:\\Windows\\Fonts\\ROCKI.TTF', name='Rockwell', style='italic', variant='normal', weight=400, stretch='normal', size='scalable')) = 11.05
2026-06-02 16:27:50,340 [DEBUG] matplotlib.font_manager: findfont: score(FontEntry(fname='C:\\Windows\\Fonts\\couri.ttf', name='Courier New', style='italic', variant='normal', weight=400, stretch='normal', size='scalable')) = 11.05
2026-06-02 16:27:50,340 [DEBUG] matplotlib.font_manager: findfont: score(FontEntry(fname='C:\\Windows\\Fonts\\TEMPSITC.TTF', name='Tempus Sans ITC', style='normal', variant='normal', weight=400, stretch='normal', size='scalable')) = 10.05
2026-06-02 16:27:50,340 [DEBUG] matplotlib.font_manager: findfont: score(FontEntry(fname='C:\\Windows\\Fonts\\ROCC____.TTF', name='Rockwell Condensed', style='normal', variant='normal', weight=400, stretch='condensed', size='scalable')) = 10.25
2026-06-02 16:27:50,340 [DEBUG] matplotlib.font_manager: findfont: score(FontEntry(fname='C:\\Windows\\Fonts\\LFAXI.TTF', name='Lucida Fax', style='italic', variant='normal', weight=400, stretch='normal', size='scalable')) = 11.05
2026-06-02 16:27:50,340 [DEBUG] matplotlib.font_manager: findfont: score(FontEntry(fname='C:\\Windows\\Fonts\\CURLZ___.TTF', name='Curlz MT', style='normal', variant='normal', weight=400, stretch='normal', size='scalable')) = 10.05
2026-06-02 16:27:50,340 [DEBUG] matplotlib.font_manager: findfont: score(FontEntry(fname='C:\\Windows\\Fonts\\BERNHC.TTF', name='Bernard MT Condensed', style='normal', variant='normal', weight=400, stretch='condensed', size='scalable')) = 10.25
2026-06-02 16:27:50,340 [DEBUG] matplotlib.font_manager: findfont: score(FontEntry(fname='C:\\Windows\\Fonts\\GOTHICB.TTF', name='Century Gothic', style='normal', variant='normal', weight=700, stretch='normal', size='scalable')) = 10.335
2026-06-02 16:27:50,340 [DEBUG] matplotlib.font_manager: findfont: score(FontEntry(fname='C:\\Windows\\Fonts\\davidbd.ttf', name='David', style='normal', variant='normal', weight=700, stretch='normal', size='scalable')) = 10.335
2026-06-02 16:27:50,340 [DEBUG] matplotlib.font_manager: findfont: score(FontEntry(fname='C:\\Windows\\Fonts\\GIGI.TTF', name='Gigi', style='normal', variant='normal', weight=400, stretch='normal', size='scalable')) = 10.05
2026-06-02 16:27:50,340 [DEBUG] matplotlib.font_manager: findfont: score(FontEntry(fname='C:\\Windows\\Fonts\\PERTIBD.TTF', name='Perpetua Titling MT', style='normal', variant='normal', weight=700, stretch='normal', size='scalable')) = 10.335
2026-06-02 16:27:50,340 [DEBUG] matplotlib.font_manager: findfont: score(FontEntry(fname='C:\\Windows\\Fonts\\ERASLGHT.TTF', name='Eras Light ITC', style='normal', variant='normal', weight=400, stretch='normal', size='scalable')) = 10.05
2026-06-02 16:27:50,340 [DEBUG] matplotlib.font_manager: findfont: score(FontEntry(fname='C:\\Windows\\Fonts\\GILI____.TTF', name='Gill Sans MT', style='italic', variant='normal', weight=400, stretch='normal', size='scalable')) = 11.05
2026-06-02 16:27:50,340 [DEBUG] matplotlib.font_manager: findfont: score(FontEntry(fname='C:\\Windows\\Fonts\\arialbd.ttf', name='Arial', style='normal', variant='normal', weight=700, stretch='normal', size='scalable')) = 6.698636363636363
2026-06-02 16:27:50,340 [DEBUG] matplotlib.font_manager: findfont: score(FontEntry(fname='C:\\Windows\\Fonts\\CASTELAR.TTF', name='Castellar', style='normal', variant='normal', weight=400, stretch='normal', size='scalable')) = 10.05
2026-06-02 16:27:50,340 [DEBUG] matplotlib.font_manager: findfont: score(FontEntry(fname='C:\\Windows\\Fonts\\BKANT.TTF', name='Book Antiqua', style='normal', variant='normal', weight=400, stretch='normal', size='scalable')) = 10.05
2026-06-02 16:27:50,340 [DEBUG] matplotlib.font_manager: findfont: score(FontEntry(fname='C:\\Windows\\Fonts\\FORTE.TTF', name='Forte', style='normal', variant='normal', weight=400, stretch='normal', size='scalable')) = 10.05
2026-06-02 16:27:50,340 [DEBUG] matplotlib.font_manager: findfont: score(FontEntry(fname='C:\\Windows\\Fonts\\GLECB.TTF', name='Gloucester MT Extra Condensed', style='normal', variant='normal', weight=400, stretch='condensed', size='scalable')) = 10.25
2026-06-02 16:27:50,340 [DEBUG] matplotlib.font_manager: findfont: score(FontEntry(fname='C:\\Windows\\Fonts\\HATTEN.TTF', name='Haettenschweiler', style='normal', variant='normal', weight=400, stretch='normal', size='scalable')) = 10.05
2026-06-02 16:27:50,340 [DEBUG] matplotlib.font_manager: findfont: score(FontEntry(fname='C:\\Windows\\Fonts\\BRLNSDB.TTF', name='Berlin Sans FB Demi', style='normal', variant='normal', weight=700, stretch='normal', size='scalable')) = 10.335
2026-06-02 16:27:50,340 [DEBUG] matplotlib.font_manager: findfont: score(FontEntry(fname='C:\\Windows\\Fonts\\SansSerifCollection.ttf', name='Sans Serif Collection', style='normal', variant='normal', weight=400, stretch='normal', size='scalable')) = 10.05
2026-06-02 16:27:50,340 [DEBUG] matplotlib.font_manager: findfont: score(FontEntry(fname='C:\\Windows\\Fonts\\TCM_____.TTF', name='Tw Cen MT', style='normal', variant='normal', weight=400, stretch='normal', size='scalable')) = 10.05
2026-06-02 16:27:50,340 [DEBUG] matplotlib.font_manager: findfont: score(FontEntry(fname='C:\\Windows\\Fonts\\GOUDYSTO.TTF', name='Goudy Stout', style='normal', variant='normal', weight=400, stretch='normal', size='scalable')) = 10.05
2026-06-02 16:27:50,340 [DEBUG] matplotlib.font_manager: findfont: score(FontEntry(fname='C:\\Windows\\Fonts\\timesbi.ttf', name='Times New Roman', style='italic', variant='normal', weight=700, stretch='normal', size='scalable')) = 11.335
2026-06-02 16:27:50,340 [DEBUG] matplotlib.font_manager: findfont: score(FontEntry(fname='C:\\Windows\\Fonts\\PERI____.TTF', name='Perpetua', style='italic', variant='normal', weight=400, stretch='normal', size='scalable')) = 11.05
2026-06-02 16:27:50,340 [DEBUG] matplotlib.font_manager: findfont: score(FontEntry(fname='C:\\Windows\\Fonts\\KUNSTLER.TTF', name='Kunstler Script', style='normal', variant='normal', weight=400, stretch='normal', size='scalable')) = 10.05
2026-06-02 16:27:50,341 [DEBUG] matplotlib.font_manager: findfont: score(FontEntry(fname='C:\\Windows\\Fonts\\frank.ttf', name='FrankRuehl', style='normal', variant='normal', weight=400, stretch='normal', size='scalable')) = 10.05
2026-06-02 16:27:50,341 [DEBUG] matplotlib.font_manager: findfont: score(FontEntry(fname='C:\\Windows\\Fonts\\GOUDOS.TTF', name='Goudy Old Style', style='normal', variant='normal', weight=400, stretch='normal', size='scalable')) = 10.05
2026-06-02 16:27:50,341 [DEBUG] matplotlib.font_manager: findfont: score(FontEntry(fname='C:\\Windows\\Fonts\\BOD_B.TTF', name='Bodoni MT', style='normal', variant='normal', weight=700, stretch='normal', size='scalable')) = 10.335
2026-06-02 16:27:50,341 [DEBUG] matplotlib.font_manager: findfont: score(FontEntry(fname='C:\\Windows\\Fonts\\trebucbd.ttf', name='Trebuchet MS', style='normal', variant='normal', weight=700, stretch='normal', size='scalable')) = 10.335
2026-06-02 16:27:50,341 [DEBUG] matplotlib.font_manager: findfont: score(FontEntry(fname='C:\\Windows\\Fonts\\seguisb.ttf', name='Segoe UI', style='normal', variant='normal', weight=600, stretch='normal', size='scalable')) = 10.24
2026-06-02 16:27:50,341 [DEBUG] matplotlib.font_manager: findfont: score(FontEntry(fname='C:\\Windows\\Fonts\\segoesc.ttf', name='Segoe Script', style='normal', variant='normal', weight=400, stretch='normal', size='scalable')) = 10.05
2026-06-02 16:27:50,341 [DEBUG] matplotlib.font_manager: findfont: score(FontEntry(fname='C:\\Windows\\Fonts\\Candara.ttf', name='Candara', style='normal', variant='normal', weight=400, stretch='normal', size='scalable')) = 10.05
2026-06-02 16:27:50,341 [DEBUG] matplotlib.font_manager: findfont: score(FontEntry(fname='C:\\Windows\\Fonts\\OCRAEXT.TTF', name='OCR A Extended', style='normal', variant='normal', weight=400, stretch='expanded', size='scalable')) = 10.25
2026-06-02 16:27:50,341 [DEBUG] matplotlib.font_manager: findfont: score(FontEntry(fname='C:\\Windows\\Fonts\\taile.ttf', name='Microsoft Tai Le', style='normal', variant='normal', weight=400, stretch='normal', size='scalable')) = 10.05
2026-06-02 16:27:50,341 [DEBUG] matplotlib.font_manager: findfont: score(FontEntry(fname='C:\\Windows\\Fonts\\MISTRAL.TTF', name='Mistral', style='normal', variant='normal', weight=400, stretch='normal', size='scalable')) = 10.05
2026-06-02 16:27:50,341 [DEBUG] matplotlib.font_manager: findfont: score(FontEntry(fname='C:\\Windows\\Fonts\\GOTHIC.TTF', name='Century Gothic', style='normal', variant='normal', weight=400, stretch='normal', size='scalable')) = 10.05
2026-06-02 16:27:50,341 [DEBUG] matplotlib.font_manager: findfont: score(FontEntry(fname='C:\\Windows\\Fonts\\arialbi.ttf', name='Arial', style='italic', variant='normal', weight=700, stretch='normal', size='scalable')) = 7.698636363636363
2026-06-02 16:27:50,341 [DEBUG] matplotlib.font_manager: findfont: score(FontEntry(fname='C:\\Windows\\Fonts\\Gabriola.ttf', name='Gabriola', style='normal', variant='normal', weight=400, stretch='normal', size='scalable')) = 10.05
2026-06-02 16:27:50,341 [DEBUG] matplotlib.font_manager: findfont: score(FontEntry(fname='C:\\Windows\\Fonts\\georgia.ttf', name='Georgia', style='normal', variant='normal', weight=400, stretch='normal', size='scalable')) = 10.05
2026-06-02 16:27:50,341 [DEBUG] matplotlib.font_manager: findfont: score(FontEntry(fname='C:\\Windows\\Fonts\\BOD_CBI.TTF', name='Bodoni MT', style='italic', variant='normal', weight=700, stretch='condensed', size='scalable')) = 11.535
2026-06-02 16:27:50,341 [DEBUG] matplotlib.font_manager: findfont: score(FontEntry(fname='C:\\Windows\\Fonts\\SCHLBKB.TTF', name='Century Schoolbook', style='normal', variant='normal', weight=700, stretch='normal', size='scalable')) = 10.335
2026-06-02 16:27:50,341 [DEBUG] matplotlib.font_manager: findfont: score(FontEntry(fname='C:\\Windows\\Fonts\\taileb.ttf', name='Microsoft Tai Le', style='normal', variant='normal', weight=700, stretch='normal', size='scalable')) = 10.335
2026-06-02 16:27:50,341 [DEBUG] matplotlib.font_manager: findfont: score(FontEntry(fname='C:\\Windows\\Fonts\\tahoma.ttf', name='Tahoma', style='normal', variant='normal', weight=400, stretch='normal', size='scalable')) = 10.05
2026-06-02 16:27:50,341 [DEBUG] matplotlib.font_manager: findfont: score(FontEntry(fname='C:\\Windows\\Fonts\\MOD20.TTF', name='Modern No. 20', style='normal', variant='normal', weight=400, stretch='normal', size='scalable')) = 10.05
2026-06-02 16:27:50,341 [DEBUG] matplotlib.font_manager: findfont: score(FontEntry(fname='C:\\Windows\\Fonts\\verdana.ttf', name='Verdana', style='normal', variant='normal', weight=400, stretch='normal', size='scalable')) = 3.6863636363636365
2026-06-02 16:27:50,341 [DEBUG] matplotlib.font_manager: findfont: score(FontEntry(fname='C:\\Windows\\Fonts\\corbelz.ttf', name='Corbel', style='italic', variant='normal', weight=700, stretch='normal', size='scalable')) = 11.335
2026-06-02 16:27:50,341 [DEBUG] matplotlib.font_manager: findfont: score(FontEntry(fname='C:\\Windows\\Fonts\\comicz.ttf', name='Comic Sans MS', style='italic', variant='normal', weight=700, stretch='normal', size='scalable')) = 11.335
2026-06-02 16:27:50,341 [DEBUG] matplotlib.font_manager: findfont: score(FontEntry(fname='C:\\Windows\\Fonts\\CALIST.TTF', name='Calisto MT', style='normal', variant='normal', weight=400, stretch='normal', size='scalable')) = 10.05
2026-06-02 16:27:50,341 [DEBUG] matplotlib.font_manager: findfont: score(FontEntry(fname='C:\\Windows\\Fonts\\seguisbi.ttf', name='Segoe UI', style='italic', variant='normal', weight=600, stretch='normal', size='scalable')) = 11.24
2026-06-02 16:27:50,342 [DEBUG] matplotlib.font_manager: findfont: score(FontEntry(fname='C:\\Windows\\Fonts\\PERB____.TTF', name='Perpetua', style='normal', variant='normal', weight=700, stretch='normal', size='scalable')) = 10.335
2026-06-02 16:27:50,342 [DEBUG] matplotlib.font_manager: findfont: score(FontEntry(fname='C:\\Windows\\Fonts\\ARIALNB.TTF', name='Arial', style='normal', variant='normal', weight=700, stretch='condensed', size='scalable')) = 6.8986363636363635
2026-06-02 16:27:50,342 [DEBUG] matplotlib.font_manager: findfont: score(FontEntry(fname='C:\\Windows\\Fonts\\constanb.ttf', name='Constantia', style='normal', variant='normal', weight=700, stretch='normal', size='scalable')) = 10.335
2026-06-02 16:27:50,342 [DEBUG] matplotlib.font_manager: findfont: score(FontEntry(fname='C:\\Windows\\Fonts\\YuGothB.ttc', name='Yu Gothic', style='normal', variant='normal', weight=700, stretch='normal', size='scalable')) = 10.335
2026-06-02 16:27:50,342 [DEBUG] matplotlib.font_manager: findfont: score(FontEntry(fname='C:\\Windows\\Fonts\\OLDENGL.TTF', name='Old English Text MT', style='normal', variant='normal', weight=400, stretch='normal', size='scalable')) = 10.05
2026-06-02 16:27:50,342 [DEBUG] matplotlib.font_manager: findfont: score(FontEntry(fname='C:\\Windows\\Fonts\\LFAXDI.TTF', name='Lucida Fax', style='italic', variant='normal', weight=600, stretch='normal', size='scalable')) = 11.24
2026-06-02 16:27:50,342 [DEBUG] matplotlib.font_manager: findfont: score(FontEntry(fname='C:\\Windows\\Fonts\\REFSPCL.TTF', name='MS Reference Specialty', style='normal', variant='normal', weight=400, stretch='normal', size='scalable')) = 10.05
2026-06-02 16:27:50,342 [DEBUG] matplotlib.font_manager: findfont: score(FontEntry(fname='C:\\Windows\\Fonts\\MAIAN.TTF', name='Maiandra GD', style='normal', variant='normal', weight=400, stretch='normal', size='scalable')) = 10.05
2026-06-02 16:27:50,342 [DEBUG] matplotlib.font_manager: findfont: score(FontEntry(fname='C:\\Windows\\Fonts\\palai.ttf', name='Palatino Linotype', style='italic', variant='normal', weight=400, stretch='normal', size='scalable')) = 11.05
2026-06-02 16:27:50,342 [DEBUG] matplotlib.font_manager: findfont: score(FontEntry(fname='C:\\Windows\\Fonts\\SitkaVF.ttf', name='Sitka', style='normal', variant='normal', weight=400, stretch='normal', size='scalable')) = 10.05
2026-06-02 16:27:50,342 [DEBUG] matplotlib.font_manager: findfont: score(FontEntry(fname='C:\\Windows\\Fonts\\BRITANIC.TTF', name='Britannic Bold', style='normal', variant='normal', weight=400, stretch='normal', size='scalable')) = 10.05
2026-06-02 16:27:50,342 [DEBUG] matplotlib.font_manager: findfont: score(FontEntry(fname='C:\\Windows\\Fonts\\seguibli.ttf', name='Segoe UI', style='italic', variant='normal', weight=900, stretch='normal', size='scalable')) = 11.525
2026-06-02 16:27:50,342 [DEBUG] matplotlib.font_manager: findfont: score(FontEntry(fname='C:\\Windows\\Fonts\\georgiab.ttf', name='Georgia', style='normal', variant='normal', weight=700, stretch='normal', size='scalable')) = 10.335
2026-06-02 16:27:50,342 [DEBUG] matplotlib.font_manager: findfont: score(FontEntry(fname='C:\\Windows\\Fonts\\TCB_____.TTF', name='Tw Cen MT', style='normal', variant='normal', weight=700, stretch='normal', size='scalable')) = 10.335
2026-06-02 16:27:50,342 [DEBUG] matplotlib.font_manager: findfont: score(FontEntry(fname='C:\\Windows\\Fonts\\msyhl.ttc', name='Microsoft YaHei', style='normal', variant='normal', weight=290, stretch='normal', size='scalable')) = 10.1545
2026-06-02 16:27:50,342 [DEBUG] matplotlib.font_manager: findfont: score(FontEntry(fname='C:\\Windows\\Fonts\\msyi.ttf', name='Microsoft Yi Baiti', style='normal', variant='normal', weight=400, stretch='normal', size='scalable')) = 10.05
2026-06-02 16:27:50,342 [DEBUG] matplotlib.font_manager: findfont: score(FontEntry(fname='C:\\Windows\\Fonts\\courbi.ttf', name='Courier New', style='italic', variant='normal', weight=700, stretch='normal', size='scalable')) = 11.335
2026-06-02 16:27:50,342 [DEBUG] matplotlib.font_manager: findfont: score(FontEntry(fname='C:\\Windows\\Fonts\\SCHLBKBI.TTF', name='Century Schoolbook', style='italic', variant='normal', weight=700, stretch='normal', size='scalable')) = 11.335
2026-06-02 16:27:50,342 [DEBUG] matplotlib.font_manager: findfont: score(FontEntry(fname='C:\\Windows\\Fonts\\seguiemj.ttf', name='Segoe UI Emoji', style='normal', variant='normal', weight=400, stretch='normal', size='scalable')) = 10.05
2026-06-02 16:27:50,342 [DEBUG] matplotlib.font_manager: findfont: score(FontEntry(fname='C:\\Windows\\Fonts\\ARIALNI.TTF', name='Arial', style='italic', variant='normal', weight=400, stretch='condensed', size='scalable')) = 7.613636363636363
2026-06-02 16:27:50,342 [DEBUG] matplotlib.font_manager: findfont: score(FontEntry(fname='C:\\Windows\\Fonts\\comici.ttf', name='Comic Sans MS', style='italic', variant='normal', weight=400, stretch='normal', size='scalable')) = 11.05
2026-06-02 16:27:50,342 [DEBUG] matplotlib.font_manager: findfont: score(FontEntry(fname='C:\\Windows\\Fonts\\david.ttf', name='David', style='normal', variant='normal', weight=400, stretch='normal', size='scalable')) = 10.05
2026-06-02 16:27:50,342 [DEBUG] matplotlib.font_manager: findfont: score(FontEntry(fname='C:\\Windows\\Fonts\\consolai.ttf', name='Consolas', style='italic', variant='normal', weight=400, stretch='normal', size='scalable')) = 11.05
2026-06-02 16:27:50,342 [DEBUG] matplotlib.font_manager: findfont: score(FontEntry(fname='C:\\Windows\\Fonts\\CALISTBI.TTF', name='Calisto MT', style='italic', variant='normal', weight=700, stretch='normal', size='scalable')) = 11.335
2026-06-02 16:27:50,343 [DEBUG] matplotlib.font_manager: findfont: score(FontEntry(fname='C:\\Windows\\Fonts\\cour.ttf', name='Courier New', style='normal', variant='normal', weight=400, stretch='normal', size='scalable')) = 10.05
2026-06-02 16:27:50,343 [DEBUG] matplotlib.font_manager: findfont: score(FontEntry(fname='C:\\Windows\\Fonts\\arial.ttf', name='Arial', style='normal', variant='normal', weight=400, stretch='normal', size='scalable')) = 6.413636363636363
2026-06-02 16:27:50,343 [DEBUG] matplotlib.font_manager: findfont: score(FontEntry(fname='C:\\Windows\\Fonts\\corbelb.ttf', name='Corbel', style='normal', variant='normal', weight=700, stretch='normal', size='scalable')) = 10.335
2026-06-02 16:27:50,343 [DEBUG] matplotlib.font_manager: findfont: score(FontEntry(fname='C:\\Windows\\Fonts\\sylfaen.ttf', name='Sylfaen', style='normal', variant='normal', weight=400, stretch='normal', size='scalable')) = 10.05
2026-06-02 16:27:50,343 [DEBUG] matplotlib.font_manager: findfont: score(FontEntry(fname='C:\\Windows\\Fonts\\ebrima.ttf', name='Ebrima', style='normal', variant='normal', weight=400, stretch='normal', size='scalable')) = 10.05
2026-06-02 16:27:50,343 [DEBUG] matplotlib.font_manager: findfont: score(FontEntry(fname='C:\\Windows\\Fonts\\BOD_BLAR.TTF', name='Bodoni MT', style='normal', variant='normal', weight=900, stretch='normal', size='scalable')) = 10.525
2026-06-02 16:27:50,343 [DEBUG] matplotlib.font_manager: findfont: score(FontEntry(fname='C:\\Windows\\Fonts\\impact.ttf', name='Impact', style='normal', variant='normal', weight=400, stretch='normal', size='scalable')) = 10.05
2026-06-02 16:27:50,343 [DEBUG] matplotlib.font_manager: findfont: score(FontEntry(fname='C:\\Windows\\Fonts\\seguibl.ttf', name='Segoe UI', style='normal', variant='normal', weight=900, stretch='normal', size='scalable')) = 10.525
2026-06-02 16:27:50,343 [DEBUG] matplotlib.font_manager: findfont: score(FontEntry(fname='C:\\Windows\\Fonts\\GARABD.TTF', name='Garamond', style='normal', variant='normal', weight=700, stretch='normal', size='scalable')) = 10.335
2026-06-02 16:27:50,343 [DEBUG] matplotlib.font_manager: findfont: score(FontEntry(fname='C:\\Windows\\Fonts\\LTYPEBO.TTF', name='Lucida Sans Typewriter', style='oblique', variant='normal', weight=600, stretch='normal', size='scalable')) = 11.24
2026-06-02 16:27:50,343 [DEBUG] matplotlib.font_manager: findfont: score(FontEntry(fname='C:\\Windows\\Fonts\\calibrili.ttf', name='Calibri', style='italic', variant='normal', weight=300, stretch='normal', size='scalable')) = 11.145
2026-06-02 16:27:50,343 [DEBUG] matplotlib.font_manager: findfont: score(FontEntry(fname='C:\\Windows\\Fonts\\HTOWERT.TTF', name='High Tower Text', style='normal', variant='normal', weight=400, stretch='normal', size='scalable')) = 10.05
2026-06-02 16:27:50,343 [DEBUG] matplotlib.font_manager: findfont: score(FontEntry(fname='C:\\Windows\\Fonts\\corbeli.ttf', name='Corbel', style='italic', variant='normal', weight=400, stretch='normal', size='scalable')) = 11.05
2026-06-02 16:27:50,343 [DEBUG] matplotlib.font_manager: findfont: score(FontEntry(fname='C:\\Windows\\Fonts\\Inkfree.ttf', name='Ink Free', style='normal', variant='normal', weight=400, stretch='normal', size='scalable')) = 10.05
2026-06-02 16:27:50,343 [DEBUG] matplotlib.font_manager: findfont: score(FontEntry(fname='C:\\Windows\\Fonts\\BOOKOSB.TTF', name='Bookman Old Style', style='normal', variant='normal', weight=600, stretch='normal', size='scalable')) = 10.24
2026-06-02 16:27:50,343 [DEBUG] matplotlib.font_manager: findfont: score(FontEntry(fname='C:\\Windows\\Fonts\\CENSCBK.TTF', name='Century Schoolbook', style='normal', variant='normal', weight=400, stretch='normal', size='scalable')) = 10.05
2026-06-02 16:27:50,343 [DEBUG] matplotlib.font_manager: findfont: score(FontEntry(fname='C:\\Windows\\Fonts\\l_10646.ttf', name='Lucida Sans Unicode', style='normal', variant='normal', weight=400, stretch='normal', size='scalable')) = 10.05
2026-06-02 16:27:50,343 [DEBUG] matplotlib.font_manager: findfont: score(FontEntry(fname='C:\\Windows\\Fonts\\FRAMDCN.TTF', name='Franklin Gothic Medium Cond', style='normal', variant='normal', weight=400, stretch='condensed', size='scalable')) = 10.25
2026-06-02 16:27:50,343 [DEBUG] matplotlib.font_manager: findfont: score(FontEntry(fname='C:\\Windows\\Fonts\\seguisym.ttf', name='Segoe UI Symbol', style='normal', variant='normal', weight=400, stretch='normal', size='scalable')) = 10.05
2026-06-02 16:27:50,343 [DEBUG] matplotlib.font_manager: findfont: score(FontEntry(fname='C:\\Windows\\Fonts\\RAGE.TTF', name='Rage Italic', style='italic', variant='normal', weight=400, stretch='normal', size='scalable')) = 11.05
2026-06-02 16:27:50,343 [DEBUG] matplotlib.font_manager: findfont: score(FontEntry(fname='C:\\Windows\\Fonts\\LTYPEB.TTF', name='Lucida Sans Typewriter', style='normal', variant='normal', weight=600, stretch='normal', size='scalable')) = 10.24
2026-06-02 16:27:50,343 [DEBUG] matplotlib.font_manager: findfont: score(FontEntry(fname='C:\\Windows\\Fonts\\LSANSD.TTF', name='Lucida Sans', style='normal', variant='normal', weight=600, stretch='normal', size='scalable')) = 10.24
2026-06-02 16:27:50,343 [DEBUG] matplotlib.font_manager: findfont: score(FontEntry(fname='C:\\Windows\\Fonts\\calibril.ttf', name='Calibri', style='normal', variant='normal', weight=300, stretch='normal', size='scalable')) = 10.145
2026-06-02 16:27:50,343 [DEBUG] matplotlib.font_manager: findfont: score(FontEntry(fname='C:\\Windows\\Fonts\\segoeui.ttf', name='Segoe UI', style='normal', variant='normal', weight=400, stretch='normal', size='scalable')) = 10.05
2026-06-02 16:27:50,343 [DEBUG] matplotlib.font_manager: findfont: score(FontEntry(fname='C:\\Windows\\Fonts\\MTCORSVA.TTF', name='Monotype Corsiva', style='normal', variant='normal', weight=400, stretch='normal', size='scalable')) = 10.05
2026-06-02 16:27:50,344 [DEBUG] matplotlib.font_manager: findfont: score(FontEntry(fname='C:\\Windows\\Fonts\\ebrimabd.ttf', name='Ebrima', style='normal', variant='normal', weight=700, stretch='normal', size='scalable')) = 10.335
2026-06-02 16:27:50,344 [DEBUG] matplotlib.font_manager: findfont: score(FontEntry(fname='C:\\Windows\\Fonts\\BELL.TTF', name='Bell MT', style='normal', variant='normal', weight=400, stretch='normal', size='scalable')) = 10.05
2026-06-02 16:27:50,344 [DEBUG] matplotlib.font_manager: findfont: score(FontEntry(fname='C:\\Windows\\Fonts\\mvboli.ttf', name='MV Boli', style='normal', variant='normal', weight=400, stretch='normal', size='scalable')) = 10.05
2026-06-02 16:27:50,344 [DEBUG] matplotlib.font_manager: findfont: score(FontEntry(fname='C:\\Windows\\Fonts\\SNAP____.TTF', name='Snap ITC', style='normal', variant='normal', weight=400, stretch='normal', size='scalable')) = 10.05
2026-06-02 16:27:50,344 [DEBUG] matplotlib.font_manager: findfont: score(FontEntry(fname='C:\\Windows\\Fonts\\SegUIVar.ttf', name='Segoe UI Variable', style='normal', variant='normal', weight=400, stretch='normal', size='scalable')) = 10.05
2026-06-02 16:27:50,344 [DEBUG] matplotlib.font_manager: findfont: score(FontEntry(fname='C:\\Windows\\Fonts\\verdanai.ttf', name='Verdana', style='italic', variant='normal', weight=400, stretch='normal', size='scalable')) = 4.6863636363636365
2026-06-02 16:27:50,344 [DEBUG] matplotlib.font_manager: findfont: score(FontEntry(fname='C:\\Windows\\Fonts\\LCALLIG.TTF', name='Lucida Calligraphy', style='italic', variant='normal', weight=400, stretch='normal', size='scalable')) = 11.05
2026-06-02 16:27:50,344 [DEBUG] matplotlib.font_manager: findfont: score(FontEntry(fname='C:\\Windows\\Fonts\\lucon.ttf', name='Lucida Console', style='normal', variant='normal', weight=400, stretch='normal', size='scalable')) = 10.05
2026-06-02 16:27:50,344 [DEBUG] matplotlib.font_manager: findfont: score(FontEntry(fname='C:\\Windows\\Fonts\\CENTAUR.TTF', name='Centaur', style='normal', variant='normal', weight=400, stretch='normal', size='scalable')) = 10.05
2026-06-02 16:27:50,344 [DEBUG] matplotlib.font_manager: findfont: score(FontEntry(fname='C:\\Windows\\Fonts\\BOD_PSTC.TTF', name='Bodoni MT', style='normal', variant='normal', weight=300, stretch='normal', size='scalable')) = 10.145
2026-06-02 16:27:50,344 [DEBUG] matplotlib.font_manager: findfont: score(FontEntry(fname='C:\\Windows\\Fonts\\IMPRISHA.TTF', name='Imprint MT Shadow', style='normal', variant='normal', weight=400, stretch='normal', size='scalable')) = 10.05
2026-06-02 16:27:50,344 [DEBUG] matplotlib.font_manager: findfont: score(FontEntry(fname='C:\\Windows\\Fonts\\georgiaz.ttf', name='Georgia', style='italic', variant='normal', weight=700, stretch='normal', size='scalable')) = 11.335
2026-06-02 16:27:50,344 [DEBUG] matplotlib.font_manager: findfont: score(FontEntry(fname='C:\\Windows\\Fonts\\CALISTB.TTF', name='Calisto MT', style='normal', variant='normal', weight=700, stretch='normal', size='scalable')) = 10.335
2026-06-02 16:27:50,344 [DEBUG] matplotlib.font_manager: findfont: score(FontEntry(fname='C:\\Windows\\Fonts\\Candaral.ttf', name='Candara', style='normal', variant='normal', weight=400, stretch='normal', size='scalable')) = 10.05
2026-06-02 16:27:50,344 [DEBUG] matplotlib.font_manager: findfont: score(FontEntry(fname='C:\\Windows\\Fonts\\VIVALDII.TTF', name='Vivaldi', style='italic', variant='normal', weight=400, stretch='normal', size='scalable')) = 11.05
2026-06-02 16:27:50,345 [DEBUG] matplotlib.font_manager: findfont: score(FontEntry(fname='C:\\Windows\\Fonts\\verdanab.ttf', name='Verdana', style='normal', variant='normal', weight=700, stretch='normal', size='scalable')) = 3.9713636363636367
2026-06-02 16:27:50,345 [DEBUG] matplotlib.font_manager: findfont: score(FontEntry(fname='C:\\Windows\\Fonts\\JUICE___.TTF', name='Juice ITC', style='normal', variant='normal', weight=400, stretch='normal', size='scalable')) = 10.05
2026-06-02 16:27:50,345 [DEBUG] matplotlib.font_manager: findfont: score(FontEntry(fname='C:\\Windows\\Fonts\\ROCK.TTF', name='Rockwell', style='normal', variant='normal', weight=400, stretch='normal', size='scalable')) = 10.05
2026-06-02 16:27:50,345 [DEBUG] matplotlib.font_manager: findfont: score(FontEntry(fname='C:\\Windows\\Fonts\\bahnschrift.ttf', name='Bahnschrift', style='normal', variant='normal', weight=400, stretch='normal', size='scalable')) = 10.05
2026-06-02 16:27:50,345 [DEBUG] matplotlib.font_manager: findfont: score(FontEntry(fname='C:\\Windows\\Fonts\\ROCKBI.TTF', name='Rockwell', style='italic', variant='normal', weight=700, stretch='normal', size='scalable')) = 11.335
2026-06-02 16:27:50,345 [DEBUG] matplotlib.font_manager: findfont: score(FontEntry(fname='C:\\Windows\\Fonts\\cambriai.ttf', name='Cambria', style='italic', variant='normal', weight=400, stretch='normal', size='scalable')) = 11.05
2026-06-02 16:27:50,345 [DEBUG] matplotlib.font_manager: findfont: score(FontEntry(fname='C:\\Windows\\Fonts\\msjhl.ttc', name='Microsoft JhengHei', style='normal', variant='normal', weight=290, stretch='normal', size='scalable')) = 10.1545
2026-06-02 16:27:50,345 [DEBUG] matplotlib.font_manager: findfont: score(FontEntry(fname='C:\\Windows\\Fonts\\DUBAI-REGULAR.TTF', name='Dubai', style='normal', variant='normal', weight=400, stretch='normal', size='scalable')) = 10.05
2026-06-02 16:27:50,345 [DEBUG] matplotlib.font_manager: findfont: score(FontEntry(fname='C:\\Windows\\Fonts\\CALIFB.TTF', name='Californian FB', style='normal', variant='normal', weight=700, stretch='normal', size='scalable')) = 10.335
2026-06-02 16:27:50,345 [DEBUG] matplotlib.font_manager: findfont: score(FontEntry(fname='C:\\Windows\\Fonts\\PAPYRUS.TTF', name='Papyrus', style='normal', variant='normal', weight=400, stretch='normal', size='scalable')) = 10.05
2026-06-02 16:27:50,345 [DEBUG] matplotlib.font_manager: findfont: score(FontEntry(fname='C:\\Windows\\Fonts\\ANTQUABI.TTF', name='Book Antiqua', style='italic', variant='normal', weight=700, stretch='normal', size='scalable')) = 11.335
2026-06-02 16:27:50,345 [DEBUG] matplotlib.font_manager: findfont: score(FontEntry(fname='C:\\Windows\\Fonts\\SHOWG.TTF', name='Showcard Gothic', style='normal', variant='normal', weight=400, stretch='normal', size='scalable')) = 10.05
2026-06-02 16:27:50,345 [DEBUG] matplotlib.font_manager: findfont: score(FontEntry(fname='C:\\Windows\\Fonts\\LBRITED.TTF', name='Lucida Bright', style='normal', variant='normal', weight=600, stretch='normal', size='scalable')) = 10.24
2026-06-02 16:27:50,345 [DEBUG] matplotlib.font_manager: findfont: score(FontEntry(fname='C:\\Windows\\Fonts\\calibrii.ttf', name='Calibri', style='italic', variant='normal', weight=400, stretch='normal', size='scalable')) = 11.05
2026-06-02 16:27:50,345 [DEBUG] matplotlib.font_manager: findfont: score(FontEntry(fname='C:\\Windows\\Fonts\\LSANSDI.TTF', name='Lucida Sans', style='italic', variant='normal', weight=600, stretch='normal', size='scalable')) = 11.24
2026-06-02 16:27:50,345 [DEBUG] matplotlib.font_manager: findfont: score(FontEntry(fname='C:\\Windows\\Fonts\\GILB____.TTF', name='Gill Sans MT', style='normal', variant='normal', weight=700, stretch='normal', size='scalable')) = 10.335
2026-06-02 16:27:50,345 [DEBUG] matplotlib.font_manager: findfont: score(FontEntry(fname='C:\\Windows\\Fonts\\BELLI.TTF', name='Bell MT', style='italic', variant='normal', weight=400, stretch='normal', size='scalable')) = 11.05
2026-06-02 16:27:50,345 [DEBUG] matplotlib.font_manager: findfont: score(FontEntry(fname='C:\\Windows\\Fonts\\FRSCRIPT.TTF', name='French Script MT', style='normal', variant='normal', weight=400, stretch='normal', size='scalable')) = 10.05
2026-06-02 16:27:50,345 [DEBUG] matplotlib.font_manager: findfont: score(FontEntry(fname='C:\\Windows\\Fonts\\WINGDNG3.TTF', name='Wingdings 3', style='normal', variant='normal', weight=400, stretch='normal', size='scalable')) = 10.05
2026-06-02 16:27:50,345 [DEBUG] matplotlib.font_manager: findfont: score(FontEntry(fname='C:\\Windows\\Fonts\\YuGothM.ttc', name='Yu Gothic', style='normal', variant='normal', weight=500, stretch='normal', size='scalable')) = 10.145
2026-06-02 16:27:50,345 [DEBUG] matplotlib.font_manager: findfont: score(FontEntry(fname='C:\\Windows\\Fonts\\ariali.ttf', name='Arial', style='italic', variant='normal', weight=400, stretch='normal', size='scalable')) = 7.413636363636363
2026-06-02 16:27:50,345 [DEBUG] matplotlib.font_manager: findfont: score(FontEntry(fname='C:\\Windows\\Fonts\\ERASDEMI.TTF', name='Eras Demi ITC', style='normal', variant='normal', weight=400, stretch='normal', size='scalable')) = 10.05
2026-06-02 16:27:50,346 [DEBUG] matplotlib.font_manager: findfont: score(FontEntry(fname='C:\\Windows\\Fonts\\CHILLER.TTF', name='Chiller', style='normal', variant='normal', weight=400, stretch='normal', size='scalable')) = 10.05
2026-06-02 16:27:50,346 [DEBUG] matplotlib.font_manager: findfont: score(FontEntry(fname='C:\\Windows\\Fonts\\simsunb.ttf', name='SimSun-ExtB', style='normal', variant='normal', weight=400, stretch='normal', size='scalable')) = 10.05
2026-06-02 16:27:50,346 [DEBUG] matplotlib.font_manager: findfont: score(FontEntry(fname='C:\\Windows\\Fonts\\msyhbd.ttc', name='Microsoft YaHei', style='normal', variant='normal', weight=700, stretch='normal', size='scalable')) = 10.335
2026-06-02 16:27:50,346 [DEBUG] matplotlib.font_manager: findfont: score(FontEntry(fname='C:\\Windows\\Fonts\\rod.ttf', name='Rod', style='normal', variant='normal', weight=400, stretch='normal', size='scalable')) = 10.05
2026-06-02 16:27:50,346 [DEBUG] matplotlib.font_manager: findfont: score(FontEntry(fname='C:\\Windows\\Fonts\\LEELAWAD.TTF', name='Leelawadee', style='normal', variant='normal', weight=400, stretch='normal', size='scalable')) = 10.05
2026-06-02 16:27:50,346 [DEBUG] matplotlib.font_manager: findfont: score(FontEntry(fname='C:\\Windows\\Fonts\\trebucbi.ttf', name='Trebuchet MS', style='italic', variant='normal', weight=700, stretch='normal', size='scalable')) = 11.335
2026-06-02 16:27:50,346 [DEBUG] matplotlib.font_manager: findfont: score(FontEntry(fname='C:\\Windows\\Fonts\\BRLNSR.TTF', name='Berlin Sans FB', style='normal', variant='normal', weight=400, stretch='normal', size='scalable')) = 10.05
2026-06-02 16:27:50,346 [DEBUG] matplotlib.font_manager: findfont: score(FontEntry(fname='C:\\Windows\\Fonts\\segoeuii.ttf', name='Segoe UI', style='italic', variant='normal', weight=400, stretch='normal', size='scalable')) = 11.05
2026-06-02 16:27:50,346 [DEBUG] matplotlib.font_manager: findfont: score(FontEntry(fname='C:\\Windows\\Fonts\\COOPBL.TTF', name='Cooper Black', style='normal', variant='normal', weight=400, stretch='normal', size='scalable')) = 10.05
2026-06-02 16:27:50,346 [DEBUG] matplotlib.font_manager: findfont: score(FontEntry(fname='C:\\Windows\\Fonts\\malgun.ttf', name='Malgun Gothic', style='normal', variant='normal', weight=400, stretch='normal', size='scalable')) = 10.05
2026-06-02 16:27:50,346 [DEBUG] matplotlib.font_manager: findfont: score(FontEntry(fname='C:\\Windows\\Fonts\\segoeuil.ttf', name='Segoe UI', style='normal', variant='normal', weight=300, stretch='normal', size='scalable')) = 10.145
2026-06-02 16:27:50,346 [DEBUG] matplotlib.font_manager: findfont: score(FontEntry(fname='C:\\Windows\\Fonts\\malgunbd.ttf', name='Malgun Gothic', style='normal', variant='normal', weight=700, stretch='normal', size='scalable')) = 10.335
2026-06-02 16:27:50,346 [DEBUG] matplotlib.font_manager: findfont: score(FontEntry(fname='C:\\Windows\\Fonts\\msjh.ttc', name='Microsoft JhengHei', style='normal', variant='normal', weight=400, stretch='normal', size='scalable')) = 10.05
2026-06-02 16:27:50,346 [DEBUG] matplotlib.font_manager: findfont: score(FontEntry(fname='C:\\Windows\\Fonts\\LBRITEDI.TTF', name='Lucida Bright', style='italic', variant='normal', weight=600, stretch='normal', size='scalable')) = 11.24
2026-06-02 16:27:50,346 [DEBUG] matplotlib.font_manager: findfont: score(FontEntry(fname='C:\\Windows\\Fonts\\ELEPHNTI.TTF', name='Elephant', style='italic', variant='normal', weight=400, stretch='normal', size='scalable')) = 11.05
2026-06-02 16:27:50,346 [DEBUG] matplotlib.font_manager: findfont: score(FontEntry(fname='C:\\Windows\\Fonts\\BOOKOSI.TTF', name='Bookman Old Style', style='italic', variant='normal', weight=300, stretch='normal', size='scalable')) = 11.145
2026-06-02 16:27:50,346 [DEBUG] matplotlib.font_manager: findfont: score(FontEntry(fname='C:\\Windows\\Fonts\\consolaz.ttf', name='Consolas', style='italic', variant='normal', weight=700, stretch='normal', size='scalable')) = 11.335
2026-06-02 16:27:50,346 [DEBUG] matplotlib.font_manager: findfont: score(FontEntry(fname='C:\\Windows\\Fonts\\ROCKB.TTF', name='Rockwell', style='normal', variant='normal', weight=700, stretch='normal', size='scalable')) = 10.335
2026-06-02 16:27:50,346 [DEBUG] matplotlib.font_manager: findfont: score(FontEntry(fname='C:\\Windows\\Fonts\\msyh.ttc', name='Microsoft YaHei', style='normal', variant='normal', weight=400, stretch='normal', size='scalable')) = 10.05
2026-06-02 16:27:50,346 [DEBUG] matplotlib.font_manager: findfont: score(FontEntry(fname='C:\\Windows\\Fonts\\MATURASC.TTF', name='Matura MT Script Capitals', style='normal', variant='normal', weight=400, stretch='normal', size='scalable')) = 10.05
2026-06-02 16:27:50,346 [DEBUG] matplotlib.font_manager: findfont: score(FontEntry(fname='C:\\Windows\\Fonts\\SitkaVF-Italic.ttf', name='Sitka', style='italic', variant='normal', weight=400, stretch='normal', size='scalable')) = 11.05
2026-06-02 16:27:50,346 [DEBUG] matplotlib.font_manager: findfont: score(FontEntry(fname='C:\\Windows\\Fonts\\gadugib.ttf', name='Gadugi', style='normal', variant='normal', weight=700, stretch='normal', size='scalable')) = 10.335
2026-06-02 16:27:50,346 [DEBUG] matplotlib.font_manager: findfont: score(FontEntry(fname='C:\\Windows\\Fonts\\NIAGENG.TTF', name='Niagara Engraved', style='normal', variant='normal', weight=400, stretch='normal', size='scalable')) = 10.05
2026-06-02 16:27:50,346 [DEBUG] matplotlib.font_manager: findfont: score(FontEntry(fname='C:\\Windows\\Fonts\\FRAHVIT.TTF', name='Franklin Gothic Heavy', style='italic', variant='normal', weight=400, stretch='normal', size='scalable')) = 11.05
2026-06-02 16:27:50,346 [DEBUG] matplotlib.font_manager: findfont: score(FontEntry(fname='C:\\Windows\\Fonts\\calibrib.ttf', name='Calibri', style='normal', variant='normal', weight=700, stretch='normal', size='scalable')) = 10.335
2026-06-02 16:27:50,347 [DEBUG] matplotlib.font_manager: findfont: score(FontEntry(fname='C:\\Windows\\Fonts\\LTYPE.TTF', name='Lucida Sans Typewriter', style='normal', variant='normal', weight=400, stretch='normal', size='scalable')) = 10.05
2026-06-02 16:27:50,347 [DEBUG] matplotlib.font_manager: findfont: score(FontEntry(fname='C:\\Windows\\Fonts\\HARNGTON.TTF', name='Harrington', style='normal', variant='normal', weight=400, stretch='normal', size='scalable')) = 10.05
2026-06-02 16:27:50,347 [DEBUG] matplotlib.font_manager: findfont: score(FontEntry(fname='C:\\Windows\\Fonts\\REFSAN.TTF', name='MS Reference Sans Serif', style='normal', variant='normal', weight=400, stretch='normal', size='scalable')) = 10.05
2026-06-02 16:27:50,347 [DEBUG] matplotlib.font_manager: findfont: score(FontEntry(fname='C:\\Windows\\Fonts\\LEELAWDB.TTF', name='Leelawadee', style='normal', variant='normal', weight=700, stretch='normal', size='scalable')) = 10.335
2026-06-02 16:27:50,347 [DEBUG] matplotlib.font_manager: findfont: score(FontEntry(fname='C:\\Windows\\Fonts\\VINERITC.TTF', name='Viner Hand ITC', style='normal', variant='normal', weight=400, stretch='normal', size='scalable')) = 10.05
2026-06-02 16:27:50,347 [DEBUG] matplotlib.font_manager: findfont: score(FontEntry(fname='C:\\Windows\\Fonts\\GOTHICBI.TTF', name='Century Gothic', style='italic', variant='normal', weight=700, stretch='normal', size='scalable')) = 11.335
2026-06-02 16:27:50,347 [DEBUG] matplotlib.font_manager: findfont: score(FontEntry(fname='C:\\Windows\\Fonts\\pala.ttf', name='Palatino Linotype', style='normal', variant='normal', weight=400, stretch='normal', size='scalable')) = 10.05
2026-06-02 16:27:50,347 [DEBUG] matplotlib.font_manager: findfont: score(FontEntry(fname='C:\\Windows\\Fonts\\BROADW.TTF', name='Broadway', style='normal', variant='normal', weight=400, stretch='normal', size='scalable')) = 10.05
2026-06-02 16:27:50,347 [DEBUG] matplotlib.font_manager: findfont: score(FontEntry(fname='C:\\Windows\\Fonts\\YuGothR.ttc', name='Yu Gothic', style='normal', variant='normal', weight=400, stretch='normal', size='scalable')) = 10.05
2026-06-02 16:27:50,347 [DEBUG] matplotlib.font_manager: findfont: score(FontEntry(fname='C:\\Windows\\Fonts\\PRISTINA.TTF', name='Pristina', style='normal', variant='normal', weight=400, stretch='normal', size='scalable')) = 10.05
2026-06-02 16:27:50,347 [DEBUG] matplotlib.font_manager: findfont: score(FontEntry(fname='C:\\Windows\\Fonts\\LTYPEO.TTF', name='Lucida Sans Typewriter', style='oblique', variant='normal', weight=400, stretch='normal', size='scalable')) = 11.05
2026-06-02 16:27:50,347 [DEBUG] matplotlib.font_manager: findfont: score(FontEntry(fname='C:\\Windows\\Fonts\\times.ttf', name='Times New Roman', style='normal', variant='normal', weight=400, stretch='normal', size='scalable')) = 10.05
2026-06-02 16:27:50,347 [DEBUG] matplotlib.font_manager: findfont: score(FontEntry(fname='C:\\Windows\\Fonts\\comicbd.ttf', name='Comic Sans MS', style='normal', variant='normal', weight=700, stretch='normal', size='scalable')) = 10.335
2026-06-02 16:27:50,347 [DEBUG] matplotlib.font_manager: findfont: score(FontEntry(fname='C:\\Windows\\Fonts\\seguili.ttf', name='Segoe UI', style='italic', variant='normal', weight=300, stretch='normal', size='scalable')) = 11.145
2026-06-02 16:27:50,347 [DEBUG] matplotlib.font_manager: findfont: score(FontEntry(fname='C:\\Windows\\Fonts\\segoeuiz.ttf', name='Segoe UI', style='italic', variant='normal', weight=700, stretch='normal', size='scalable')) = 11.335
2026-06-02 16:27:50,347 [DEBUG] matplotlib.font_manager: findfont: score(FontEntry(fname='C:\\Windows\\Fonts\\BOD_BI.TTF', name='Bodoni MT', style='italic', variant='normal', weight=700, stretch='normal', size='scalable')) = 11.335
2026-06-02 16:27:50,347 [DEBUG] matplotlib.font_manager: findfont: score(FontEntry(fname='C:\\Windows\\Fonts\\HARLOWSI.TTF', name='Harlow Solid Italic', style='italic', variant='normal', weight=400, stretch='normal', size='scalable')) = 11.05
2026-06-02 16:27:50,347 [DEBUG] matplotlib.font_manager: findfont: score(FontEntry(fname='C:\\Windows\\Fonts\\BASKVILL.TTF', name='Baskerville Old Face', style='normal', variant='normal', weight=400, stretch='normal', size='scalable')) = 10.05
2026-06-02 16:27:50,347 [DEBUG] matplotlib.font_manager: findfont: score(FontEntry(fname='C:\\Windows\\Fonts\\SegoeIcons.ttf', name='Segoe Fluent Icons', style='normal', variant='normal', weight=400, stretch='normal', size='scalable')) = 10.05
2026-06-02 16:27:50,347 [DEBUG] matplotlib.font_manager: findfont: score(FontEntry(fname='C:\\Windows\\Fonts\\GLSNECB.TTF', name='Gill Sans MT Ext Condensed Bold', style='normal', variant='normal', weight=400, stretch='condensed', size='scalable')) = 10.25
2026-06-02 16:27:50,347 [DEBUG] matplotlib.font_manager: findfont: score(FontEntry(fname='C:\\Windows\\Fonts\\msjhbd.ttc', name='Microsoft JhengHei', style='normal', variant='normal', weight=700, stretch='normal', size='scalable')) = 10.335
2026-06-02 16:27:50,347 [DEBUG] matplotlib.font_manager: findfont: score(FontEntry(fname='C:\\Windows\\Fonts\\timesbd.ttf', name='Times New Roman', style='normal', variant='normal', weight=700, stretch='normal', size='scalable')) = 10.335
2026-06-02 16:27:50,347 [DEBUG] matplotlib.font_manager: findfont: score(FontEntry(fname='C:\\Windows\\Fonts\\ARIALNBI.TTF', name='Arial', style='italic', variant='normal', weight=700, stretch='condensed', size='scalable')) = 7.8986363636363635
2026-06-02 16:27:50,347 [DEBUG] matplotlib.font_manager: findfont: score(FontEntry(fname='C:\\Windows\\Fonts\\framd.ttf', name='Franklin Gothic Medium', style='normal', variant='normal', weight=400, stretch='normal', size='scalable')) = 10.05
2026-06-02 16:27:50,348 [DEBUG] matplotlib.font_manager: findfont: score(FontEntry(fname='C:\\Windows\\Fonts\\mriamc.ttf', name='Miriam Fixed', style='normal', variant='normal', weight=400, stretch='normal', size='scalable')) = 10.05
2026-06-02 16:27:50,348 [DEBUG] matplotlib.font_manager: findfont: score(FontEntry(fname='C:\\Windows\\Fonts\\TCCEB.TTF', name='Tw Cen MT Condensed Extra Bold', style='normal', variant='normal', weight=400, stretch='condensed', size='scalable')) = 10.25
2026-06-02 16:27:50,348 [DEBUG] matplotlib.font_manager: findfont: score(FontEntry(fname='C:\\Windows\\Fonts\\ERASBD.TTF', name='Eras Bold ITC', style='normal', variant='normal', weight=400, stretch='normal', size='scalable')) = 10.05
2026-06-02 16:27:50,348 [DEBUG] matplotlib.font_manager: findfont: score(FontEntry(fname='C:\\Windows\\Fonts\\Candarai.ttf', name='Candara', style='italic', variant='normal', weight=400, stretch='normal', size='scalable')) = 11.05
2026-06-02 16:27:50,348 [DEBUG] matplotlib.font_manager: findfont: score(FontEntry(fname='C:\\Windows\\Fonts\\phagspa.ttf', name='Microsoft PhagsPa', style='normal', variant='normal', weight=400, stretch='normal', size='scalable')) = 10.05
2026-06-02 16:27:50,348 [DEBUG] matplotlib.font_manager: findfont: score(FontEntry(fname='C:\\Windows\\Fonts\\GIL_____.TTF', name='Gill Sans MT', style='normal', variant='normal', weight=400, stretch='normal', size='scalable')) = 10.05
2026-06-02 16:27:50,348 [DEBUG] matplotlib.font_manager: findfont: score(FontEntry(fname='C:\\Windows\\Fonts\\FRABK.TTF', name='Franklin Gothic Book', style='normal', variant='normal', weight=400, stretch='normal', size='scalable')) = 10.05
2026-06-02 16:27:50,348 [DEBUG] matplotlib.font_manager: findfont: score(FontEntry(fname='C:\\Windows\\Fonts\\wingding.ttf', name='Wingdings', style='normal', variant='normal', weight=400, stretch='normal', size='scalable')) = 10.05
2026-06-02 16:27:50,348 [DEBUG] matplotlib.font_manager: findfont: score(FontEntry(fname='C:\\Windows\\Fonts\\PERTILI.TTF', name='Perpetua Titling MT', style='normal', variant='normal', weight=300, stretch='normal', size='scalable')) = 10.145
2026-06-02 16:27:50,348 [DEBUG] matplotlib.font_manager: findfont: score(FontEntry(fname='C:\\Windows\\Fonts\\VLADIMIR.TTF', name='Vladimir Script', style='normal', variant='normal', weight=400, stretch='normal', size='scalable')) = 10.05
2026-06-02 16:27:50,348 [DEBUG] matplotlib.font_manager: findfont: score(FontEntry(fname='C:\\Windows\\Fonts\\palab.ttf', name='Palatino Linotype', style='normal', variant='normal', weight=700, stretch='normal', size='scalable')) = 10.335
2026-06-02 16:27:50,348 [DEBUG] matplotlib.font_manager: findfont: score(FontEntry(fname='C:\\Windows\\Fonts\\BRLNSB.TTF', name='Berlin Sans FB', style='normal', variant='normal', weight=700, stretch='normal', size='scalable')) = 10.335
2026-06-02 16:27:50,348 [DEBUG] matplotlib.font_manager: findfont: score(FontEntry(fname='C:\\Windows\\Fonts\\monbaiti.ttf', name='Mongolian Baiti', style='normal', variant='normal', weight=400, stretch='normal', size='scalable')) = 10.05
2026-06-02 16:27:50,348 [DEBUG] matplotlib.font_manager: findfont: score(FontEntry(fname='C:\\Windows\\Fonts\\gadugi.ttf', name='Gadugi', style='normal', variant='normal', weight=400, stretch='normal', size='scalable')) = 10.05
2026-06-02 16:27:50,348 [DEBUG] matplotlib.font_manager: findfont: score(FontEntry(fname='C:\\Windows\\Fonts\\phagspab.ttf', name='Microsoft PhagsPa', style='normal', variant='normal', weight=700, stretch='normal', size='scalable')) = 10.335
2026-06-02 16:27:50,348 [DEBUG] matplotlib.font_manager: findfont: score(FontEntry(fname='C:\\Windows\\Fonts\\LFAXD.TTF', name='Lucida Fax', style='normal', variant='normal', weight=600, stretch='normal', size='scalable')) = 10.24
2026-06-02 16:27:50,348 [DEBUG] matplotlib.font_manager: findfont: score(FontEntry(fname='C:\\Windows\\Fonts\\gisha.ttf', name='Gisha', style='normal', variant='normal', weight=400, stretch='normal', size='scalable')) = 10.05
2026-06-02 16:27:50,348 [DEBUG] matplotlib.font_manager: findfont: score(FontEntry(fname='C:\\Windows\\Fonts\\Candaraz.ttf', name='Candara', style='italic', variant='normal', weight=700, stretch='normal', size='scalable')) = 11.335
2026-06-02 16:27:50,348 [DEBUG] matplotlib.font_manager: findfont: score(FontEntry(fname='C:\\Windows\\Fonts\\courbd.ttf', name='Courier New', style='normal', variant='normal', weight=700, stretch='normal', size='scalable')) = 10.335
2026-06-02 16:27:50,348 [DEBUG] matplotlib.font_manager: findfont: score(FontEntry(fname='C:\\Windows\\Fonts\\ANTQUAI.TTF', name='Book Antiqua', style='italic', variant='normal', weight=400, stretch='normal', size='scalable')) = 11.05
2026-06-02 16:27:50,348 [DEBUG] matplotlib.font_manager: findfont: score(FontEntry(fname='C:\\Windows\\Fonts\\MSUIGHUB.TTF', name='Microsoft Uighur', style='normal', variant='normal', weight=700, stretch='normal', size='scalable')) = 10.335
2026-06-02 16:27:50,348 [DEBUG] matplotlib.font_manager: findfont: score(FontEntry(fname='C:\\Windows\\Fonts\\cambria.ttc', name='Cambria', style='normal', variant='normal', weight=400, stretch='normal', size='scalable')) = 10.05
2026-06-02 16:27:50,348 [DEBUG] matplotlib.font_manager: findfont: score(FontEntry(fname='C:\\Windows\\Fonts\\georgiai.ttf', name='Georgia', style='italic', variant='normal', weight=400, stretch='normal', size='scalable')) = 11.05
2026-06-02 16:27:50,349 [DEBUG] matplotlib.font_manager: findfont: score(FontEntry(fname='C:\\Windows\\Fonts\\ARIALN.TTF', name='Arial', style='normal', variant='normal', weight=400, stretch='condensed', size='scalable')) = 6.613636363636363
2026-06-02 16:27:50,349 [DEBUG] matplotlib.font_manager: findfont: score(FontEntry(fname='C:\\Windows\\Fonts\\FRABKIT.TTF', name='Franklin Gothic Book', style='italic', variant='normal', weight=400, stretch='normal', size='scalable')) = 11.05
2026-06-02 16:27:50,349 [DEBUG] matplotlib.font_manager: findfont: score(FontEntry(fname='C:\\Windows\\Fonts\\LBRITE.TTF', name='Lucida Bright', style='normal', variant='normal', weight=400, stretch='normal', size='scalable')) = 10.05
2026-06-02 16:27:50,349 [DEBUG] matplotlib.font_manager: findfont: score(FontEntry(fname='C:\\Windows\\Fonts\\Candarab.ttf', name='Candara', style='normal', variant='normal', weight=700, stretch='normal', size='scalable')) = 10.335
2026-06-02 16:27:50,349 [DEBUG] matplotlib.font_manager: findfont: score(FontEntry(fname='C:\\Windows\\Fonts\\segoepr.ttf', name='Segoe Print', style='normal', variant='normal', weight=400, stretch='normal', size='scalable')) = 10.05
2026-06-02 16:27:50,349 [DEBUG] matplotlib.font_manager: findfont: score(FontEntry(fname='C:\\Windows\\Fonts\\FTLTLT.TTF', name='Footlight MT Light', style='normal', variant='normal', weight=300, stretch='normal', size='scalable')) = 10.145
2026-06-02 16:27:50,349 [DEBUG] matplotlib.font_manager: findfont: score(FontEntry(fname='C:\\Windows\\Fonts\\CALISTI.TTF', name='Calisto MT', style='italic', variant='normal', weight=400, stretch='normal', size='scalable')) = 11.05
2026-06-02 16:27:50,349 [DEBUG] matplotlib.font_manager: findfont: score(FontEntry(fname='C:\\Windows\\Fonts\\JOKERMAN.TTF', name='Jokerman', style='normal', variant='normal', weight=400, stretch='normal', size='scalable')) = 10.05
2026-06-02 16:27:50,349 [DEBUG] matplotlib.font_manager: findfont: score(FontEntry(fname='C:\\Windows\\Fonts\\segoeprb.ttf', name='Segoe Print', style='normal', variant='normal', weight=700, stretch='normal', size='scalable')) = 10.335
2026-06-02 16:27:50,349 [DEBUG] matplotlib.font_manager: findfont: score(FontEntry(fname='C:\\Windows\\Fonts\\SCRIPTBL.TTF', name='Script MT Bold', style='normal', variant='normal', weight=700, stretch='normal', size='scalable')) = 10.335
2026-06-02 16:27:50,349 [DEBUG] matplotlib.font_manager: findfont: score(FontEntry(fname='C:\\Windows\\Fonts\\LeelawUI.ttf', name='Leelawadee UI', style='normal', variant='normal', weight=400, stretch='normal', size='scalable')) = 10.05
2026-06-02 16:27:50,349 [DEBUG] matplotlib.font_manager: findfont: score(FontEntry(fname='C:\\Windows\\Fonts\\constanz.ttf', name='Constantia', style='italic', variant='normal', weight=700, stretch='normal', size='scalable')) = 11.335
2026-06-02 16:27:50,349 [DEBUG] matplotlib.font_manager: findfont: score(FontEntry(fname='C:\\Windows\\Fonts\\CENTURY.TTF', name='Century', style='normal', variant='normal', weight=400, stretch='normal', size='scalable')) = 10.05
2026-06-02 16:27:50,349 [DEBUG] matplotlib.font_manager: findfont: score(FontEntry(fname='C:\\Windows\\Fonts\\GOUDOSI.TTF', name='Goudy Old Style', style='italic', variant='normal', weight=400, stretch='normal', size='scalable')) = 11.05
2026-06-02 16:27:50,349 [DEBUG] matplotlib.font_manager: findfont: score(FontEntry(fname='C:\\Windows\\Fonts\\constani.ttf', name='Constantia', style='italic', variant='normal', weight=400, stretch='normal', size='scalable')) = 11.05
2026-06-02 16:27:50,349 [DEBUG] matplotlib.font_manager: findfont: score(FontEntry(fname='C:\\Windows\\Fonts\\tahomabd.ttf', name='Tahoma', style='normal', variant='normal', weight=700, stretch='normal', size='scalable')) = 10.335
2026-06-02 16:27:50,349 [DEBUG] matplotlib.font_manager: findfont: score(FontEntry(fname='C:\\Windows\\Fonts\\GILC____.TTF', name='Gill Sans MT Condensed', style='normal', variant='normal', weight=400, stretch='condensed', size='scalable')) = 10.25
2026-06-02 16:27:50,349 [DEBUG] matplotlib.font_manager: findfont: score(FontEntry(fname='C:\\Windows\\Fonts\\framdit.ttf', name='Franklin Gothic Medium', style='italic', variant='normal', weight=400, stretch='normal', size='scalable')) = 11.05
2026-06-02 16:27:50,349 [DEBUG] matplotlib.font_manager: findfont: score(FontEntry(fname='C:\\Windows\\Fonts\\LATINWD.TTF', name='Wide Latin', style='normal', variant='normal', weight=400, stretch='expanded', size='scalable')) = 10.25
2026-06-02 16:27:50,349 [DEBUG] matplotlib.font_manager: findfont: score(FontEntry(fname='C:\\Windows\\Fonts\\LHANDW.TTF', name='Lucida Handwriting', style='italic', variant='normal', weight=400, stretch='normal', size='scalable')) = 11.05
2026-06-02 16:27:50,349 [DEBUG] matplotlib.font_manager: findfont: score(FontEntry(fname='C:\\Windows\\Fonts\\STENCIL.TTF', name='Stencil', style='normal', variant='normal', weight=400, stretch='normal', size='scalable')) = 10.05
2026-06-02 16:27:50,349 [DEBUG] matplotlib.font_manager: findfont: score(FontEntry(fname='C:\\Windows\\Fonts\\corbelli.ttf', name='Corbel', style='italic', variant='normal', weight=300, stretch='normal', size='scalable')) = 11.145
2026-06-02 16:27:50,349 [DEBUG] matplotlib.font_manager: findfont: score(FontEntry(fname='C:\\Windows\\Fonts\\DUBAI-MEDIUM.TTF', name='Dubai', style='normal', variant='normal', weight=500, stretch='normal', size='scalable')) = 10.145
2026-06-02 16:27:50,350 [DEBUG] matplotlib.font_manager: findfont: score(FontEntry(fname='C:\\Windows\\Fonts\\constan.ttf', name='Constantia', style='normal', variant='normal', weight=400, stretch='normal', size='scalable')) = 10.05
2026-06-02 16:27:50,350 [DEBUG] matplotlib.font_manager: findfont: score(FontEntry(fname='C:\\Windows\\Fonts\\GILBI___.TTF', name='Gill Sans MT', style='italic', variant='normal', weight=700, stretch='normal', size='scalable')) = 11.335
2026-06-02 16:27:50,350 [DEBUG] matplotlib.font_manager: findfont: score(FontEntry(fname='C:\\Windows\\Fonts\\trebucit.ttf', name='Trebuchet MS', style='italic', variant='normal', weight=400, stretch='normal', size='scalable')) = 11.05
2026-06-02 16:27:50,350 [DEBUG] matplotlib.font_manager: findfont: score(FontEntry(fname='C:\\Windows\\Fonts\\BOD_R.TTF', name='Bodoni MT', style='normal', variant='normal', weight=400, stretch='normal', size='scalable')) = 10.05
2026-06-02 16:27:50,350 [DEBUG] matplotlib.font_manager: findfont: score(FontEntry(fname='C:\\Windows\\Fonts\\TCCB____.TTF', name='Tw Cen MT Condensed', style='normal', variant='normal', weight=700, stretch='condensed', size='scalable')) = 10.535
2026-06-02 16:27:50,350 [DEBUG] matplotlib.font_manager: findfont: score(FontEntry(fname='C:\\Windows\\Fonts\\WINGDNG2.TTF', name='Wingdings 2', style='normal', variant='normal', weight=400, stretch='normal', size='scalable')) = 10.05
2026-06-02 16:27:50,350 [DEBUG] matplotlib.font_manager: findfont: score(FontEntry(fname='C:\\Windows\\Fonts\\corbell.ttf', name='Corbel', style='normal', variant='normal', weight=300, stretch='normal', size='scalable')) = 10.145
2026-06-02 16:27:50,350 [DEBUG] matplotlib.font_manager: findfont: score(FontEntry(fname='C:\\Windows\\Fonts\\LeelUIsl.ttf', name='Leelawadee UI', style='normal', variant='normal', weight=350, stretch='normal', size='scalable')) = 10.0975
2026-06-02 16:27:50,350 [DEBUG] matplotlib.font_manager: findfont: score(FontEntry(fname='C:\\Windows\\Fonts\\mriam.ttf', name='Miriam', style='normal', variant='normal', weight=400, stretch='normal', size='scalable')) = 10.05
2026-06-02 16:27:50,350 [DEBUG] matplotlib.font_manager: findfont: score(FontEntry(fname='C:\\Windows\\Fonts\\mmrtextb.ttf', name='Myanmar Text', style='normal', variant='normal', weight=700, stretch='normal', size='scalable')) = 10.335
2026-06-02 16:27:50,350 [DEBUG] matplotlib.font_manager: findfont: score(FontEntry(fname='C:\\Windows\\Fonts\\PLAYBILL.TTF', name='Playbill', style='normal', variant='normal', weight=400, stretch='normal', size='scalable')) = 10.05
2026-06-02 16:27:50,350 [DEBUG] matplotlib.font_manager: findfont: score(FontEntry(fname='C:\\Windows\\Fonts\\BRADHITC.TTF', name='Bradley Hand ITC', style='normal', variant='normal', weight=400, stretch='normal', size='scalable')) = 10.05
2026-06-02 16:27:50,350 [DEBUG] matplotlib.font_manager: findfont: score(FontEntry(fname='C:\\Windows\\Fonts\\FRADMIT.TTF', name='Franklin Gothic Demi', style='italic', variant='normal', weight=400, stretch='normal', size='scalable')) = 11.05
2026-06-02 16:27:50,350 [DEBUG] matplotlib.font_manager: findfont: score(FontEntry(fname='C:\\Windows\\Fonts\\SCHLBKI.TTF', name='Century Schoolbook', style='italic', variant='normal', weight=400, stretch='normal', size='scalable')) = 11.05
2026-06-02 16:27:50,350 [DEBUG] matplotlib.font_manager: findfont: score(FontEntry(fname='C:\\Windows\\Fonts\\cambriaz.ttf', name='Cambria', style='italic', variant='normal', weight=700, stretch='normal', size='scalable')) = 11.335
2026-06-02 16:27:50,350 [DEBUG] matplotlib.font_manager: findfont: score(FontEntry(fname='C:\\Windows\\Fonts\\LBRITEI.TTF', name='Lucida Bright', style='italic', variant='normal', weight=400, stretch='normal', size='scalable')) = 11.05
2026-06-02 16:27:50,350 [DEBUG] matplotlib.font_manager: findfont: score(FontEntry(fname='C:\\Windows\\Fonts\\micross.ttf', name='Microsoft Sans Serif', style='normal', variant='normal', weight=400, stretch='normal', size='scalable')) = 10.05
2026-06-02 16:27:50,350 [DEBUG] matplotlib.font_manager: findfont: score(FontEntry(fname='C:\\Windows\\Fonts\\BOOKOSBI.TTF', name='Bookman Old Style', style='italic', variant='normal', weight=600, stretch='normal', size='scalable')) = 11.24
2026-06-02 16:27:50,350 [DEBUG] matplotlib.font_manager: findfont: score(FontEntry(fname='C:\\Windows\\Fonts\\COLONNA.TTF', name='Colonna MT', style='normal', variant='normal', weight=400, stretch='normal', size='scalable')) = 10.05
2026-06-02 16:27:50,350 [DEBUG] matplotlib.font_manager: findfont: score(FontEntry(fname='C:\\Windows\\Fonts\\YuGothL.ttc', name='Yu Gothic', style='normal', variant='normal', weight=300, stretch='normal', size='scalable')) = 10.145
2026-06-02 16:27:50,350 [DEBUG] matplotlib.font_manager: findfont: score(FontEntry(fname='C:\\Windows\\Fonts\\ntailu.ttf', name='Microsoft New Tai Lue', style='normal', variant='normal', weight=400, stretch='normal', size='scalable')) = 10.05
2026-06-02 16:27:50,350 [DEBUG] matplotlib.font_manager: findfont: score(FontEntry(fname='C:\\Windows\\Fonts\\ONYX.TTF', name='Onyx', style='normal', variant='normal', weight=400, stretch='normal', size='scalable')) = 10.05
2026-06-02 16:27:50,350 [DEBUG] matplotlib.font_manager: findfont: score(FontEntry(fname='C:\\Windows\\Fonts\\DUBAI-LIGHT.TTF', name='Dubai', style='normal', variant='normal', weight=300, stretch='normal', size='scalable')) = 10.145
2026-06-02 16:27:50,351 [DEBUG] matplotlib.font_manager: findfont: score(FontEntry(fname='C:\\Windows\\Fonts\\COPRGTL.TTF', name='Copperplate Gothic Light', style='normal', variant='normal', weight=400, stretch='normal', size='scalable')) = 10.05
2026-06-02 16:27:50,351 [DEBUG] matplotlib.font_manager: findfont: score(FontEntry(fname='C:\\Windows\\Fonts\\msgothic.ttc', name='MS Gothic', style='normal', variant='normal', weight=400, stretch='normal', size='scalable')) = 10.05
2026-06-02 16:27:50,351 [DEBUG] matplotlib.font_manager: findfont: score(FontEntry(fname='C:\\Windows\\Fonts\\lvnmbd.ttf', name='Levenim MT', style='normal', variant='normal', weight=700, stretch='normal', size='scalable')) = 10.335
2026-06-02 16:27:50,351 [DEBUG] matplotlib.font_manager: findfont: score(FontEntry(fname='C:\\Windows\\Fonts\\LeelaUIb.ttf', name='Leelawadee UI', style='normal', variant='normal', weight=700, stretch='normal', size='scalable')) = 10.335
2026-06-02 16:27:50,351 [DEBUG] matplotlib.font_manager: findfont: score(FontEntry(fname='C:\\Windows\\Fonts\\HTOWERTI.TTF', name='High Tower Text', style='italic', variant='normal', weight=400, stretch='normal', size='scalable')) = 11.05
2026-06-02 16:27:50,351 [DEBUG] matplotlib.font_manager: findfont: score(FontEntry(fname='C:\\Windows\\Fonts\\AGENCYR.TTF', name='Agency FB', style='normal', variant='normal', weight=400, stretch='normal', size='scalable')) = 10.05
2026-06-02 16:27:50,351 [DEBUG] matplotlib.font_manager: findfont: score(FontEntry(fname='C:\\Windows\\Fonts\\GOTHICI.TTF', name='Century Gothic', style='italic', variant='normal', weight=400, stretch='normal', size='scalable')) = 11.05
2026-06-02 16:27:50,351 [DEBUG] matplotlib.font_manager: findfont: score(FontEntry(fname='C:\\Windows\\Fonts\\BOD_BLAI.TTF', name='Bodoni MT', style='italic', variant='normal', weight=900, stretch='normal', size='scalable')) = 11.525
2026-06-02 16:27:50,351 [DEBUG] matplotlib.font_manager: findfont: score(FontEntry(fname='C:\\Windows\\Fonts\\calibri.ttf', name='Calibri', style='normal', variant='normal', weight=400, stretch='normal', size='scalable')) = 10.05
2026-06-02 16:27:50,351 [DEBUG] matplotlib.font_manager: findfont: score(FontEntry(fname='C:\\Windows\\Fonts\\INFROMAN.TTF', name='Informal Roman', style='normal', variant='normal', weight=400, stretch='normal', size='scalable')) = 10.05
2026-06-02 16:27:50,351 [DEBUG] matplotlib.font_manager: findfont: score(FontEntry(fname='C:\\Windows\\Fonts\\lvnm.ttf', name='Levenim MT', style='normal', variant='normal', weight=400, stretch='normal', size='scalable')) = 10.05
2026-06-02 16:27:50,351 [DEBUG] matplotlib.font_manager: findfont: score(FontEntry(fname='C:\\Windows\\Fonts\\TCBI____.TTF', name='Tw Cen MT', style='italic', variant='normal', weight=700, stretch='normal', size='scalable')) = 11.335
2026-06-02 16:27:50,351 [DEBUG] matplotlib.font_manager: findfont: score(FontEntry(fname='C:\\Windows\\Fonts\\Candarali.ttf', name='Candara', style='italic', variant='normal', weight=400, stretch='normal', size='scalable')) = 11.05
2026-06-02 16:27:50,351 [DEBUG] matplotlib.font_manager: findfont: score(FontEntry(fname='C:\\Windows\\Fonts\\BELLB.TTF', name='Bell MT', style='normal', variant='normal', weight=700, stretch='normal', size='scalable')) = 10.335
2026-06-02 16:27:50,351 [DEBUG] matplotlib.font_manager: findfont: score(FontEntry(fname='C:\\Windows\\Fonts\\seguisli.ttf', name='Segoe UI', style='italic', variant='normal', weight=350, stretch='normal', size='scalable')) = 11.0975
2026-06-02 16:27:50,351 [DEBUG] matplotlib.font_manager: findfont: score(FontEntry(fname='C:\\Windows\\Fonts\\ARLRDBD.TTF', name='Arial Rounded MT Bold', style='normal', variant='normal', weight=400, stretch='normal', size='scalable')) = 10.05
2026-06-02 16:27:50,351 [DEBUG] matplotlib.font_manager: findfont: Matching sans\-serif:style=normal:variant=normal:weight=normal:stretch=normal:size=10.0 to DejaVu Sans ('C:\\Users\\danie\\Documents\\VIBE_CODING\\EX2\\.venv\\Lib\\site-packages\\matplotlib\\mpl-data\\fonts\\ttf\\DejaVuSans.ttf') with score of 0.050000.
2026-06-02 16:27:50,442 [DEBUG] matplotlib.font_manager: findfont: Matching sans\-serif:style=normal:variant=normal:weight=normal:stretch=normal:size=12.0.
2026-06-02 16:27:50,442 [DEBUG] matplotlib.font_manager: findfont: score(FontEntry(fname='C:\\Users\\danie\\Documents\\VIBE_CODING\\EX2\\.venv\\Lib\\site-packages\\matplotlib\\mpl-data\\fonts\\ttf\\DejaVuSans.ttf', name='DejaVu Sans', style='normal', variant='normal', weight=400, stretch='normal', size='scalable')) = 0.05
2026-06-02 16:27:50,442 [DEBUG] matplotlib.font_manager: findfont: score(FontEntry(fname='C:\\Users\\danie\\Documents\\VIBE_CODING\\EX2\\.venv\\Lib\\site-packages\\matplotlib\\mpl-data\\fonts\\ttf\\DejaVuSerif.ttf', name='DejaVu Serif', style='normal', variant='normal', weight=400, stretch='normal', size='scalable')) = 10.05
2026-06-02 16:27:50,442 [DEBUG] matplotlib.font_manager: findfont: score(FontEntry(fname='C:\\Users\\danie\\Documents\\VIBE_CODING\\EX2\\.venv\\Lib\\site-packages\\matplotlib\\mpl-data\\fonts\\ttf\\STIXSizOneSymReg.ttf', name='STIXSizeOneSym', style='normal', variant='normal', weight=400, stretch='normal', size='scalable')) = 10.05
2026-06-02 16:27:50,442 [DEBUG] matplotlib.font_manager: findfont: score(FontEntry(fname='C:\\Users\\danie\\Documents\\VIBE_CODING\\EX2\\.venv\\Lib\\site-packages\\matplotlib\\mpl-data\\fonts\\ttf\\DejaVuSerifDisplay.ttf', name='DejaVu Serif Display', style='normal', variant='normal', weight=400, stretch='normal', size='scalable')) = 10.05
2026-06-02 16:27:50,442 [DEBUG] matplotlib.font_manager: findfont: score(FontEntry(fname='C:\\Users\\danie\\Documents\\VIBE_CODING\\EX2\\.venv\\Lib\\site-packages\\matplotlib\\mpl-data\\fonts\\ttf\\cmmi10.ttf', name='cmmi10', style='normal', variant='normal', weight=400, stretch='normal', size='scalable')) = 10.05
2026-06-02 16:27:50,443 [DEBUG] matplotlib.font_manager: findfont: score(FontEntry(fname='C:\\Users\\danie\\Documents\\VIBE_CODING\\EX2\\.venv\\Lib\\site-packages\\matplotlib\\mpl-data\\fonts\\ttf\\DejaVuSans-Bold.ttf', name='DejaVu Sans', style='normal', variant='normal', weight=700, stretch='normal', size='scalable')) = 0.33499999999999996
2026-06-02 16:27:50,443 [DEBUG] matplotlib.font_manager: findfont: score(FontEntry(fname='C:\\Users\\danie\\Documents\\VIBE_CODING\\EX2\\.venv\\Lib\\site-packages\\matplotlib\\mpl-data\\fonts\\ttf\\DejaVuSerif-Italic.ttf', name='DejaVu Serif', style='italic', variant='normal', weight=400, stretch='normal', size='scalable')) = 11.05
2026-06-02 16:27:50,443 [DEBUG] matplotlib.font_manager: findfont: score(FontEntry(fname='C:\\Users\\danie\\Documents\\VIBE_CODING\\EX2\\.venv\\Lib\\site-packages\\matplotlib\\mpl-data\\fonts\\ttf\\STIXNonUniIta.ttf', name='STIXNonUnicode', style='italic', variant='normal', weight=400, stretch='normal', size='scalable')) = 11.05
2026-06-02 16:27:50,443 [DEBUG] matplotlib.font_manager: findfont: score(FontEntry(fname='C:\\Users\\danie\\Documents\\VIBE_CODING\\EX2\\.venv\\Lib\\site-packages\\matplotlib\\mpl-data\\fonts\\ttf\\DejaVuSans-Oblique.ttf', name='DejaVu Sans', style='oblique', variant='normal', weight=400, stretch='normal', size='scalable')) = 1.05
2026-06-02 16:27:50,443 [DEBUG] matplotlib.font_manager: findfont: score(FontEntry(fname='C:\\Users\\danie\\Documents\\VIBE_CODING\\EX2\\.venv\\Lib\\site-packages\\matplotlib\\mpl-data\\fonts\\ttf\\STIXSizOneSymBol.ttf', name='STIXSizeOneSym', style='normal', variant='normal', weight=700, stretch='normal', size='scalable')) = 10.335
2026-06-02 16:27:50,443 [DEBUG] matplotlib.font_manager: findfont: score(FontEntry(fname='C:\\Users\\danie\\Documents\\VIBE_CODING\\EX2\\.venv\\Lib\\site-packages\\matplotlib\\mpl-data\\fonts\\ttf\\cmsy10.ttf', name='cmsy10', style='normal', variant='normal', weight=400, stretch='normal', size='scalable')) = 10.05
2026-06-02 16:27:50,443 [DEBUG] matplotlib.font_manager: findfont: score(FontEntry(fname='C:\\Users\\danie\\Documents\\VIBE_CODING\\EX2\\.venv\\Lib\\site-packages\\matplotlib\\mpl-data\\fonts\\ttf\\cmss10.ttf', name='cmss10', style='normal', variant='normal', weight=400, stretch='normal', size='scalable')) = 10.05
2026-06-02 16:27:50,443 [DEBUG] matplotlib.font_manager: findfont: score(FontEntry(fname='C:\\Users\\danie\\Documents\\VIBE_CODING\\EX2\\.venv\\Lib\\site-packages\\matplotlib\\mpl-data\\fonts\\ttf\\STIXSizThreeSymBol.ttf', name='STIXSizeThreeSym', style='normal', variant='normal', weight=700, stretch='normal', size='scalable')) = 10.335
2026-06-02 16:27:50,443 [DEBUG] matplotlib.font_manager: findfont: score(FontEntry(fname='C:\\Users\\danie\\Documents\\VIBE_CODING\\EX2\\.venv\\Lib\\site-packages\\matplotlib\\mpl-data\\fonts\\ttf\\cmex10.ttf', name='cmex10', style='normal', variant='normal', weight=400, stretch='normal', size='scalable')) = 10.05
2026-06-02 16:27:50,443 [DEBUG] matplotlib.font_manager: findfont: score(FontEntry(fname='C:\\Users\\danie\\Documents\\VIBE_CODING\\EX2\\.venv\\Lib\\site-packages\\matplotlib\\mpl-data\\fonts\\ttf\\DejaVuSansMono-Oblique.ttf', name='DejaVu Sans Mono', style='oblique', variant='normal', weight=400, stretch='normal', size='scalable')) = 11.05
2026-06-02 16:27:50,443 [DEBUG] matplotlib.font_manager: findfont: score(FontEntry(fname='C:\\Users\\danie\\Documents\\VIBE_CODING\\EX2\\.venv\\Lib\\site-packages\\matplotlib\\mpl-data\\fonts\\ttf\\STIXSizFourSymReg.ttf', name='STIXSizeFourSym', style='normal', variant='normal', weight=400, stretch='normal', size='scalable')) = 10.05
2026-06-02 16:27:50,443 [DEBUG] matplotlib.font_manager: findfont: score(FontEntry(fname='C:\\Users\\danie\\Documents\\VIBE_CODING\\EX2\\.venv\\Lib\\site-packages\\matplotlib\\mpl-data\\fonts\\ttf\\DejaVuSansDisplay.ttf', name='DejaVu Sans Display', style='normal', variant='normal', weight=400, stretch='normal', size='scalable')) = 10.05
2026-06-02 16:27:50,443 [DEBUG] matplotlib.font_manager: findfont: score(FontEntry(fname='C:\\Users\\danie\\Documents\\VIBE_CODING\\EX2\\.venv\\Lib\\site-packages\\matplotlib\\mpl-data\\fonts\\ttf\\STIXGeneralBolIta.ttf', name='STIXGeneral', style='italic', variant='normal', weight=700, stretch='normal', size='scalable')) = 11.335
2026-06-02 16:27:50,443 [DEBUG] matplotlib.font_manager: findfont: score(FontEntry(fname='C:\\Users\\danie\\Documents\\VIBE_CODING\\EX2\\.venv\\Lib\\site-packages\\matplotlib\\mpl-data\\fonts\\ttf\\DejaVuSans-BoldOblique.ttf', name='DejaVu Sans', style='oblique', variant='normal', weight=700, stretch='normal', size='scalable')) = 1.335
2026-06-02 16:27:50,443 [DEBUG] matplotlib.font_manager: findfont: score(FontEntry(fname='C:\\Users\\danie\\Documents\\VIBE_CODING\\EX2\\.venv\\Lib\\site-packages\\matplotlib\\mpl-data\\fonts\\ttf\\DejaVuSerif-Bold.ttf', name='DejaVu Serif', style='normal', variant='normal', weight=700, stretch='normal', size='scalable')) = 10.335
2026-06-02 16:27:50,443 [DEBUG] matplotlib.font_manager: findfont: score(FontEntry(fname='C:\\Users\\danie\\Documents\\VIBE_CODING\\EX2\\.venv\\Lib\\site-packages\\matplotlib\\mpl-data\\fonts\\ttf\\STIXSizTwoSymReg.ttf', name='STIXSizeTwoSym', style='normal', variant='normal', weight=400, stretch='normal', size='scalable')) = 10.05
2026-06-02 16:27:50,443 [DEBUG] matplotlib.font_manager: findfont: score(FontEntry(fname='C:\\Users\\danie\\Documents\\VIBE_CODING\\EX2\\.venv\\Lib\\site-packages\\matplotlib\\mpl-data\\fonts\\ttf\\STIXSizFourSymBol.ttf', name='STIXSizeFourSym', style='normal', variant='normal', weight=700, stretch='normal', size='scalable')) = 10.335
2026-06-02 16:27:50,443 [DEBUG] matplotlib.font_manager: findfont: score(FontEntry(fname='C:\\Users\\danie\\Documents\\VIBE_CODING\\EX2\\.venv\\Lib\\site-packages\\matplotlib\\mpl-data\\fonts\\ttf\\DejaVuSerif-BoldItalic.ttf', name='DejaVu Serif', style='italic', variant='normal', weight=700, stretch='normal', size='scalable')) = 11.335
2026-06-02 16:27:50,443 [DEBUG] matplotlib.font_manager: findfont: score(FontEntry(fname='C:\\Users\\danie\\Documents\\VIBE_CODING\\EX2\\.venv\\Lib\\site-packages\\matplotlib\\mpl-data\\fonts\\ttf\\STIXSizTwoSymBol.ttf', name='STIXSizeTwoSym', style='normal', variant='normal', weight=700, stretch='normal', size='scalable')) = 10.335
2026-06-02 16:27:50,443 [DEBUG] matplotlib.font_manager: findfont: score(FontEntry(fname='C:\\Users\\danie\\Documents\\VIBE_CODING\\EX2\\.venv\\Lib\\site-packages\\matplotlib\\mpl-data\\fonts\\ttf\\STIXSizThreeSymReg.ttf', name='STIXSizeThreeSym', style='normal', variant='normal', weight=400, stretch='normal', size='scalable')) = 10.05
2026-06-02 16:27:50,443 [DEBUG] matplotlib.font_manager: findfont: score(FontEntry(fname='C:\\Users\\danie\\Documents\\VIBE_CODING\\EX2\\.venv\\Lib\\site-packages\\matplotlib\\mpl-data\\fonts\\ttf\\DejaVuSansMono-Bold.ttf', name='DejaVu Sans Mono', style='normal', variant='normal', weight=700, stretch='normal', size='scalable')) = 10.335
2026-06-02 16:27:50,443 [DEBUG] matplotlib.font_manager: findfont: score(FontEntry(fname='C:\\Users\\danie\\Documents\\VIBE_CODING\\EX2\\.venv\\Lib\\site-packages\\matplotlib\\mpl-data\\fonts\\ttf\\STIXGeneral.ttf', name='STIXGeneral', style='normal', variant='normal', weight=400, stretch='normal', size='scalable')) = 10.05
2026-06-02 16:27:50,443 [DEBUG] matplotlib.font_manager: findfont: score(FontEntry(fname='C:\\Users\\danie\\Documents\\VIBE_CODING\\EX2\\.venv\\Lib\\site-packages\\matplotlib\\mpl-data\\fonts\\ttf\\DejaVuSansMono.ttf', name='DejaVu Sans Mono', style='normal', variant='normal', weight=400, stretch='normal', size='scalable')) = 10.05
2026-06-02 16:27:50,444 [DEBUG] matplotlib.font_manager: findfont: score(FontEntry(fname='C:\\Users\\danie\\Documents\\VIBE_CODING\\EX2\\.venv\\Lib\\site-packages\\matplotlib\\mpl-data\\fonts\\ttf\\STIXNonUni.ttf', name='STIXNonUnicode', style='normal', variant='normal', weight=400, stretch='normal', size='scalable')) = 10.05
2026-06-02 16:27:50,444 [DEBUG] matplotlib.font_manager: findfont: score(FontEntry(fname='C:\\Users\\danie\\Documents\\VIBE_CODING\\EX2\\.venv\\Lib\\site-packages\\matplotlib\\mpl-data\\fonts\\ttf\\STIXNonUniBol.ttf', name='STIXNonUnicode', style='normal', variant='normal', weight=700, stretch='normal', size='scalable')) = 10.335
2026-06-02 16:27:50,444 [DEBUG] matplotlib.font_manager: findfont: score(FontEntry(fname='C:\\Users\\danie\\Documents\\VIBE_CODING\\EX2\\.venv\\Lib\\site-packages\\matplotlib\\mpl-data\\fonts\\ttf\\STIXNonUniBolIta.ttf', name='STIXNonUnicode', style='italic', variant='normal', weight=700, stretch='normal', size='scalable')) = 11.335
2026-06-02 16:27:50,444 [DEBUG] matplotlib.font_manager: findfont: score(FontEntry(fname='C:\\Users\\danie\\Documents\\VIBE_CODING\\EX2\\.venv\\Lib\\site-packages\\matplotlib\\mpl-data\\fonts\\ttf\\cmb10.ttf', name='cmb10', style='normal', variant='normal', weight=400, stretch='normal', size='scalable')) = 10.05
2026-06-02 16:27:50,444 [DEBUG] matplotlib.font_manager: findfont: score(FontEntry(fname='C:\\Users\\danie\\Documents\\VIBE_CODING\\EX2\\.venv\\Lib\\site-packages\\matplotlib\\mpl-data\\fonts\\ttf\\STIXSizFiveSymReg.ttf', name='STIXSizeFiveSym', style='normal', variant='normal', weight=400, stretch='normal', size='scalable')) = 10.05
2026-06-02 16:27:50,444 [DEBUG] matplotlib.font_manager: findfont: score(FontEntry(fname='C:\\Users\\danie\\Documents\\VIBE_CODING\\EX2\\.venv\\Lib\\site-packages\\matplotlib\\mpl-data\\fonts\\ttf\\DejaVuSansMono-BoldOblique.ttf', name='DejaVu Sans Mono', style='oblique', variant='normal', weight=700, stretch='normal', size='scalable')) = 11.335
2026-06-02 16:27:50,444 [DEBUG] matplotlib.font_manager: findfont: score(FontEntry(fname='C:\\Users\\danie\\Documents\\VIBE_CODING\\EX2\\.venv\\Lib\\site-packages\\matplotlib\\mpl-data\\fonts\\ttf\\STIXGeneralItalic.ttf', name='STIXGeneral', style='italic', variant='normal', weight=400, stretch='normal', size='scalable')) = 11.05
2026-06-02 16:27:50,444 [DEBUG] matplotlib.font_manager: findfont: score(FontEntry(fname='C:\\Users\\danie\\Documents\\VIBE_CODING\\EX2\\.venv\\Lib\\site-packages\\matplotlib\\mpl-data\\fonts\\ttf\\cmr10.ttf', name='cmr10', style='normal', variant='normal', weight=400, stretch='normal', size='scalable')) = 10.05
2026-06-02 16:27:50,444 [DEBUG] matplotlib.font_manager: findfont: score(FontEntry(fname='C:\\Users\\danie\\Documents\\VIBE_CODING\\EX2\\.venv\\Lib\\site-packages\\matplotlib\\mpl-data\\fonts\\ttf\\STIXGeneralBol.ttf', name='STIXGeneral', style='normal', variant='normal', weight=700, stretch='normal', size='scalable')) = 10.335
2026-06-02 16:27:50,444 [DEBUG] matplotlib.font_manager: findfont: score(FontEntry(fname='C:\\Users\\danie\\Documents\\VIBE_CODING\\EX2\\.venv\\Lib\\site-packages\\matplotlib\\mpl-data\\fonts\\ttf\\cmtt10.ttf', name='cmtt10', style='normal', variant='normal', weight=400, stretch='normal', size='scalable')) = 10.05
2026-06-02 16:27:50,444 [DEBUG] matplotlib.font_manager: findfont: score(FontEntry(fname='C:\\Windows\\Fonts\\BAUHS93.TTF', name='Bauhaus 93', style='normal', variant='normal', weight=400, stretch='normal', size='scalable')) = 10.05
2026-06-02 16:27:50,445 [DEBUG] matplotlib.font_manager: findfont: score(FontEntry(fname='C:\\Windows\\Fonts\\ITCKRIST.TTF', name='Kristen ITC', style='normal', variant='normal', weight=400, stretch='normal', size='scalable')) = 10.05
2026-06-02 16:27:50,445 [DEBUG] matplotlib.font_manager: findfont: score(FontEntry(fname='C:\\Windows\\Fonts\\himalaya.ttf', name='Microsoft Himalaya', style='normal', variant='normal', weight=400, stretch='normal', size='scalable')) = 10.05
2026-06-02 16:27:50,445 [DEBUG] matplotlib.font_manager: findfont: score(FontEntry(fname='C:\\Windows\\Fonts\\ROCKEB.TTF', name='Rockwell Extra Bold', style='normal', variant='normal', weight=800, stretch='normal', size='scalable')) = 10.43
2026-06-02 16:27:50,445 [DEBUG] matplotlib.font_manager: findfont: score(FontEntry(fname='C:\\Windows\\Fonts\\FELIXTI.TTF', name='Felix Titling', style='normal', variant='normal', weight=400, stretch='normal', size='scalable')) = 10.05
2026-06-02 16:27:50,445 [DEBUG] matplotlib.font_manager: findfont: score(FontEntry(fname='C:\\Windows\\Fonts\\ELEPHNT.TTF', name='Elephant', style='normal', variant='normal', weight=400, stretch='normal', size='scalable')) = 10.05
2026-06-02 16:27:50,445 [DEBUG] matplotlib.font_manager: findfont: score(FontEntry(fname='C:\\Windows\\Fonts\\BOD_CB.TTF', name='Bodoni MT', style='normal', variant='normal', weight=700, stretch='condensed', size='scalable')) = 10.535
2026-06-02 16:27:50,445 [DEBUG] matplotlib.font_manager: findfont: score(FontEntry(fname='C:\\Windows\\Fonts\\segoeuisl.ttf', name='Segoe UI', style='normal', variant='normal', weight=350, stretch='normal', size='scalable')) = 10.0975
2026-06-02 16:27:50,445 [DEBUG] matplotlib.font_manager: findfont: score(FontEntry(fname='C:\\Windows\\Fonts\\GILLUBCD.TTF', name='Gill Sans Ultra Bold Condensed', style='normal', variant='normal', weight=400, stretch='condensed', size='scalable')) = 10.25
2026-06-02 16:27:50,445 [DEBUG] matplotlib.font_manager: findfont: score(FontEntry(fname='C:\\Windows\\Fonts\\cambriab.ttf', name='Cambria', style='normal', variant='normal', weight=700, stretch='normal', size='scalable')) = 10.335
2026-06-02 16:27:50,445 [DEBUG] matplotlib.font_manager: findfont: score(FontEntry(fname='C:\\Windows\\Fonts\\DUBAI-BOLD.TTF', name='Dubai', style='normal', variant='normal', weight=700, stretch='normal', size='scalable')) = 10.335
2026-06-02 16:27:50,445 [DEBUG] matplotlib.font_manager: findfont: score(FontEntry(fname='C:\\Windows\\Fonts\\trebuc.ttf', name='Trebuchet MS', style='normal', variant='normal', weight=400, stretch='normal', size='scalable')) = 10.05
2026-06-02 16:27:50,445 [DEBUG] matplotlib.font_manager: findfont: score(FontEntry(fname='C:\\Windows\\Fonts\\javatext.ttf', name='Javanese Text', style='normal', variant='normal', weight=400, stretch='normal', size='scalable')) = 10.05
2026-06-02 16:27:50,445 [DEBUG] matplotlib.font_manager: findfont: score(FontEntry(fname='C:\\Windows\\Fonts\\mingliub.ttc', name='MingLiU-ExtB', style='normal', variant='normal', weight=400, stretch='normal', size='scalable')) = 10.05
2026-06-02 16:27:50,445 [DEBUG] matplotlib.font_manager: findfont: score(FontEntry(fname='C:\\Windows\\Fonts\\AGENCYB.TTF', name='Agency FB', style='normal', variant='normal', weight=700, stretch='normal', size='scalable')) = 10.335
2026-06-02 16:27:50,445 [DEBUG] matplotlib.font_manager: findfont: score(FontEntry(fname='C:\\Windows\\Fonts\\timesi.ttf', name='Times New Roman', style='italic', variant='normal', weight=400, stretch='normal', size='scalable')) = 11.05
2026-06-02 16:27:50,445 [DEBUG] matplotlib.font_manager: findfont: score(FontEntry(fname='C:\\Windows\\Fonts\\BOD_CI.TTF', name='Bodoni MT', style='italic', variant='normal', weight=400, stretch='condensed', size='scalable')) = 11.25
2026-06-02 16:27:50,445 [DEBUG] matplotlib.font_manager: findfont: score(FontEntry(fname='C:\\Windows\\Fonts\\ANTQUAB.TTF', name='Book Antiqua', style='normal', variant='normal', weight=700, stretch='normal', size='scalable')) = 10.335
2026-06-02 16:27:50,445 [DEBUG] matplotlib.font_manager: findfont: score(FontEntry(fname='C:\\Windows\\Fonts\\ahronbd.ttf', name='Aharoni', style='normal', variant='normal', weight=700, stretch='normal', size='scalable')) = 10.335
2026-06-02 16:27:50,445 [DEBUG] matplotlib.font_manager: findfont: score(FontEntry(fname='C:\\Windows\\Fonts\\BRUSHSCI.TTF', name='Brush Script MT', style='italic', variant='normal', weight=400, stretch='normal', size='scalable')) = 11.05
2026-06-02 16:27:50,445 [DEBUG] matplotlib.font_manager: findfont: score(FontEntry(fname='C:\\Windows\\Fonts\\ROCCB___.TTF', name='Rockwell Condensed', style='normal', variant='normal', weight=700, stretch='condensed', size='scalable')) = 10.535
2026-06-02 16:27:50,445 [DEBUG] matplotlib.font_manager: findfont: score(FontEntry(fname='C:\\Windows\\Fonts\\FREESCPT.TTF', name='Freestyle Script', style='normal', variant='normal', weight=400, stretch='normal', size='scalable')) = 10.05
2026-06-02 16:27:50,445 [DEBUG] matplotlib.font_manager: findfont: score(FontEntry(fname='C:\\Windows\\Fonts\\palabi.ttf', name='Palatino Linotype', style='italic', variant='normal', weight=700, stretch='normal', size='scalable')) = 11.335
2026-06-02 16:27:50,446 [DEBUG] matplotlib.font_manager: findfont: score(FontEntry(fname='C:\\Windows\\Fonts\\TCMI____.TTF', name='Tw Cen MT', style='italic', variant='normal', weight=400, stretch='normal', size='scalable')) = 11.05
2026-06-02 16:27:50,446 [DEBUG] matplotlib.font_manager: findfont: score(FontEntry(fname='C:\\Windows\\Fonts\\MTEXTRA.TTF', name='MT Extra', style='normal', variant='normal', weight=400, stretch='normal', size='scalable')) = 10.05
2026-06-02 16:27:50,446 [DEBUG] matplotlib.font_manager: findfont: score(FontEntry(fname='C:\\Windows\\Fonts\\LFAX.TTF', name='Lucida Fax', style='normal', variant='normal', weight=400, stretch='normal', size='scalable')) = 10.05
2026-06-02 16:27:50,446 [DEBUG] matplotlib.font_manager: findfont: score(FontEntry(fname='C:\\Windows\\Fonts\\RAVIE.TTF', name='Ravie', style='normal', variant='normal', weight=400, stretch='normal', size='scalable')) = 10.05
2026-06-02 16:27:50,446 [DEBUG] matplotlib.font_manager: findfont: score(FontEntry(fname='C:\\Windows\\Fonts\\segoescb.ttf', name='Segoe Script', style='normal', variant='normal', weight=700, stretch='normal', size='scalable')) = 10.335
2026-06-02 16:27:50,446 [DEBUG] matplotlib.font_manager: findfont: score(FontEntry(fname='C:\\Windows\\Fonts\\GARA.TTF', name='Garamond', style='normal', variant='normal', weight=400, stretch='normal', size='scalable')) = 10.05
2026-06-02 16:27:50,446 [DEBUG] matplotlib.font_manager: findfont: score(FontEntry(fname='C:\\Windows\\Fonts\\ITCBLKAD.TTF', name='Blackadder ITC', style='normal', variant='normal', weight=400, stretch='normal', size='scalable')) = 10.05
2026-06-02 16:27:50,446 [DEBUG] matplotlib.font_manager: findfont: score(FontEntry(fname='C:\\Windows\\Fonts\\simsun.ttc', name='SimSun', style='normal', variant='normal', weight=400, stretch='normal', size='scalable')) = 10.05
2026-06-02 16:27:50,446 [DEBUG] matplotlib.font_manager: findfont: score(FontEntry(fname='C:\\Windows\\Fonts\\segmdl2.ttf', name='Segoe MDL2 Assets', style='normal', variant='normal', weight=400, stretch='normal', size='scalable')) = 10.05
2026-06-02 16:27:50,446 [DEBUG] matplotlib.font_manager: findfont: score(FontEntry(fname='C:\\Windows\\Fonts\\gishabd.ttf', name='Gisha', style='normal', variant='normal', weight=700, stretch='normal', size='scalable')) = 10.335
2026-06-02 16:27:50,446 [DEBUG] matplotlib.font_manager: findfont: score(FontEntry(fname='C:\\Windows\\Fonts\\CALIFI.TTF', name='Californian FB', style='italic', variant='normal', weight=400, stretch='normal', size='scalable')) = 11.05
2026-06-02 16:27:50,446 [DEBUG] matplotlib.font_manager: findfont: score(FontEntry(fname='C:\\Windows\\Fonts\\verdanaz.ttf', name='Verdana', style='italic', variant='normal', weight=700, stretch='normal', size='scalable')) = 4.971363636363637
2026-06-02 16:27:50,446 [DEBUG] matplotlib.font_manager: findfont: score(FontEntry(fname='C:\\Windows\\Fonts\\MSUIGHUR.TTF', name='Microsoft Uighur', style='normal', variant='normal', weight=400, stretch='normal', size='scalable')) = 10.05
2026-06-02 16:27:50,446 [DEBUG] matplotlib.font_manager: findfont: score(FontEntry(fname='C:\\Windows\\Fonts\\TCCM____.TTF', name='Tw Cen MT Condensed', style='normal', variant='normal', weight=400, stretch='condensed', size='scalable')) = 10.25
2026-06-02 16:27:50,446 [DEBUG] matplotlib.font_manager: findfont: score(FontEntry(fname='C:\\Windows\\Fonts\\segoeuib.ttf', name='Segoe UI', style='normal', variant='normal', weight=700, stretch='normal', size='scalable')) = 10.335
2026-06-02 16:27:50,446 [DEBUG] matplotlib.font_manager: findfont: score(FontEntry(fname='C:\\Windows\\Fonts\\mmrtext.ttf', name='Myanmar Text', style='normal', variant='normal', weight=400, stretch='normal', size='scalable')) = 10.05
2026-06-02 16:27:50,446 [DEBUG] matplotlib.font_manager: findfont: score(FontEntry(fname='C:\\Windows\\Fonts\\symbol.ttf', name='Symbol', style='normal', variant='normal', weight=400, stretch='normal', size='scalable')) = 10.05
2026-06-02 16:27:50,446 [DEBUG] matplotlib.font_manager: findfont: score(FontEntry(fname='C:\\Windows\\Fonts\\ntailub.ttf', name='Microsoft New Tai Lue', style='normal', variant='normal', weight=700, stretch='normal', size='scalable')) = 10.335
2026-06-02 16:27:50,446 [DEBUG] matplotlib.font_manager: findfont: score(FontEntry(fname='C:\\Windows\\Fonts\\LSANS.TTF', name='Lucida Sans', style='normal', variant='normal', weight=400, stretch='normal', size='scalable')) = 10.05
2026-06-02 16:27:50,446 [DEBUG] matplotlib.font_manager: findfont: score(FontEntry(fname='C:\\Windows\\Fonts\\LSANSI.TTF', name='Lucida Sans', style='italic', variant='normal', weight=400, stretch='normal', size='scalable')) = 11.05
2026-06-02 16:27:50,446 [DEBUG] matplotlib.font_manager: findfont: score(FontEntry(fname='C:\\Windows\\Fonts\\MAGNETOB.TTF', name='Magneto', style='normal', variant='normal', weight=700, stretch='normal', size='scalable')) = 10.335
2026-06-02 16:27:50,446 [DEBUG] matplotlib.font_manager: findfont: score(FontEntry(fname='C:\\Windows\\Fonts\\POORICH.TTF', name='Poor Richard', style='normal', variant='normal', weight=400, stretch='normal', size='scalable')) = 10.05
2026-06-02 16:27:50,446 [DEBUG] matplotlib.font_manager: findfont: score(FontEntry(fname='C:\\Windows\\Fonts\\PARCHM.TTF', name='Parchment', style='normal', variant='normal', weight=400, stretch='normal', size='scalable')) = 10.05
2026-06-02 16:27:50,446 [DEBUG] matplotlib.font_manager: findfont: score(FontEntry(fname='C:\\Windows\\Fonts\\nrkis.ttf', name='Narkisim', style='normal', variant='normal', weight=400, stretch='normal', size='scalable')) = 10.05
2026-06-02 16:27:50,446 [DEBUG] matplotlib.font_manager: findfont: score(FontEntry(fname='C:\\Windows\\Fonts\\consolab.ttf', name='Consolas', style='normal', variant='normal', weight=700, stretch='normal', size='scalable')) = 10.335
2026-06-02 16:27:50,446 [DEBUG] matplotlib.font_manager: findfont: score(FontEntry(fname='C:\\Windows\\Fonts\\BOD_I.TTF', name='Bodoni MT', style='italic', variant='normal', weight=400, stretch='normal', size='scalable')) = 11.05
2026-06-02 16:27:50,447 [DEBUG] matplotlib.font_manager: findfont: score(FontEntry(fname='C:\\Windows\\Fonts\\GOUDOSB.TTF', name='Goudy Old Style', style='normal', variant='normal', weight=700, stretch='normal', size='scalable')) = 10.335
2026-06-02 16:27:50,447 [DEBUG] matplotlib.font_manager: findfont: score(FontEntry(fname='C:\\Windows\\Fonts\\ariblk.ttf', name='Arial', style='normal', variant='normal', weight=900, stretch='normal', size='scalable')) = 6.888636363636364
2026-06-02 16:27:50,447 [DEBUG] matplotlib.font_manager: findfont: score(FontEntry(fname='C:\\Windows\\Fonts\\SimsunExtG.ttf', name='SimSun-ExtG', style='normal', variant='normal', weight=400, stretch='normal', size='scalable')) = 10.05
2026-06-02 16:27:50,447 [DEBUG] matplotlib.font_manager: findfont: score(FontEntry(fname='C:\\Windows\\Fonts\\Nirmala.ttc', name='Nirmala UI', style='normal', variant='normal', weight=400, stretch='normal', size='scalable')) = 10.05
2026-06-02 16:27:50,447 [DEBUG] matplotlib.font_manager: findfont: score(FontEntry(fname='C:\\Windows\\Fonts\\PERBI___.TTF', name='Perpetua', style='italic', variant='normal', weight=700, stretch='normal', size='scalable')) = 11.335
2026-06-02 16:27:50,447 [DEBUG] matplotlib.font_manager: findfont: score(FontEntry(fname='C:\\Windows\\Fonts\\COPRGTB.TTF', name='Copperplate Gothic Bold', style='normal', variant='normal', weight=400, stretch='normal', size='scalable')) = 10.05
2026-06-02 16:27:50,447 [DEBUG] matplotlib.font_manager: findfont: score(FontEntry(fname='C:\\Windows\\Fonts\\ITCEDSCR.TTF', name='Edwardian Script ITC', style='normal', variant='normal', weight=400, stretch='normal', size='scalable')) = 10.05
2026-06-02 16:27:50,447 [DEBUG] matplotlib.font_manager: findfont: score(FontEntry(fname='C:\\Windows\\Fonts\\FRADMCN.TTF', name='Franklin Gothic Demi Cond', style='normal', variant='normal', weight=400, stretch='condensed', size='scalable')) = 10.25
2026-06-02 16:27:50,447 [DEBUG] matplotlib.font_manager: findfont: score(FontEntry(fname='C:\\Windows\\Fonts\\BSSYM7.TTF', name='Bookshelf Symbol 7', style='normal', variant='normal', weight=400, stretch='normal', size='scalable')) = 10.05
2026-06-02 16:27:50,447 [DEBUG] matplotlib.font_manager: findfont: score(FontEntry(fname='C:\\Windows\\Fonts\\GILSANUB.TTF', name='Gill Sans Ultra Bold', style='normal', variant='normal', weight=400, stretch='normal', size='scalable')) = 10.05
2026-06-02 16:27:50,447 [DEBUG] matplotlib.font_manager: findfont: score(FontEntry(fname='C:\\Windows\\Fonts\\FRADM.TTF', name='Franklin Gothic Demi', style='normal', variant='normal', weight=400, stretch='normal', size='scalable')) = 10.05
2026-06-02 16:27:50,447 [DEBUG] matplotlib.font_manager: findfont: score(FontEntry(fname='C:\\Windows\\Fonts\\malgunsl.ttf', name='Malgun Gothic', style='normal', variant='normal', weight=300, stretch='normal', size='scalable')) = 10.145
2026-06-02 16:27:50,447 [DEBUG] matplotlib.font_manager: findfont: score(FontEntry(fname='C:\\Windows\\Fonts\\calibriz.ttf', name='Calibri', style='italic', variant='normal', weight=700, stretch='normal', size='scalable')) = 11.335
2026-06-02 16:27:50,447 [DEBUG] matplotlib.font_manager: findfont: score(FontEntry(fname='C:\\Windows\\Fonts\\corbel.ttf', name='Corbel', style='normal', variant='normal', weight=400, stretch='normal', size='scalable')) = 10.05
2026-06-02 16:27:50,447 [DEBUG] matplotlib.font_manager: findfont: score(FontEntry(fname='C:\\Windows\\Fonts\\ENGR.TTF', name='Engravers MT', style='normal', variant='normal', weight=500, stretch='normal', size='scalable')) = 10.145
2026-06-02 16:27:50,447 [DEBUG] matplotlib.font_manager: findfont: score(FontEntry(fname='C:\\Windows\\Fonts\\seguihis.ttf', name='Segoe UI Historic', style='normal', variant='normal', weight=400, stretch='normal', size='scalable')) = 10.05
2026-06-02 16:27:50,447 [DEBUG] matplotlib.font_manager: findfont: score(FontEntry(fname='C:\\Windows\\Fonts\\ERASMD.TTF', name='Eras Medium ITC', style='normal', variant='normal', weight=400, stretch='normal', size='scalable')) = 10.05
2026-06-02 16:27:50,447 [DEBUG] matplotlib.font_manager: findfont: score(FontEntry(fname='C:\\Windows\\Fonts\\comic.ttf', name='Comic Sans MS', style='normal', variant='normal', weight=400, stretch='normal', size='scalable')) = 10.05
2026-06-02 16:27:50,447 [DEBUG] matplotlib.font_manager: findfont: score(FontEntry(fname='C:\\Windows\\Fonts\\FRAHV.TTF', name='Franklin Gothic Heavy', style='normal', variant='normal', weight=400, stretch='normal', size='scalable')) = 10.05
2026-06-02 16:27:50,447 [DEBUG] matplotlib.font_manager: findfont: score(FontEntry(fname='C:\\Windows\\Fonts\\webdings.ttf', name='Webdings', style='normal', variant='normal', weight=400, stretch='normal', size='scalable')) = 10.05
2026-06-02 16:27:50,447 [DEBUG] matplotlib.font_manager: findfont: score(FontEntry(fname='C:\\Windows\\Fonts\\BOOKOS.TTF', name='Bookman Old Style', style='normal', variant='normal', weight=300, stretch='normal', size='scalable')) = 10.145
2026-06-02 16:27:50,447 [DEBUG] matplotlib.font_manager: findfont: score(FontEntry(fname='C:\\Windows\\Fonts\\consola.ttf', name='Consolas', style='normal', variant='normal', weight=400, stretch='normal', size='scalable')) = 10.05
2026-06-02 16:27:50,447 [DEBUG] matplotlib.font_manager: findfont: score(FontEntry(fname='C:\\Windows\\Fonts\\PER_____.TTF', name='Perpetua', style='normal', variant='normal', weight=400, stretch='normal', size='scalable')) = 10.05
2026-06-02 16:27:50,447 [DEBUG] matplotlib.font_manager: findfont: score(FontEntry(fname='C:\\Windows\\Fonts\\PALSCRI.TTF', name='Palace Script MT', style='normal', variant='normal', weight=400, stretch='normal', size='scalable')) = 10.05
2026-06-02 16:27:50,447 [DEBUG] matplotlib.font_manager: findfont: score(FontEntry(fname='C:\\Windows\\Fonts\\NIAGSOL.TTF', name='Niagara Solid', style='normal', variant='normal', weight=400, stretch='normal', size='scalable')) = 10.05
2026-06-02 16:27:50,448 [DEBUG] matplotlib.font_manager: findfont: score(FontEntry(fname='C:\\Windows\\Fonts\\CALIFR.TTF', name='Californian FB', style='normal', variant='normal', weight=400, stretch='normal', size='scalable')) = 10.05
2026-06-02 16:27:50,448 [DEBUG] matplotlib.font_manager: findfont: score(FontEntry(fname='C:\\Windows\\Fonts\\GARAIT.TTF', name='Garamond', style='italic', variant='normal', weight=400, stretch='normal', size='scalable')) = 11.05
2026-06-02 16:27:50,448 [DEBUG] matplotlib.font_manager: findfont: score(FontEntry(fname='C:\\Windows\\Fonts\\OUTLOOK.TTF', name='MS Outlook', style='normal', variant='normal', weight=400, stretch='normal', size='scalable')) = 10.05
2026-06-02 16:27:50,448 [DEBUG] matplotlib.font_manager: findfont: score(FontEntry(fname='C:\\Windows\\Fonts\\BOD_CR.TTF', name='Bodoni MT', style='normal', variant='normal', weight=400, stretch='condensed', size='scalable')) = 10.25
2026-06-02 16:27:50,448 [DEBUG] matplotlib.font_manager: findfont: score(FontEntry(fname='C:\\Windows\\Fonts\\ALGER.TTF', name='Algerian', style='normal', variant='normal', weight=400, stretch='normal', size='scalable')) = 10.05
2026-06-02 16:27:50,448 [DEBUG] matplotlib.font_manager: findfont: score(FontEntry(fname='C:\\Windows\\Fonts\\ROCKI.TTF', name='Rockwell', style='italic', variant='normal', weight=400, stretch='normal', size='scalable')) = 11.05
2026-06-02 16:27:50,448 [DEBUG] matplotlib.font_manager: findfont: score(FontEntry(fname='C:\\Windows\\Fonts\\couri.ttf', name='Courier New', style='italic', variant='normal', weight=400, stretch='normal', size='scalable')) = 11.05
2026-06-02 16:27:50,448 [DEBUG] matplotlib.font_manager: findfont: score(FontEntry(fname='C:\\Windows\\Fonts\\TEMPSITC.TTF', name='Tempus Sans ITC', style='normal', variant='normal', weight=400, stretch='normal', size='scalable')) = 10.05
2026-06-02 16:27:50,448 [DEBUG] matplotlib.font_manager: findfont: score(FontEntry(fname='C:\\Windows\\Fonts\\ROCC____.TTF', name='Rockwell Condensed', style='normal', variant='normal', weight=400, stretch='condensed', size='scalable')) = 10.25
2026-06-02 16:27:50,448 [DEBUG] matplotlib.font_manager: findfont: score(FontEntry(fname='C:\\Windows\\Fonts\\LFAXI.TTF', name='Lucida Fax', style='italic', variant='normal', weight=400, stretch='normal', size='scalable')) = 11.05
2026-06-02 16:27:50,448 [DEBUG] matplotlib.font_manager: findfont: score(FontEntry(fname='C:\\Windows\\Fonts\\CURLZ___.TTF', name='Curlz MT', style='normal', variant='normal', weight=400, stretch='normal', size='scalable')) = 10.05
2026-06-02 16:27:50,448 [DEBUG] matplotlib.font_manager: findfont: score(FontEntry(fname='C:\\Windows\\Fonts\\BERNHC.TTF', name='Bernard MT Condensed', style='normal', variant='normal', weight=400, stretch='condensed', size='scalable')) = 10.25
2026-06-02 16:27:50,448 [DEBUG] matplotlib.font_manager: findfont: score(FontEntry(fname='C:\\Windows\\Fonts\\GOTHICB.TTF', name='Century Gothic', style='normal', variant='normal', weight=700, stretch='normal', size='scalable')) = 10.335
2026-06-02 16:27:50,448 [DEBUG] matplotlib.font_manager: findfont: score(FontEntry(fname='C:\\Windows\\Fonts\\davidbd.ttf', name='David', style='normal', variant='normal', weight=700, stretch='normal', size='scalable')) = 10.335
2026-06-02 16:27:50,448 [DEBUG] matplotlib.font_manager: findfont: score(FontEntry(fname='C:\\Windows\\Fonts\\GIGI.TTF', name='Gigi', style='normal', variant='normal', weight=400, stretch='normal', size='scalable')) = 10.05
2026-06-02 16:27:50,448 [DEBUG] matplotlib.font_manager: findfont: score(FontEntry(fname='C:\\Windows\\Fonts\\PERTIBD.TTF', name='Perpetua Titling MT', style='normal', variant='normal', weight=700, stretch='normal', size='scalable')) = 10.335
2026-06-02 16:27:50,448 [DEBUG] matplotlib.font_manager: findfont: score(FontEntry(fname='C:\\Windows\\Fonts\\ERASLGHT.TTF', name='Eras Light ITC', style='normal', variant='normal', weight=400, stretch='normal', size='scalable')) = 10.05
2026-06-02 16:27:50,448 [DEBUG] matplotlib.font_manager: findfont: score(FontEntry(fname='C:\\Windows\\Fonts\\GILI____.TTF', name='Gill Sans MT', style='italic', variant='normal', weight=400, stretch='normal', size='scalable')) = 11.05
2026-06-02 16:27:50,448 [DEBUG] matplotlib.font_manager: findfont: score(FontEntry(fname='C:\\Windows\\Fonts\\arialbd.ttf', name='Arial', style='normal', variant='normal', weight=700, stretch='normal', size='scalable')) = 6.698636363636363
2026-06-02 16:27:50,448 [DEBUG] matplotlib.font_manager: findfont: score(FontEntry(fname='C:\\Windows\\Fonts\\CASTELAR.TTF', name='Castellar', style='normal', variant='normal', weight=400, stretch='normal', size='scalable')) = 10.05
2026-06-02 16:27:50,448 [DEBUG] matplotlib.font_manager: findfont: score(FontEntry(fname='C:\\Windows\\Fonts\\BKANT.TTF', name='Book Antiqua', style='normal', variant='normal', weight=400, stretch='normal', size='scalable')) = 10.05
2026-06-02 16:27:50,448 [DEBUG] matplotlib.font_manager: findfont: score(FontEntry(fname='C:\\Windows\\Fonts\\FORTE.TTF', name='Forte', style='normal', variant='normal', weight=400, stretch='normal', size='scalable')) = 10.05
2026-06-02 16:27:50,448 [DEBUG] matplotlib.font_manager: findfont: score(FontEntry(fname='C:\\Windows\\Fonts\\GLECB.TTF', name='Gloucester MT Extra Condensed', style='normal', variant='normal', weight=400, stretch='condensed', size='scalable')) = 10.25
2026-06-02 16:27:50,448 [DEBUG] matplotlib.font_manager: findfont: score(FontEntry(fname='C:\\Windows\\Fonts\\HATTEN.TTF', name='Haettenschweiler', style='normal', variant='normal', weight=400, stretch='normal', size='scalable')) = 10.05
2026-06-02 16:27:50,448 [DEBUG] matplotlib.font_manager: findfont: score(FontEntry(fname='C:\\Windows\\Fonts\\BRLNSDB.TTF', name='Berlin Sans FB Demi', style='normal', variant='normal', weight=700, stretch='normal', size='scalable')) = 10.335
2026-06-02 16:27:50,448 [DEBUG] matplotlib.font_manager: findfont: score(FontEntry(fname='C:\\Windows\\Fonts\\SansSerifCollection.ttf', name='Sans Serif Collection', style='normal', variant='normal', weight=400, stretch='normal', size='scalable')) = 10.05
2026-06-02 16:27:50,449 [DEBUG] matplotlib.font_manager: findfont: score(FontEntry(fname='C:\\Windows\\Fonts\\TCM_____.TTF', name='Tw Cen MT', style='normal', variant='normal', weight=400, stretch='normal', size='scalable')) = 10.05
2026-06-02 16:27:50,449 [DEBUG] matplotlib.font_manager: findfont: score(FontEntry(fname='C:\\Windows\\Fonts\\GOUDYSTO.TTF', name='Goudy Stout', style='normal', variant='normal', weight=400, stretch='normal', size='scalable')) = 10.05
2026-06-02 16:27:50,449 [DEBUG] matplotlib.font_manager: findfont: score(FontEntry(fname='C:\\Windows\\Fonts\\timesbi.ttf', name='Times New Roman', style='italic', variant='normal', weight=700, stretch='normal', size='scalable')) = 11.335
2026-06-02 16:27:50,449 [DEBUG] matplotlib.font_manager: findfont: score(FontEntry(fname='C:\\Windows\\Fonts\\PERI____.TTF', name='Perpetua', style='italic', variant='normal', weight=400, stretch='normal', size='scalable')) = 11.05
2026-06-02 16:27:50,449 [DEBUG] matplotlib.font_manager: findfont: score(FontEntry(fname='C:\\Windows\\Fonts\\KUNSTLER.TTF', name='Kunstler Script', style='normal', variant='normal', weight=400, stretch='normal', size='scalable')) = 10.05
2026-06-02 16:27:50,449 [DEBUG] matplotlib.font_manager: findfont: score(FontEntry(fname='C:\\Windows\\Fonts\\frank.ttf', name='FrankRuehl', style='normal', variant='normal', weight=400, stretch='normal', size='scalable')) = 10.05
2026-06-02 16:27:50,449 [DEBUG] matplotlib.font_manager: findfont: score(FontEntry(fname='C:\\Windows\\Fonts\\GOUDOS.TTF', name='Goudy Old Style', style='normal', variant='normal', weight=400, stretch='normal', size='scalable')) = 10.05
2026-06-02 16:27:50,449 [DEBUG] matplotlib.font_manager: findfont: score(FontEntry(fname='C:\\Windows\\Fonts\\BOD_B.TTF', name='Bodoni MT', style='normal', variant='normal', weight=700, stretch='normal', size='scalable')) = 10.335
2026-06-02 16:27:50,449 [DEBUG] matplotlib.font_manager: findfont: score(FontEntry(fname='C:\\Windows\\Fonts\\trebucbd.ttf', name='Trebuchet MS', style='normal', variant='normal', weight=700, stretch='normal', size='scalable')) = 10.335
2026-06-02 16:27:50,449 [DEBUG] matplotlib.font_manager: findfont: score(FontEntry(fname='C:\\Windows\\Fonts\\seguisb.ttf', name='Segoe UI', style='normal', variant='normal', weight=600, stretch='normal', size='scalable')) = 10.24
2026-06-02 16:27:50,449 [DEBUG] matplotlib.font_manager: findfont: score(FontEntry(fname='C:\\Windows\\Fonts\\segoesc.ttf', name='Segoe Script', style='normal', variant='normal', weight=400, stretch='normal', size='scalable')) = 10.05
2026-06-02 16:27:50,449 [DEBUG] matplotlib.font_manager: findfont: score(FontEntry(fname='C:\\Windows\\Fonts\\Candara.ttf', name='Candara', style='normal', variant='normal', weight=400, stretch='normal', size='scalable')) = 10.05
2026-06-02 16:27:50,449 [DEBUG] matplotlib.font_manager: findfont: score(FontEntry(fname='C:\\Windows\\Fonts\\OCRAEXT.TTF', name='OCR A Extended', style='normal', variant='normal', weight=400, stretch='expanded', size='scalable')) = 10.25
2026-06-02 16:27:50,449 [DEBUG] matplotlib.font_manager: findfont: score(FontEntry(fname='C:\\Windows\\Fonts\\taile.ttf', name='Microsoft Tai Le', style='normal', variant='normal', weight=400, stretch='normal', size='scalable')) = 10.05
2026-06-02 16:27:50,449 [DEBUG] matplotlib.font_manager: findfont: score(FontEntry(fname='C:\\Windows\\Fonts\\MISTRAL.TTF', name='Mistral', style='normal', variant='normal', weight=400, stretch='normal', size='scalable')) = 10.05
2026-06-02 16:27:50,449 [DEBUG] matplotlib.font_manager: findfont: score(FontEntry(fname='C:\\Windows\\Fonts\\GOTHIC.TTF', name='Century Gothic', style='normal', variant='normal', weight=400, stretch='normal', size='scalable')) = 10.05
2026-06-02 16:27:50,449 [DEBUG] matplotlib.font_manager: findfont: score(FontEntry(fname='C:\\Windows\\Fonts\\arialbi.ttf', name='Arial', style='italic', variant='normal', weight=700, stretch='normal', size='scalable')) = 7.698636363636363
2026-06-02 16:27:50,449 [DEBUG] matplotlib.font_manager: findfont: score(FontEntry(fname='C:\\Windows\\Fonts\\Gabriola.ttf', name='Gabriola', style='normal', variant='normal', weight=400, stretch='normal', size='scalable')) = 10.05
2026-06-02 16:27:50,449 [DEBUG] matplotlib.font_manager: findfont: score(FontEntry(fname='C:\\Windows\\Fonts\\georgia.ttf', name='Georgia', style='normal', variant='normal', weight=400, stretch='normal', size='scalable')) = 10.05
2026-06-02 16:27:50,449 [DEBUG] matplotlib.font_manager: findfont: score(FontEntry(fname='C:\\Windows\\Fonts\\BOD_CBI.TTF', name='Bodoni MT', style='italic', variant='normal', weight=700, stretch='condensed', size='scalable')) = 11.535
2026-06-02 16:27:50,449 [DEBUG] matplotlib.font_manager: findfont: score(FontEntry(fname='C:\\Windows\\Fonts\\SCHLBKB.TTF', name='Century Schoolbook', style='normal', variant='normal', weight=700, stretch='normal', size='scalable')) = 10.335
2026-06-02 16:27:50,449 [DEBUG] matplotlib.font_manager: findfont: score(FontEntry(fname='C:\\Windows\\Fonts\\taileb.ttf', name='Microsoft Tai Le', style='normal', variant='normal', weight=700, stretch='normal', size='scalable')) = 10.335
2026-06-02 16:27:50,449 [DEBUG] matplotlib.font_manager: findfont: score(FontEntry(fname='C:\\Windows\\Fonts\\tahoma.ttf', name='Tahoma', style='normal', variant='normal', weight=400, stretch='normal', size='scalable')) = 10.05
2026-06-02 16:27:50,449 [DEBUG] matplotlib.font_manager: findfont: score(FontEntry(fname='C:\\Windows\\Fonts\\MOD20.TTF', name='Modern No. 20', style='normal', variant='normal', weight=400, stretch='normal', size='scalable')) = 10.05
2026-06-02 16:27:50,450 [DEBUG] matplotlib.font_manager: findfont: score(FontEntry(fname='C:\\Windows\\Fonts\\verdana.ttf', name='Verdana', style='normal', variant='normal', weight=400, stretch='normal', size='scalable')) = 3.6863636363636365
2026-06-02 16:27:50,450 [DEBUG] matplotlib.font_manager: findfont: score(FontEntry(fname='C:\\Windows\\Fonts\\corbelz.ttf', name='Corbel', style='italic', variant='normal', weight=700, stretch='normal', size='scalable')) = 11.335
2026-06-02 16:27:50,450 [DEBUG] matplotlib.font_manager: findfont: score(FontEntry(fname='C:\\Windows\\Fonts\\comicz.ttf', name='Comic Sans MS', style='italic', variant='normal', weight=700, stretch='normal', size='scalable')) = 11.335
2026-06-02 16:27:50,450 [DEBUG] matplotlib.font_manager: findfont: score(FontEntry(fname='C:\\Windows\\Fonts\\CALIST.TTF', name='Calisto MT', style='normal', variant='normal', weight=400, stretch='normal', size='scalable')) = 10.05
2026-06-02 16:27:50,450 [DEBUG] matplotlib.font_manager: findfont: score(FontEntry(fname='C:\\Windows\\Fonts\\seguisbi.ttf', name='Segoe UI', style='italic', variant='normal', weight=600, stretch='normal', size='scalable')) = 11.24
2026-06-02 16:27:50,450 [DEBUG] matplotlib.font_manager: findfont: score(FontEntry(fname='C:\\Windows\\Fonts\\PERB____.TTF', name='Perpetua', style='normal', variant='normal', weight=700, stretch='normal', size='scalable')) = 10.335
2026-06-02 16:27:50,450 [DEBUG] matplotlib.font_manager: findfont: score(FontEntry(fname='C:\\Windows\\Fonts\\ARIALNB.TTF', name='Arial', style='normal', variant='normal', weight=700, stretch='condensed', size='scalable')) = 6.8986363636363635
2026-06-02 16:27:50,450 [DEBUG] matplotlib.font_manager: findfont: score(FontEntry(fname='C:\\Windows\\Fonts\\constanb.ttf', name='Constantia', style='normal', variant='normal', weight=700, stretch='normal', size='scalable')) = 10.335
2026-06-02 16:27:50,450 [DEBUG] matplotlib.font_manager: findfont: score(FontEntry(fname='C:\\Windows\\Fonts\\YuGothB.ttc', name='Yu Gothic', style='normal', variant='normal', weight=700, stretch='normal', size='scalable')) = 10.335
2026-06-02 16:27:50,450 [DEBUG] matplotlib.font_manager: findfont: score(FontEntry(fname='C:\\Windows\\Fonts\\OLDENGL.TTF', name='Old English Text MT', style='normal', variant='normal', weight=400, stretch='normal', size='scalable')) = 10.05
2026-06-02 16:27:50,450 [DEBUG] matplotlib.font_manager: findfont: score(FontEntry(fname='C:\\Windows\\Fonts\\LFAXDI.TTF', name='Lucida Fax', style='italic', variant='normal', weight=600, stretch='normal', size='scalable')) = 11.24
2026-06-02 16:27:50,450 [DEBUG] matplotlib.font_manager: findfont: score(FontEntry(fname='C:\\Windows\\Fonts\\REFSPCL.TTF', name='MS Reference Specialty', style='normal', variant='normal', weight=400, stretch='normal', size='scalable')) = 10.05
2026-06-02 16:27:50,450 [DEBUG] matplotlib.font_manager: findfont: score(FontEntry(fname='C:\\Windows\\Fonts\\MAIAN.TTF', name='Maiandra GD', style='normal', variant='normal', weight=400, stretch='normal', size='scalable')) = 10.05
2026-06-02 16:27:50,450 [DEBUG] matplotlib.font_manager: findfont: score(FontEntry(fname='C:\\Windows\\Fonts\\palai.ttf', name='Palatino Linotype', style='italic', variant='normal', weight=400, stretch='normal', size='scalable')) = 11.05
2026-06-02 16:27:50,450 [DEBUG] matplotlib.font_manager: findfont: score(FontEntry(fname='C:\\Windows\\Fonts\\SitkaVF.ttf', name='Sitka', style='normal', variant='normal', weight=400, stretch='normal', size='scalable')) = 10.05
2026-06-02 16:27:50,450 [DEBUG] matplotlib.font_manager: findfont: score(FontEntry(fname='C:\\Windows\\Fonts\\BRITANIC.TTF', name='Britannic Bold', style='normal', variant='normal', weight=400, stretch='normal', size='scalable')) = 10.05
2026-06-02 16:27:50,450 [DEBUG] matplotlib.font_manager: findfont: score(FontEntry(fname='C:\\Windows\\Fonts\\seguibli.ttf', name='Segoe UI', style='italic', variant='normal', weight=900, stretch='normal', size='scalable')) = 11.525
2026-06-02 16:27:50,450 [DEBUG] matplotlib.font_manager: findfont: score(FontEntry(fname='C:\\Windows\\Fonts\\georgiab.ttf', name='Georgia', style='normal', variant='normal', weight=700, stretch='normal', size='scalable')) = 10.335
2026-06-02 16:27:50,450 [DEBUG] matplotlib.font_manager: findfont: score(FontEntry(fname='C:\\Windows\\Fonts\\TCB_____.TTF', name='Tw Cen MT', style='normal', variant='normal', weight=700, stretch='normal', size='scalable')) = 10.335
2026-06-02 16:27:50,450 [DEBUG] matplotlib.font_manager: findfont: score(FontEntry(fname='C:\\Windows\\Fonts\\msyhl.ttc', name='Microsoft YaHei', style='normal', variant='normal', weight=290, stretch='normal', size='scalable')) = 10.1545
2026-06-02 16:27:50,450 [DEBUG] matplotlib.font_manager: findfont: score(FontEntry(fname='C:\\Windows\\Fonts\\msyi.ttf', name='Microsoft Yi Baiti', style='normal', variant='normal', weight=400, stretch='normal', size='scalable')) = 10.05
2026-06-02 16:27:50,450 [DEBUG] matplotlib.font_manager: findfont: score(FontEntry(fname='C:\\Windows\\Fonts\\courbi.ttf', name='Courier New', style='italic', variant='normal', weight=700, stretch='normal', size='scalable')) = 11.335
2026-06-02 16:27:50,450 [DEBUG] matplotlib.font_manager: findfont: score(FontEntry(fname='C:\\Windows\\Fonts\\SCHLBKBI.TTF', name='Century Schoolbook', style='italic', variant='normal', weight=700, stretch='normal', size='scalable')) = 11.335
2026-06-02 16:27:50,450 [DEBUG] matplotlib.font_manager: findfont: score(FontEntry(fname='C:\\Windows\\Fonts\\seguiemj.ttf', name='Segoe UI Emoji', style='normal', variant='normal', weight=400, stretch='normal', size='scalable')) = 10.05
2026-06-02 16:27:50,450 [DEBUG] matplotlib.font_manager: findfont: score(FontEntry(fname='C:\\Windows\\Fonts\\ARIALNI.TTF', name='Arial', style='italic', variant='normal', weight=400, stretch='condensed', size='scalable')) = 7.613636363636363
2026-06-02 16:27:50,450 [DEBUG] matplotlib.font_manager: findfont: score(FontEntry(fname='C:\\Windows\\Fonts\\comici.ttf', name='Comic Sans MS', style='italic', variant='normal', weight=400, stretch='normal', size='scalable')) = 11.05
2026-06-02 16:27:50,451 [DEBUG] matplotlib.font_manager: findfont: score(FontEntry(fname='C:\\Windows\\Fonts\\david.ttf', name='David', style='normal', variant='normal', weight=400, stretch='normal', size='scalable')) = 10.05
2026-06-02 16:27:50,451 [DEBUG] matplotlib.font_manager: findfont: score(FontEntry(fname='C:\\Windows\\Fonts\\consolai.ttf', name='Consolas', style='italic', variant='normal', weight=400, stretch='normal', size='scalable')) = 11.05
2026-06-02 16:27:50,451 [DEBUG] matplotlib.font_manager: findfont: score(FontEntry(fname='C:\\Windows\\Fonts\\CALISTBI.TTF', name='Calisto MT', style='italic', variant='normal', weight=700, stretch='normal', size='scalable')) = 11.335
2026-06-02 16:27:50,451 [DEBUG] matplotlib.font_manager: findfont: score(FontEntry(fname='C:\\Windows\\Fonts\\cour.ttf', name='Courier New', style='normal', variant='normal', weight=400, stretch='normal', size='scalable')) = 10.05
2026-06-02 16:27:50,451 [DEBUG] matplotlib.font_manager: findfont: score(FontEntry(fname='C:\\Windows\\Fonts\\arial.ttf', name='Arial', style='normal', variant='normal', weight=400, stretch='normal', size='scalable')) = 6.413636363636363
2026-06-02 16:27:50,451 [DEBUG] matplotlib.font_manager: findfont: score(FontEntry(fname='C:\\Windows\\Fonts\\corbelb.ttf', name='Corbel', style='normal', variant='normal', weight=700, stretch='normal', size='scalable')) = 10.335
2026-06-02 16:27:50,451 [DEBUG] matplotlib.font_manager: findfont: score(FontEntry(fname='C:\\Windows\\Fonts\\sylfaen.ttf', name='Sylfaen', style='normal', variant='normal', weight=400, stretch='normal', size='scalable')) = 10.05
2026-06-02 16:27:50,451 [DEBUG] matplotlib.font_manager: findfont: score(FontEntry(fname='C:\\Windows\\Fonts\\ebrima.ttf', name='Ebrima', style='normal', variant='normal', weight=400, stretch='normal', size='scalable')) = 10.05
2026-06-02 16:27:50,451 [DEBUG] matplotlib.font_manager: findfont: score(FontEntry(fname='C:\\Windows\\Fonts\\BOD_BLAR.TTF', name='Bodoni MT', style='normal', variant='normal', weight=900, stretch='normal', size='scalable')) = 10.525
2026-06-02 16:27:50,451 [DEBUG] matplotlib.font_manager: findfont: score(FontEntry(fname='C:\\Windows\\Fonts\\impact.ttf', name='Impact', style='normal', variant='normal', weight=400, stretch='normal', size='scalable')) = 10.05
2026-06-02 16:27:50,451 [DEBUG] matplotlib.font_manager: findfont: score(FontEntry(fname='C:\\Windows\\Fonts\\seguibl.ttf', name='Segoe UI', style='normal', variant='normal', weight=900, stretch='normal', size='scalable')) = 10.525
2026-06-02 16:27:50,451 [DEBUG] matplotlib.font_manager: findfont: score(FontEntry(fname='C:\\Windows\\Fonts\\GARABD.TTF', name='Garamond', style='normal', variant='normal', weight=700, stretch='normal', size='scalable')) = 10.335
2026-06-02 16:27:50,451 [DEBUG] matplotlib.font_manager: findfont: score(FontEntry(fname='C:\\Windows\\Fonts\\LTYPEBO.TTF', name='Lucida Sans Typewriter', style='oblique', variant='normal', weight=600, stretch='normal', size='scalable')) = 11.24
2026-06-02 16:27:50,451 [DEBUG] matplotlib.font_manager: findfont: score(FontEntry(fname='C:\\Windows\\Fonts\\calibrili.ttf', name='Calibri', style='italic', variant='normal', weight=300, stretch='normal', size='scalable')) = 11.145
2026-06-02 16:27:50,451 [DEBUG] matplotlib.font_manager: findfont: score(FontEntry(fname='C:\\Windows\\Fonts\\HTOWERT.TTF', name='High Tower Text', style='normal', variant='normal', weight=400, stretch='normal', size='scalable')) = 10.05
2026-06-02 16:27:50,451 [DEBUG] matplotlib.font_manager: findfont: score(FontEntry(fname='C:\\Windows\\Fonts\\corbeli.ttf', name='Corbel', style='italic', variant='normal', weight=400, stretch='normal', size='scalable')) = 11.05
2026-06-02 16:27:50,451 [DEBUG] matplotlib.font_manager: findfont: score(FontEntry(fname='C:\\Windows\\Fonts\\Inkfree.ttf', name='Ink Free', style='normal', variant='normal', weight=400, stretch='normal', size='scalable')) = 10.05
2026-06-02 16:27:50,451 [DEBUG] matplotlib.font_manager: findfont: score(FontEntry(fname='C:\\Windows\\Fonts\\BOOKOSB.TTF', name='Bookman Old Style', style='normal', variant='normal', weight=600, stretch='normal', size='scalable')) = 10.24
2026-06-02 16:27:50,451 [DEBUG] matplotlib.font_manager: findfont: score(FontEntry(fname='C:\\Windows\\Fonts\\CENSCBK.TTF', name='Century Schoolbook', style='normal', variant='normal', weight=400, stretch='normal', size='scalable')) = 10.05
2026-06-02 16:27:50,451 [DEBUG] matplotlib.font_manager: findfont: score(FontEntry(fname='C:\\Windows\\Fonts\\l_10646.ttf', name='Lucida Sans Unicode', style='normal', variant='normal', weight=400, stretch='normal', size='scalable')) = 10.05
2026-06-02 16:27:50,452 [DEBUG] matplotlib.font_manager: findfont: score(FontEntry(fname='C:\\Windows\\Fonts\\FRAMDCN.TTF', name='Franklin Gothic Medium Cond', style='normal', variant='normal', weight=400, stretch='condensed', size='scalable')) = 10.25
2026-06-02 16:27:50,452 [DEBUG] matplotlib.font_manager: findfont: score(FontEntry(fname='C:\\Windows\\Fonts\\seguisym.ttf', name='Segoe UI Symbol', style='normal', variant='normal', weight=400, stretch='normal', size='scalable')) = 10.05
2026-06-02 16:27:50,452 [DEBUG] matplotlib.font_manager: findfont: score(FontEntry(fname='C:\\Windows\\Fonts\\RAGE.TTF', name='Rage Italic', style='italic', variant='normal', weight=400, stretch='normal', size='scalable')) = 11.05
2026-06-02 16:27:50,452 [DEBUG] matplotlib.font_manager: findfont: score(FontEntry(fname='C:\\Windows\\Fonts\\LTYPEB.TTF', name='Lucida Sans Typewriter', style='normal', variant='normal', weight=600, stretch='normal', size='scalable')) = 10.24
2026-06-02 16:27:50,452 [DEBUG] matplotlib.font_manager: findfont: score(FontEntry(fname='C:\\Windows\\Fonts\\LSANSD.TTF', name='Lucida Sans', style='normal', variant='normal', weight=600, stretch='normal', size='scalable')) = 10.24
2026-06-02 16:27:50,452 [DEBUG] matplotlib.font_manager: findfont: score(FontEntry(fname='C:\\Windows\\Fonts\\calibril.ttf', name='Calibri', style='normal', variant='normal', weight=300, stretch='normal', size='scalable')) = 10.145
2026-06-02 16:27:50,452 [DEBUG] matplotlib.font_manager: findfont: score(FontEntry(fname='C:\\Windows\\Fonts\\segoeui.ttf', name='Segoe UI', style='normal', variant='normal', weight=400, stretch='normal', size='scalable')) = 10.05
2026-06-02 16:27:50,452 [DEBUG] matplotlib.font_manager: findfont: score(FontEntry(fname='C:\\Windows\\Fonts\\MTCORSVA.TTF', name='Monotype Corsiva', style='normal', variant='normal', weight=400, stretch='normal', size='scalable')) = 10.05
2026-06-02 16:27:50,452 [DEBUG] matplotlib.font_manager: findfont: score(FontEntry(fname='C:\\Windows\\Fonts\\ebrimabd.ttf', name='Ebrima', style='normal', variant='normal', weight=700, stretch='normal', size='scalable')) = 10.335
2026-06-02 16:27:50,452 [DEBUG] matplotlib.font_manager: findfont: score(FontEntry(fname='C:\\Windows\\Fonts\\BELL.TTF', name='Bell MT', style='normal', variant='normal', weight=400, stretch='normal', size='scalable')) = 10.05
2026-06-02 16:27:50,452 [DEBUG] matplotlib.font_manager: findfont: score(FontEntry(fname='C:\\Windows\\Fonts\\mvboli.ttf', name='MV Boli', style='normal', variant='normal', weight=400, stretch='normal', size='scalable')) = 10.05
2026-06-02 16:27:50,452 [DEBUG] matplotlib.font_manager: findfont: score(FontEntry(fname='C:\\Windows\\Fonts\\SNAP____.TTF', name='Snap ITC', style='normal', variant='normal', weight=400, stretch='normal', size='scalable')) = 10.05
2026-06-02 16:27:50,452 [DEBUG] matplotlib.font_manager: findfont: score(FontEntry(fname='C:\\Windows\\Fonts\\SegUIVar.ttf', name='Segoe UI Variable', style='normal', variant='normal', weight=400, stretch='normal', size='scalable')) = 10.05
2026-06-02 16:27:50,452 [DEBUG] matplotlib.font_manager: findfont: score(FontEntry(fname='C:\\Windows\\Fonts\\verdanai.ttf', name='Verdana', style='italic', variant='normal', weight=400, stretch='normal', size='scalable')) = 4.6863636363636365
2026-06-02 16:27:50,452 [DEBUG] matplotlib.font_manager: findfont: score(FontEntry(fname='C:\\Windows\\Fonts\\LCALLIG.TTF', name='Lucida Calligraphy', style='italic', variant='normal', weight=400, stretch='normal', size='scalable')) = 11.05
2026-06-02 16:27:50,452 [DEBUG] matplotlib.font_manager: findfont: score(FontEntry(fname='C:\\Windows\\Fonts\\lucon.ttf', name='Lucida Console', style='normal', variant='normal', weight=400, stretch='normal', size='scalable')) = 10.05
2026-06-02 16:27:50,452 [DEBUG] matplotlib.font_manager: findfont: score(FontEntry(fname='C:\\Windows\\Fonts\\CENTAUR.TTF', name='Centaur', style='normal', variant='normal', weight=400, stretch='normal', size='scalable')) = 10.05
2026-06-02 16:27:50,452 [DEBUG] matplotlib.font_manager: findfont: score(FontEntry(fname='C:\\Windows\\Fonts\\BOD_PSTC.TTF', name='Bodoni MT', style='normal', variant='normal', weight=300, stretch='normal', size='scalable')) = 10.145
2026-06-02 16:27:50,452 [DEBUG] matplotlib.font_manager: findfont: score(FontEntry(fname='C:\\Windows\\Fonts\\IMPRISHA.TTF', name='Imprint MT Shadow', style='normal', variant='normal', weight=400, stretch='normal', size='scalable')) = 10.05
2026-06-02 16:27:50,452 [DEBUG] matplotlib.font_manager: findfont: score(FontEntry(fname='C:\\Windows\\Fonts\\georgiaz.ttf', name='Georgia', style='italic', variant='normal', weight=700, stretch='normal', size='scalable')) = 11.335
2026-06-02 16:27:50,452 [DEBUG] matplotlib.font_manager: findfont: score(FontEntry(fname='C:\\Windows\\Fonts\\CALISTB.TTF', name='Calisto MT', style='normal', variant='normal', weight=700, stretch='normal', size='scalable')) = 10.335
2026-06-02 16:27:50,453 [DEBUG] matplotlib.font_manager: findfont: score(FontEntry(fname='C:\\Windows\\Fonts\\Candaral.ttf', name='Candara', style='normal', variant='normal', weight=400, stretch='normal', size='scalable')) = 10.05
2026-06-02 16:27:50,453 [DEBUG] matplotlib.font_manager: findfont: score(FontEntry(fname='C:\\Windows\\Fonts\\VIVALDII.TTF', name='Vivaldi', style='italic', variant='normal', weight=400, stretch='normal', size='scalable')) = 11.05
2026-06-02 16:27:50,453 [DEBUG] matplotlib.font_manager: findfont: score(FontEntry(fname='C:\\Windows\\Fonts\\verdanab.ttf', name='Verdana', style='normal', variant='normal', weight=700, stretch='normal', size='scalable')) = 3.9713636363636367
2026-06-02 16:27:50,453 [DEBUG] matplotlib.font_manager: findfont: score(FontEntry(fname='C:\\Windows\\Fonts\\JUICE___.TTF', name='Juice ITC', style='normal', variant='normal', weight=400, stretch='normal', size='scalable')) = 10.05
2026-06-02 16:27:50,453 [DEBUG] matplotlib.font_manager: findfont: score(FontEntry(fname='C:\\Windows\\Fonts\\ROCK.TTF', name='Rockwell', style='normal', variant='normal', weight=400, stretch='normal', size='scalable')) = 10.05
2026-06-02 16:27:50,453 [DEBUG] matplotlib.font_manager: findfont: score(FontEntry(fname='C:\\Windows\\Fonts\\bahnschrift.ttf', name='Bahnschrift', style='normal', variant='normal', weight=400, stretch='normal', size='scalable')) = 10.05
2026-06-02 16:27:50,453 [DEBUG] matplotlib.font_manager: findfont: score(FontEntry(fname='C:\\Windows\\Fonts\\ROCKBI.TTF', name='Rockwell', style='italic', variant='normal', weight=700, stretch='normal', size='scalable')) = 11.335
2026-06-02 16:27:50,453 [DEBUG] matplotlib.font_manager: findfont: score(FontEntry(fname='C:\\Windows\\Fonts\\cambriai.ttf', name='Cambria', style='italic', variant='normal', weight=400, stretch='normal', size='scalable')) = 11.05
2026-06-02 16:27:50,453 [DEBUG] matplotlib.font_manager: findfont: score(FontEntry(fname='C:\\Windows\\Fonts\\msjhl.ttc', name='Microsoft JhengHei', style='normal', variant='normal', weight=290, stretch='normal', size='scalable')) = 10.1545
2026-06-02 16:27:50,453 [DEBUG] matplotlib.font_manager: findfont: score(FontEntry(fname='C:\\Windows\\Fonts\\DUBAI-REGULAR.TTF', name='Dubai', style='normal', variant='normal', weight=400, stretch='normal', size='scalable')) = 10.05
2026-06-02 16:27:50,453 [DEBUG] matplotlib.font_manager: findfont: score(FontEntry(fname='C:\\Windows\\Fonts\\CALIFB.TTF', name='Californian FB', style='normal', variant='normal', weight=700, stretch='normal', size='scalable')) = 10.335
2026-06-02 16:27:50,453 [DEBUG] matplotlib.font_manager: findfont: score(FontEntry(fname='C:\\Windows\\Fonts\\PAPYRUS.TTF', name='Papyrus', style='normal', variant='normal', weight=400, stretch='normal', size='scalable')) = 10.05
2026-06-02 16:27:50,453 [DEBUG] matplotlib.font_manager: findfont: score(FontEntry(fname='C:\\Windows\\Fonts\\ANTQUABI.TTF', name='Book Antiqua', style='italic', variant='normal', weight=700, stretch='normal', size='scalable')) = 11.335
2026-06-02 16:27:50,453 [DEBUG] matplotlib.font_manager: findfont: score(FontEntry(fname='C:\\Windows\\Fonts\\SHOWG.TTF', name='Showcard Gothic', style='normal', variant='normal', weight=400, stretch='normal', size='scalable')) = 10.05
2026-06-02 16:27:50,453 [DEBUG] matplotlib.font_manager: findfont: score(FontEntry(fname='C:\\Windows\\Fonts\\LBRITED.TTF', name='Lucida Bright', style='normal', variant='normal', weight=600, stretch='normal', size='scalable')) = 10.24
2026-06-02 16:27:50,453 [DEBUG] matplotlib.font_manager: findfont: score(FontEntry(fname='C:\\Windows\\Fonts\\calibrii.ttf', name='Calibri', style='italic', variant='normal', weight=400, stretch='normal', size='scalable')) = 11.05
2026-06-02 16:27:50,453 [DEBUG] matplotlib.font_manager: findfont: score(FontEntry(fname='C:\\Windows\\Fonts\\LSANSDI.TTF', name='Lucida Sans', style='italic', variant='normal', weight=600, stretch='normal', size='scalable')) = 11.24
2026-06-02 16:27:50,453 [DEBUG] matplotlib.font_manager: findfont: score(FontEntry(fname='C:\\Windows\\Fonts\\GILB____.TTF', name='Gill Sans MT', style='normal', variant='normal', weight=700, stretch='normal', size='scalable')) = 10.335
2026-06-02 16:27:50,453 [DEBUG] matplotlib.font_manager: findfont: score(FontEntry(fname='C:\\Windows\\Fonts\\BELLI.TTF', name='Bell MT', style='italic', variant='normal', weight=400, stretch='normal', size='scalable')) = 11.05
2026-06-02 16:27:50,453 [DEBUG] matplotlib.font_manager: findfont: score(FontEntry(fname='C:\\Windows\\Fonts\\FRSCRIPT.TTF', name='French Script MT', style='normal', variant='normal', weight=400, stretch='normal', size='scalable')) = 10.05
2026-06-02 16:27:50,453 [DEBUG] matplotlib.font_manager: findfont: score(FontEntry(fname='C:\\Windows\\Fonts\\WINGDNG3.TTF', name='Wingdings 3', style='normal', variant='normal', weight=400, stretch='normal', size='scalable')) = 10.05
2026-06-02 16:27:50,453 [DEBUG] matplotlib.font_manager: findfont: score(FontEntry(fname='C:\\Windows\\Fonts\\YuGothM.ttc', name='Yu Gothic', style='normal', variant='normal', weight=500, stretch='normal', size='scalable')) = 10.145
2026-06-02 16:27:50,453 [DEBUG] matplotlib.font_manager: findfont: score(FontEntry(fname='C:\\Windows\\Fonts\\ariali.ttf', name='Arial', style='italic', variant='normal', weight=400, stretch='normal', size='scalable')) = 7.413636363636363
2026-06-02 16:27:50,453 [DEBUG] matplotlib.font_manager: findfont: score(FontEntry(fname='C:\\Windows\\Fonts\\ERASDEMI.TTF', name='Eras Demi ITC', style='normal', variant='normal', weight=400, stretch='normal', size='scalable')) = 10.05
2026-06-02 16:27:50,453 [DEBUG] matplotlib.font_manager: findfont: score(FontEntry(fname='C:\\Windows\\Fonts\\CHILLER.TTF', name='Chiller', style='normal', variant='normal', weight=400, stretch='normal', size='scalable')) = 10.05
2026-06-02 16:27:50,454 [DEBUG] matplotlib.font_manager: findfont: score(FontEntry(fname='C:\\Windows\\Fonts\\simsunb.ttf', name='SimSun-ExtB', style='normal', variant='normal', weight=400, stretch='normal', size='scalable')) = 10.05
2026-06-02 16:27:50,454 [DEBUG] matplotlib.font_manager: findfont: score(FontEntry(fname='C:\\Windows\\Fonts\\msyhbd.ttc', name='Microsoft YaHei', style='normal', variant='normal', weight=700, stretch='normal', size='scalable')) = 10.335
2026-06-02 16:27:50,454 [DEBUG] matplotlib.font_manager: findfont: score(FontEntry(fname='C:\\Windows\\Fonts\\rod.ttf', name='Rod', style='normal', variant='normal', weight=400, stretch='normal', size='scalable')) = 10.05
2026-06-02 16:27:50,454 [DEBUG] matplotlib.font_manager: findfont: score(FontEntry(fname='C:\\Windows\\Fonts\\LEELAWAD.TTF', name='Leelawadee', style='normal', variant='normal', weight=400, stretch='normal', size='scalable')) = 10.05
2026-06-02 16:27:50,454 [DEBUG] matplotlib.font_manager: findfont: score(FontEntry(fname='C:\\Windows\\Fonts\\trebucbi.ttf', name='Trebuchet MS', style='italic', variant='normal', weight=700, stretch='normal', size='scalable')) = 11.335
2026-06-02 16:27:50,454 [DEBUG] matplotlib.font_manager: findfont: score(FontEntry(fname='C:\\Windows\\Fonts\\BRLNSR.TTF', name='Berlin Sans FB', style='normal', variant='normal', weight=400, stretch='normal', size='scalable')) = 10.05
2026-06-02 16:27:50,454 [DEBUG] matplotlib.font_manager: findfont: score(FontEntry(fname='C:\\Windows\\Fonts\\segoeuii.ttf', name='Segoe UI', style='italic', variant='normal', weight=400, stretch='normal', size='scalable')) = 11.05
2026-06-02 16:27:50,454 [DEBUG] matplotlib.font_manager: findfont: score(FontEntry(fname='C:\\Windows\\Fonts\\COOPBL.TTF', name='Cooper Black', style='normal', variant='normal', weight=400, stretch='normal', size='scalable')) = 10.05
2026-06-02 16:27:50,454 [DEBUG] matplotlib.font_manager: findfont: score(FontEntry(fname='C:\\Windows\\Fonts\\malgun.ttf', name='Malgun Gothic', style='normal', variant='normal', weight=400, stretch='normal', size='scalable')) = 10.05
2026-06-02 16:27:50,454 [DEBUG] matplotlib.font_manager: findfont: score(FontEntry(fname='C:\\Windows\\Fonts\\segoeuil.ttf', name='Segoe UI', style='normal', variant='normal', weight=300, stretch='normal', size='scalable')) = 10.145
2026-06-02 16:27:50,454 [DEBUG] matplotlib.font_manager: findfont: score(FontEntry(fname='C:\\Windows\\Fonts\\malgunbd.ttf', name='Malgun Gothic', style='normal', variant='normal', weight=700, stretch='normal', size='scalable')) = 10.335
2026-06-02 16:27:50,454 [DEBUG] matplotlib.font_manager: findfont: score(FontEntry(fname='C:\\Windows\\Fonts\\msjh.ttc', name='Microsoft JhengHei', style='normal', variant='normal', weight=400, stretch='normal', size='scalable')) = 10.05
2026-06-02 16:27:50,454 [DEBUG] matplotlib.font_manager: findfont: score(FontEntry(fname='C:\\Windows\\Fonts\\LBRITEDI.TTF', name='Lucida Bright', style='italic', variant='normal', weight=600, stretch='normal', size='scalable')) = 11.24
2026-06-02 16:27:50,454 [DEBUG] matplotlib.font_manager: findfont: score(FontEntry(fname='C:\\Windows\\Fonts\\ELEPHNTI.TTF', name='Elephant', style='italic', variant='normal', weight=400, stretch='normal', size='scalable')) = 11.05
2026-06-02 16:27:50,454 [DEBUG] matplotlib.font_manager: findfont: score(FontEntry(fname='C:\\Windows\\Fonts\\BOOKOSI.TTF', name='Bookman Old Style', style='italic', variant='normal', weight=300, stretch='normal', size='scalable')) = 11.145
2026-06-02 16:27:50,454 [DEBUG] matplotlib.font_manager: findfont: score(FontEntry(fname='C:\\Windows\\Fonts\\consolaz.ttf', name='Consolas', style='italic', variant='normal', weight=700, stretch='normal', size='scalable')) = 11.335
2026-06-02 16:27:50,454 [DEBUG] matplotlib.font_manager: findfont: score(FontEntry(fname='C:\\Windows\\Fonts\\ROCKB.TTF', name='Rockwell', style='normal', variant='normal', weight=700, stretch='normal', size='scalable')) = 10.335
2026-06-02 16:27:50,454 [DEBUG] matplotlib.font_manager: findfont: score(FontEntry(fname='C:\\Windows\\Fonts\\msyh.ttc', name='Microsoft YaHei', style='normal', variant='normal', weight=400, stretch='normal', size='scalable')) = 10.05
2026-06-02 16:27:50,454 [DEBUG] matplotlib.font_manager: findfont: score(FontEntry(fname='C:\\Windows\\Fonts\\MATURASC.TTF', name='Matura MT Script Capitals', style='normal', variant='normal', weight=400, stretch='normal', size='scalable')) = 10.05
2026-06-02 16:27:50,454 [DEBUG] matplotlib.font_manager: findfont: score(FontEntry(fname='C:\\Windows\\Fonts\\SitkaVF-Italic.ttf', name='Sitka', style='italic', variant='normal', weight=400, stretch='normal', size='scalable')) = 11.05
2026-06-02 16:27:50,454 [DEBUG] matplotlib.font_manager: findfont: score(FontEntry(fname='C:\\Windows\\Fonts\\gadugib.ttf', name='Gadugi', style='normal', variant='normal', weight=700, stretch='normal', size='scalable')) = 10.335
2026-06-02 16:27:50,454 [DEBUG] matplotlib.font_manager: findfont: score(FontEntry(fname='C:\\Windows\\Fonts\\NIAGENG.TTF', name='Niagara Engraved', style='normal', variant='normal', weight=400, stretch='normal', size='scalable')) = 10.05
2026-06-02 16:27:50,455 [DEBUG] matplotlib.font_manager: findfont: score(FontEntry(fname='C:\\Windows\\Fonts\\FRAHVIT.TTF', name='Franklin Gothic Heavy', style='italic', variant='normal', weight=400, stretch='normal', size='scalable')) = 11.05
2026-06-02 16:27:50,455 [DEBUG] matplotlib.font_manager: findfont: score(FontEntry(fname='C:\\Windows\\Fonts\\calibrib.ttf', name='Calibri', style='normal', variant='normal', weight=700, stretch='normal', size='scalable')) = 10.335
2026-06-02 16:27:50,455 [DEBUG] matplotlib.font_manager: findfont: score(FontEntry(fname='C:\\Windows\\Fonts\\LTYPE.TTF', name='Lucida Sans Typewriter', style='normal', variant='normal', weight=400, stretch='normal', size='scalable')) = 10.05
2026-06-02 16:27:50,455 [DEBUG] matplotlib.font_manager: findfont: score(FontEntry(fname='C:\\Windows\\Fonts\\HARNGTON.TTF', name='Harrington', style='normal', variant='normal', weight=400, stretch='normal', size='scalable')) = 10.05
2026-06-02 16:27:50,455 [DEBUG] matplotlib.font_manager: findfont: score(FontEntry(fname='C:\\Windows\\Fonts\\REFSAN.TTF', name='MS Reference Sans Serif', style='normal', variant='normal', weight=400, stretch='normal', size='scalable')) = 10.05
2026-06-02 16:27:50,455 [DEBUG] matplotlib.font_manager: findfont: score(FontEntry(fname='C:\\Windows\\Fonts\\LEELAWDB.TTF', name='Leelawadee', style='normal', variant='normal', weight=700, stretch='normal', size='scalable')) = 10.335
2026-06-02 16:27:50,455 [DEBUG] matplotlib.font_manager: findfont: score(FontEntry(fname='C:\\Windows\\Fonts\\VINERITC.TTF', name='Viner Hand ITC', style='normal', variant='normal', weight=400, stretch='normal', size='scalable')) = 10.05
2026-06-02 16:27:50,455 [DEBUG] matplotlib.font_manager: findfont: score(FontEntry(fname='C:\\Windows\\Fonts\\GOTHICBI.TTF', name='Century Gothic', style='italic', variant='normal', weight=700, stretch='normal', size='scalable')) = 11.335
2026-06-02 16:27:50,455 [DEBUG] matplotlib.font_manager: findfont: score(FontEntry(fname='C:\\Windows\\Fonts\\pala.ttf', name='Palatino Linotype', style='normal', variant='normal', weight=400, stretch='normal', size='scalable')) = 10.05
2026-06-02 16:27:50,455 [DEBUG] matplotlib.font_manager: findfont: score(FontEntry(fname='C:\\Windows\\Fonts\\BROADW.TTF', name='Broadway', style='normal', variant='normal', weight=400, stretch='normal', size='scalable')) = 10.05
2026-06-02 16:27:50,455 [DEBUG] matplotlib.font_manager: findfont: score(FontEntry(fname='C:\\Windows\\Fonts\\YuGothR.ttc', name='Yu Gothic', style='normal', variant='normal', weight=400, stretch='normal', size='scalable')) = 10.05
2026-06-02 16:27:50,455 [DEBUG] matplotlib.font_manager: findfont: score(FontEntry(fname='C:\\Windows\\Fonts\\PRISTINA.TTF', name='Pristina', style='normal', variant='normal', weight=400, stretch='normal', size='scalable')) = 10.05
2026-06-02 16:27:50,455 [DEBUG] matplotlib.font_manager: findfont: score(FontEntry(fname='C:\\Windows\\Fonts\\LTYPEO.TTF', name='Lucida Sans Typewriter', style='oblique', variant='normal', weight=400, stretch='normal', size='scalable')) = 11.05
2026-06-02 16:27:50,455 [DEBUG] matplotlib.font_manager: findfont: score(FontEntry(fname='C:\\Windows\\Fonts\\times.ttf', name='Times New Roman', style='normal', variant='normal', weight=400, stretch='normal', size='scalable')) = 10.05
2026-06-02 16:27:50,455 [DEBUG] matplotlib.font_manager: findfont: score(FontEntry(fname='C:\\Windows\\Fonts\\comicbd.ttf', name='Comic Sans MS', style='normal', variant='normal', weight=700, stretch='normal', size='scalable')) = 10.335
2026-06-02 16:27:50,455 [DEBUG] matplotlib.font_manager: findfont: score(FontEntry(fname='C:\\Windows\\Fonts\\seguili.ttf', name='Segoe UI', style='italic', variant='normal', weight=300, stretch='normal', size='scalable')) = 11.145
2026-06-02 16:27:50,455 [DEBUG] matplotlib.font_manager: findfont: score(FontEntry(fname='C:\\Windows\\Fonts\\segoeuiz.ttf', name='Segoe UI', style='italic', variant='normal', weight=700, stretch='normal', size='scalable')) = 11.335
2026-06-02 16:27:50,455 [DEBUG] matplotlib.font_manager: findfont: score(FontEntry(fname='C:\\Windows\\Fonts\\BOD_BI.TTF', name='Bodoni MT', style='italic', variant='normal', weight=700, stretch='normal', size='scalable')) = 11.335
2026-06-02 16:27:50,455 [DEBUG] matplotlib.font_manager: findfont: score(FontEntry(fname='C:\\Windows\\Fonts\\HARLOWSI.TTF', name='Harlow Solid Italic', style='italic', variant='normal', weight=400, stretch='normal', size='scalable')) = 11.05
2026-06-02 16:27:50,455 [DEBUG] matplotlib.font_manager: findfont: score(FontEntry(fname='C:\\Windows\\Fonts\\BASKVILL.TTF', name='Baskerville Old Face', style='normal', variant='normal', weight=400, stretch='normal', size='scalable')) = 10.05
2026-06-02 16:27:50,455 [DEBUG] matplotlib.font_manager: findfont: score(FontEntry(fname='C:\\Windows\\Fonts\\SegoeIcons.ttf', name='Segoe Fluent Icons', style='normal', variant='normal', weight=400, stretch='normal', size='scalable')) = 10.05
2026-06-02 16:27:50,455 [DEBUG] matplotlib.font_manager: findfont: score(FontEntry(fname='C:\\Windows\\Fonts\\GLSNECB.TTF', name='Gill Sans MT Ext Condensed Bold', style='normal', variant='normal', weight=400, stretch='condensed', size='scalable')) = 10.25
2026-06-02 16:27:50,455 [DEBUG] matplotlib.font_manager: findfont: score(FontEntry(fname='C:\\Windows\\Fonts\\msjhbd.ttc', name='Microsoft JhengHei', style='normal', variant='normal', weight=700, stretch='normal', size='scalable')) = 10.335
2026-06-02 16:27:50,455 [DEBUG] matplotlib.font_manager: findfont: score(FontEntry(fname='C:\\Windows\\Fonts\\timesbd.ttf', name='Times New Roman', style='normal', variant='normal', weight=700, stretch='normal', size='scalable')) = 10.335
2026-06-02 16:27:50,455 [DEBUG] matplotlib.font_manager: findfont: score(FontEntry(fname='C:\\Windows\\Fonts\\ARIALNBI.TTF', name='Arial', style='italic', variant='normal', weight=700, stretch='condensed', size='scalable')) = 7.8986363636363635
2026-06-02 16:27:50,455 [DEBUG] matplotlib.font_manager: findfont: score(FontEntry(fname='C:\\Windows\\Fonts\\framd.ttf', name='Franklin Gothic Medium', style='normal', variant='normal', weight=400, stretch='normal', size='scalable')) = 10.05
2026-06-02 16:27:50,455 [DEBUG] matplotlib.font_manager: findfont: score(FontEntry(fname='C:\\Windows\\Fonts\\mriamc.ttf', name='Miriam Fixed', style='normal', variant='normal', weight=400, stretch='normal', size='scalable')) = 10.05
2026-06-02 16:27:50,455 [DEBUG] matplotlib.font_manager: findfont: score(FontEntry(fname='C:\\Windows\\Fonts\\TCCEB.TTF', name='Tw Cen MT Condensed Extra Bold', style='normal', variant='normal', weight=400, stretch='condensed', size='scalable')) = 10.25
2026-06-02 16:27:50,455 [DEBUG] matplotlib.font_manager: findfont: score(FontEntry(fname='C:\\Windows\\Fonts\\ERASBD.TTF', name='Eras Bold ITC', style='normal', variant='normal', weight=400, stretch='normal', size='scalable')) = 10.05
2026-06-02 16:27:50,455 [DEBUG] matplotlib.font_manager: findfont: score(FontEntry(fname='C:\\Windows\\Fonts\\Candarai.ttf', name='Candara', style='italic', variant='normal', weight=400, stretch='normal', size='scalable')) = 11.05
2026-06-02 16:27:50,455 [DEBUG] matplotlib.font_manager: findfont: score(FontEntry(fname='C:\\Windows\\Fonts\\phagspa.ttf', name='Microsoft PhagsPa', style='normal', variant='normal', weight=400, stretch='normal', size='scalable')) = 10.05
2026-06-02 16:27:50,455 [DEBUG] matplotlib.font_manager: findfont: score(FontEntry(fname='C:\\Windows\\Fonts\\GIL_____.TTF', name='Gill Sans MT', style='normal', variant='normal', weight=400, stretch='normal', size='scalable')) = 10.05
2026-06-02 16:27:50,455 [DEBUG] matplotlib.font_manager: findfont: score(FontEntry(fname='C:\\Windows\\Fonts\\FRABK.TTF', name='Franklin Gothic Book', style='normal', variant='normal', weight=400, stretch='normal', size='scalable')) = 10.05
2026-06-02 16:27:50,455 [DEBUG] matplotlib.font_manager: findfont: score(FontEntry(fname='C:\\Windows\\Fonts\\wingding.ttf', name='Wingdings', style='normal', variant='normal', weight=400, stretch='normal', size='scalable')) = 10.05
2026-06-02 16:27:50,456 [DEBUG] matplotlib.font_manager: findfont: score(FontEntry(fname='C:\\Windows\\Fonts\\PERTILI.TTF', name='Perpetua Titling MT', style='normal', variant='normal', weight=300, stretch='normal', size='scalable')) = 10.145
2026-06-02 16:27:50,456 [DEBUG] matplotlib.font_manager: findfont: score(FontEntry(fname='C:\\Windows\\Fonts\\VLADIMIR.TTF', name='Vladimir Script', style='normal', variant='normal', weight=400, stretch='normal', size='scalable')) = 10.05
2026-06-02 16:27:50,456 [DEBUG] matplotlib.font_manager: findfont: score(FontEntry(fname='C:\\Windows\\Fonts\\palab.ttf', name='Palatino Linotype', style='normal', variant='normal', weight=700, stretch='normal', size='scalable')) = 10.335
2026-06-02 16:27:50,456 [DEBUG] matplotlib.font_manager: findfont: score(FontEntry(fname='C:\\Windows\\Fonts\\BRLNSB.TTF', name='Berlin Sans FB', style='normal', variant='normal', weight=700, stretch='normal', size='scalable')) = 10.335
2026-06-02 16:27:50,456 [DEBUG] matplotlib.font_manager: findfont: score(FontEntry(fname='C:\\Windows\\Fonts\\monbaiti.ttf', name='Mongolian Baiti', style='normal', variant='normal', weight=400, stretch='normal', size='scalable')) = 10.05
2026-06-02 16:27:50,456 [DEBUG] matplotlib.font_manager: findfont: score(FontEntry(fname='C:\\Windows\\Fonts\\gadugi.ttf', name='Gadugi', style='normal', variant='normal', weight=400, stretch='normal', size='scalable')) = 10.05
2026-06-02 16:27:50,456 [DEBUG] matplotlib.font_manager: findfont: score(FontEntry(fname='C:\\Windows\\Fonts\\phagspab.ttf', name='Microsoft PhagsPa', style='normal', variant='normal', weight=700, stretch='normal', size='scalable')) = 10.335
2026-06-02 16:27:50,456 [DEBUG] matplotlib.font_manager: findfont: score(FontEntry(fname='C:\\Windows\\Fonts\\LFAXD.TTF', name='Lucida Fax', style='normal', variant='normal', weight=600, stretch='normal', size='scalable')) = 10.24
2026-06-02 16:27:50,456 [DEBUG] matplotlib.font_manager: findfont: score(FontEntry(fname='C:\\Windows\\Fonts\\gisha.ttf', name='Gisha', style='normal', variant='normal', weight=400, stretch='normal', size='scalable')) = 10.05
2026-06-02 16:27:50,456 [DEBUG] matplotlib.font_manager: findfont: score(FontEntry(fname='C:\\Windows\\Fonts\\Candaraz.ttf', name='Candara', style='italic', variant='normal', weight=700, stretch='normal', size='scalable')) = 11.335
2026-06-02 16:27:50,456 [DEBUG] matplotlib.font_manager: findfont: score(FontEntry(fname='C:\\Windows\\Fonts\\courbd.ttf', name='Courier New', style='normal', variant='normal', weight=700, stretch='normal', size='scalable')) = 10.335
2026-06-02 16:27:50,456 [DEBUG] matplotlib.font_manager: findfont: score(FontEntry(fname='C:\\Windows\\Fonts\\ANTQUAI.TTF', name='Book Antiqua', style='italic', variant='normal', weight=400, stretch='normal', size='scalable')) = 11.05
2026-06-02 16:27:50,456 [DEBUG] matplotlib.font_manager: findfont: score(FontEntry(fname='C:\\Windows\\Fonts\\MSUIGHUB.TTF', name='Microsoft Uighur', style='normal', variant='normal', weight=700, stretch='normal', size='scalable')) = 10.335
2026-06-02 16:27:50,456 [DEBUG] matplotlib.font_manager: findfont: score(FontEntry(fname='C:\\Windows\\Fonts\\cambria.ttc', name='Cambria', style='normal', variant='normal', weight=400, stretch='normal', size='scalable')) = 10.05
2026-06-02 16:27:50,456 [DEBUG] matplotlib.font_manager: findfont: score(FontEntry(fname='C:\\Windows\\Fonts\\georgiai.ttf', name='Georgia', style='italic', variant='normal', weight=400, stretch='normal', size='scalable')) = 11.05
2026-06-02 16:27:50,456 [DEBUG] matplotlib.font_manager: findfont: score(FontEntry(fname='C:\\Windows\\Fonts\\ARIALN.TTF', name='Arial', style='normal', variant='normal', weight=400, stretch='condensed', size='scalable')) = 6.613636363636363
2026-06-02 16:27:50,456 [DEBUG] matplotlib.font_manager: findfont: score(FontEntry(fname='C:\\Windows\\Fonts\\FRABKIT.TTF', name='Franklin Gothic Book', style='italic', variant='normal', weight=400, stretch='normal', size='scalable')) = 11.05
2026-06-02 16:27:50,456 [DEBUG] matplotlib.font_manager: findfont: score(FontEntry(fname='C:\\Windows\\Fonts\\LBRITE.TTF', name='Lucida Bright', style='normal', variant='normal', weight=400, stretch='normal', size='scalable')) = 10.05
2026-06-02 16:27:50,456 [DEBUG] matplotlib.font_manager: findfont: score(FontEntry(fname='C:\\Windows\\Fonts\\Candarab.ttf', name='Candara', style='normal', variant='normal', weight=700, stretch='normal', size='scalable')) = 10.335
2026-06-02 16:27:50,456 [DEBUG] matplotlib.font_manager: findfont: score(FontEntry(fname='C:\\Windows\\Fonts\\segoepr.ttf', name='Segoe Print', style='normal', variant='normal', weight=400, stretch='normal', size='scalable')) = 10.05
2026-06-02 16:27:50,456 [DEBUG] matplotlib.font_manager: findfont: score(FontEntry(fname='C:\\Windows\\Fonts\\FTLTLT.TTF', name='Footlight MT Light', style='normal', variant='normal', weight=300, stretch='normal', size='scalable')) = 10.145
2026-06-02 16:27:50,456 [DEBUG] matplotlib.font_manager: findfont: score(FontEntry(fname='C:\\Windows\\Fonts\\CALISTI.TTF', name='Calisto MT', style='italic', variant='normal', weight=400, stretch='normal', size='scalable')) = 11.05
2026-06-02 16:27:50,456 [DEBUG] matplotlib.font_manager: findfont: score(FontEntry(fname='C:\\Windows\\Fonts\\JOKERMAN.TTF', name='Jokerman', style='normal', variant='normal', weight=400, stretch='normal', size='scalable')) = 10.05
2026-06-02 16:27:50,456 [DEBUG] matplotlib.font_manager: findfont: score(FontEntry(fname='C:\\Windows\\Fonts\\segoeprb.ttf', name='Segoe Print', style='normal', variant='normal', weight=700, stretch='normal', size='scalable')) = 10.335
2026-06-02 16:27:50,456 [DEBUG] matplotlib.font_manager: findfont: score(FontEntry(fname='C:\\Windows\\Fonts\\SCRIPTBL.TTF', name='Script MT Bold', style='normal', variant='normal', weight=700, stretch='normal', size='scalable')) = 10.335
2026-06-02 16:27:50,456 [DEBUG] matplotlib.font_manager: findfont: score(FontEntry(fname='C:\\Windows\\Fonts\\LeelawUI.ttf', name='Leelawadee UI', style='normal', variant='normal', weight=400, stretch='normal', size='scalable')) = 10.05
2026-06-02 16:27:50,456 [DEBUG] matplotlib.font_manager: findfont: score(FontEntry(fname='C:\\Windows\\Fonts\\constanz.ttf', name='Constantia', style='italic', variant='normal', weight=700, stretch='normal', size='scalable')) = 11.335
2026-06-02 16:27:50,456 [DEBUG] matplotlib.font_manager: findfont: score(FontEntry(fname='C:\\Windows\\Fonts\\CENTURY.TTF', name='Century', style='normal', variant='normal', weight=400, stretch='normal', size='scalable')) = 10.05
2026-06-02 16:27:50,456 [DEBUG] matplotlib.font_manager: findfont: score(FontEntry(fname='C:\\Windows\\Fonts\\GOUDOSI.TTF', name='Goudy Old Style', style='italic', variant='normal', weight=400, stretch='normal', size='scalable')) = 11.05
2026-06-02 16:27:50,456 [DEBUG] matplotlib.font_manager: findfont: score(FontEntry(fname='C:\\Windows\\Fonts\\constani.ttf', name='Constantia', style='italic', variant='normal', weight=400, stretch='normal', size='scalable')) = 11.05
2026-06-02 16:27:50,456 [DEBUG] matplotlib.font_manager: findfont: score(FontEntry(fname='C:\\Windows\\Fonts\\tahomabd.ttf', name='Tahoma', style='normal', variant='normal', weight=700, stretch='normal', size='scalable')) = 10.335
2026-06-02 16:27:50,456 [DEBUG] matplotlib.font_manager: findfont: score(FontEntry(fname='C:\\Windows\\Fonts\\GILC____.TTF', name='Gill Sans MT Condensed', style='normal', variant='normal', weight=400, stretch='condensed', size='scalable')) = 10.25
2026-06-02 16:27:50,456 [DEBUG] matplotlib.font_manager: findfont: score(FontEntry(fname='C:\\Windows\\Fonts\\framdit.ttf', name='Franklin Gothic Medium', style='italic', variant='normal', weight=400, stretch='normal', size='scalable')) = 11.05
2026-06-02 16:27:50,456 [DEBUG] matplotlib.font_manager: findfont: score(FontEntry(fname='C:\\Windows\\Fonts\\LATINWD.TTF', name='Wide Latin', style='normal', variant='normal', weight=400, stretch='expanded', size='scalable')) = 10.25
2026-06-02 16:27:50,456 [DEBUG] matplotlib.font_manager: findfont: score(FontEntry(fname='C:\\Windows\\Fonts\\LHANDW.TTF', name='Lucida Handwriting', style='italic', variant='normal', weight=400, stretch='normal', size='scalable')) = 11.05
2026-06-02 16:27:50,457 [DEBUG] matplotlib.font_manager: findfont: score(FontEntry(fname='C:\\Windows\\Fonts\\STENCIL.TTF', name='Stencil', style='normal', variant='normal', weight=400, stretch='normal', size='scalable')) = 10.05
2026-06-02 16:27:50,457 [DEBUG] matplotlib.font_manager: findfont: score(FontEntry(fname='C:\\Windows\\Fonts\\corbelli.ttf', name='Corbel', style='italic', variant='normal', weight=300, stretch='normal', size='scalable')) = 11.145
2026-06-02 16:27:50,457 [DEBUG] matplotlib.font_manager: findfont: score(FontEntry(fname='C:\\Windows\\Fonts\\DUBAI-MEDIUM.TTF', name='Dubai', style='normal', variant='normal', weight=500, stretch='normal', size='scalable')) = 10.145
2026-06-02 16:27:50,457 [DEBUG] matplotlib.font_manager: findfont: score(FontEntry(fname='C:\\Windows\\Fonts\\constan.ttf', name='Constantia', style='normal', variant='normal', weight=400, stretch='normal', size='scalable')) = 10.05
2026-06-02 16:27:50,457 [DEBUG] matplotlib.font_manager: findfont: score(FontEntry(fname='C:\\Windows\\Fonts\\GILBI___.TTF', name='Gill Sans MT', style='italic', variant='normal', weight=700, stretch='normal', size='scalable')) = 11.335
2026-06-02 16:27:50,457 [DEBUG] matplotlib.font_manager: findfont: score(FontEntry(fname='C:\\Windows\\Fonts\\trebucit.ttf', name='Trebuchet MS', style='italic', variant='normal', weight=400, stretch='normal', size='scalable')) = 11.05
2026-06-02 16:27:50,457 [DEBUG] matplotlib.font_manager: findfont: score(FontEntry(fname='C:\\Windows\\Fonts\\BOD_R.TTF', name='Bodoni MT', style='normal', variant='normal', weight=400, stretch='normal', size='scalable')) = 10.05
2026-06-02 16:27:50,457 [DEBUG] matplotlib.font_manager: findfont: score(FontEntry(fname='C:\\Windows\\Fonts\\TCCB____.TTF', name='Tw Cen MT Condensed', style='normal', variant='normal', weight=700, stretch='condensed', size='scalable')) = 10.535
2026-06-02 16:27:50,457 [DEBUG] matplotlib.font_manager: findfont: score(FontEntry(fname='C:\\Windows\\Fonts\\WINGDNG2.TTF', name='Wingdings 2', style='normal', variant='normal', weight=400, stretch='normal', size='scalable')) = 10.05
2026-06-02 16:27:50,457 [DEBUG] matplotlib.font_manager: findfont: score(FontEntry(fname='C:\\Windows\\Fonts\\corbell.ttf', name='Corbel', style='normal', variant='normal', weight=300, stretch='normal', size='scalable')) = 10.145
2026-06-02 16:27:50,457 [DEBUG] matplotlib.font_manager: findfont: score(FontEntry(fname='C:\\Windows\\Fonts\\LeelUIsl.ttf', name='Leelawadee UI', style='normal', variant='normal', weight=350, stretch='normal', size='scalable')) = 10.0975
2026-06-02 16:27:50,457 [DEBUG] matplotlib.font_manager: findfont: score(FontEntry(fname='C:\\Windows\\Fonts\\mriam.ttf', name='Miriam', style='normal', variant='normal', weight=400, stretch='normal', size='scalable')) = 10.05
2026-06-02 16:27:50,457 [DEBUG] matplotlib.font_manager: findfont: score(FontEntry(fname='C:\\Windows\\Fonts\\mmrtextb.ttf', name='Myanmar Text', style='normal', variant='normal', weight=700, stretch='normal', size='scalable')) = 10.335
2026-06-02 16:27:50,457 [DEBUG] matplotlib.font_manager: findfont: score(FontEntry(fname='C:\\Windows\\Fonts\\PLAYBILL.TTF', name='Playbill', style='normal', variant='normal', weight=400, stretch='normal', size='scalable')) = 10.05
2026-06-02 16:27:50,457 [DEBUG] matplotlib.font_manager: findfont: score(FontEntry(fname='C:\\Windows\\Fonts\\BRADHITC.TTF', name='Bradley Hand ITC', style='normal', variant='normal', weight=400, stretch='normal', size='scalable')) = 10.05
2026-06-02 16:27:50,457 [DEBUG] matplotlib.font_manager: findfont: score(FontEntry(fname='C:\\Windows\\Fonts\\FRADMIT.TTF', name='Franklin Gothic Demi', style='italic', variant='normal', weight=400, stretch='normal', size='scalable')) = 11.05
2026-06-02 16:27:50,457 [DEBUG] matplotlib.font_manager: findfont: score(FontEntry(fname='C:\\Windows\\Fonts\\SCHLBKI.TTF', name='Century Schoolbook', style='italic', variant='normal', weight=400, stretch='normal', size='scalable')) = 11.05
2026-06-02 16:27:50,457 [DEBUG] matplotlib.font_manager: findfont: score(FontEntry(fname='C:\\Windows\\Fonts\\cambriaz.ttf', name='Cambria', style='italic', variant='normal', weight=700, stretch='normal', size='scalable')) = 11.335
2026-06-02 16:27:50,457 [DEBUG] matplotlib.font_manager: findfont: score(FontEntry(fname='C:\\Windows\\Fonts\\LBRITEI.TTF', name='Lucida Bright', style='italic', variant='normal', weight=400, stretch='normal', size='scalable')) = 11.05
2026-06-02 16:27:50,457 [DEBUG] matplotlib.font_manager: findfont: score(FontEntry(fname='C:\\Windows\\Fonts\\micross.ttf', name='Microsoft Sans Serif', style='normal', variant='normal', weight=400, stretch='normal', size='scalable')) = 10.05
2026-06-02 16:27:50,457 [DEBUG] matplotlib.font_manager: findfont: score(FontEntry(fname='C:\\Windows\\Fonts\\BOOKOSBI.TTF', name='Bookman Old Style', style='italic', variant='normal', weight=600, stretch='normal', size='scalable')) = 11.24
2026-06-02 16:27:50,457 [DEBUG] matplotlib.font_manager: findfont: score(FontEntry(fname='C:\\Windows\\Fonts\\COLONNA.TTF', name='Colonna MT', style='normal', variant='normal', weight=400, stretch='normal', size='scalable')) = 10.05
2026-06-02 16:27:50,457 [DEBUG] matplotlib.font_manager: findfont: score(FontEntry(fname='C:\\Windows\\Fonts\\YuGothL.ttc', name='Yu Gothic', style='normal', variant='normal', weight=300, stretch='normal', size='scalable')) = 10.145
2026-06-02 16:27:50,457 [DEBUG] matplotlib.font_manager: findfont: score(FontEntry(fname='C:\\Windows\\Fonts\\ntailu.ttf', name='Microsoft New Tai Lue', style='normal', variant='normal', weight=400, stretch='normal', size='scalable')) = 10.05
2026-06-02 16:27:50,457 [DEBUG] matplotlib.font_manager: findfont: score(FontEntry(fname='C:\\Windows\\Fonts\\ONYX.TTF', name='Onyx', style='normal', variant='normal', weight=400, stretch='normal', size='scalable')) = 10.05
2026-06-02 16:27:50,457 [DEBUG] matplotlib.font_manager: findfont: score(FontEntry(fname='C:\\Windows\\Fonts\\DUBAI-LIGHT.TTF', name='Dubai', style='normal', variant='normal', weight=300, stretch='normal', size='scalable')) = 10.145
2026-06-02 16:27:50,457 [DEBUG] matplotlib.font_manager: findfont: score(FontEntry(fname='C:\\Windows\\Fonts\\COPRGTL.TTF', name='Copperplate Gothic Light', style='normal', variant='normal', weight=400, stretch='normal', size='scalable')) = 10.05
2026-06-02 16:27:50,457 [DEBUG] matplotlib.font_manager: findfont: score(FontEntry(fname='C:\\Windows\\Fonts\\msgothic.ttc', name='MS Gothic', style='normal', variant='normal', weight=400, stretch='normal', size='scalable')) = 10.05
2026-06-02 16:27:50,457 [DEBUG] matplotlib.font_manager: findfont: score(FontEntry(fname='C:\\Windows\\Fonts\\lvnmbd.ttf', name='Levenim MT', style='normal', variant='normal', weight=700, stretch='normal', size='scalable')) = 10.335
2026-06-02 16:27:50,457 [DEBUG] matplotlib.font_manager: findfont: score(FontEntry(fname='C:\\Windows\\Fonts\\LeelaUIb.ttf', name='Leelawadee UI', style='normal', variant='normal', weight=700, stretch='normal', size='scalable')) = 10.335
2026-06-02 16:27:50,457 [DEBUG] matplotlib.font_manager: findfont: score(FontEntry(fname='C:\\Windows\\Fonts\\HTOWERTI.TTF', name='High Tower Text', style='italic', variant='normal', weight=400, stretch='normal', size='scalable')) = 11.05
2026-06-02 16:27:50,457 [DEBUG] matplotlib.font_manager: findfont: score(FontEntry(fname='C:\\Windows\\Fonts\\AGENCYR.TTF', name='Agency FB', style='normal', variant='normal', weight=400, stretch='normal', size='scalable')) = 10.05
2026-06-02 16:27:50,457 [DEBUG] matplotlib.font_manager: findfont: score(FontEntry(fname='C:\\Windows\\Fonts\\GOTHICI.TTF', name='Century Gothic', style='italic', variant='normal', weight=400, stretch='normal', size='scalable')) = 11.05
2026-06-02 16:27:50,457 [DEBUG] matplotlib.font_manager: findfont: score(FontEntry(fname='C:\\Windows\\Fonts\\BOD_BLAI.TTF', name='Bodoni MT', style='italic', variant='normal', weight=900, stretch='normal', size='scalable')) = 11.525
2026-06-02 16:27:50,457 [DEBUG] matplotlib.font_manager: findfont: score(FontEntry(fname='C:\\Windows\\Fonts\\calibri.ttf', name='Calibri', style='normal', variant='normal', weight=400, stretch='normal', size='scalable')) = 10.05
2026-06-02 16:27:50,458 [DEBUG] matplotlib.font_manager: findfont: score(FontEntry(fname='C:\\Windows\\Fonts\\INFROMAN.TTF', name='Informal Roman', style='normal', variant='normal', weight=400, stretch='normal', size='scalable')) = 10.05
2026-06-02 16:27:50,458 [DEBUG] matplotlib.font_manager: findfont: score(FontEntry(fname='C:\\Windows\\Fonts\\lvnm.ttf', name='Levenim MT', style='normal', variant='normal', weight=400, stretch='normal', size='scalable')) = 10.05
2026-06-02 16:27:50,458 [DEBUG] matplotlib.font_manager: findfont: score(FontEntry(fname='C:\\Windows\\Fonts\\TCBI____.TTF', name='Tw Cen MT', style='italic', variant='normal', weight=700, stretch='normal', size='scalable')) = 11.335
2026-06-02 16:27:50,458 [DEBUG] matplotlib.font_manager: findfont: score(FontEntry(fname='C:\\Windows\\Fonts\\Candarali.ttf', name='Candara', style='italic', variant='normal', weight=400, stretch='normal', size='scalable')) = 11.05
2026-06-02 16:27:50,458 [DEBUG] matplotlib.font_manager: findfont: score(FontEntry(fname='C:\\Windows\\Fonts\\BELLB.TTF', name='Bell MT', style='normal', variant='normal', weight=700, stretch='normal', size='scalable')) = 10.335
2026-06-02 16:27:50,458 [DEBUG] matplotlib.font_manager: findfont: score(FontEntry(fname='C:\\Windows\\Fonts\\seguisli.ttf', name='Segoe UI', style='italic', variant='normal', weight=350, stretch='normal', size='scalable')) = 11.0975
2026-06-02 16:27:50,458 [DEBUG] matplotlib.font_manager: findfont: score(FontEntry(fname='C:\\Windows\\Fonts\\ARLRDBD.TTF', name='Arial Rounded MT Bold', style='normal', variant='normal', weight=400, stretch='normal', size='scalable')) = 10.05
2026-06-02 16:27:50,458 [DEBUG] matplotlib.font_manager: findfont: Matching sans\-serif:style=normal:variant=normal:weight=normal:stretch=normal:size=12.0 to DejaVu Sans ('C:\\Users\\danie\\Documents\\VIBE_CODING\\EX2\\.venv\\Lib\\site-packages\\matplotlib\\mpl-data\\fonts\\ttf\\DejaVuSans.ttf') with score of 0.050000.
2026-06-02 16:27:50,605 [INFO] trading_sdk.sdk: Training complete for AAPL
2026-06-02 16:28:17,854 [INFO] trading_sdk.shared.config: Configuration Manager initialized successfully.
2026-06-02 16:28:17,855 [INFO] trading_sdk.data.client: Loading AAPL from cache C:\Users\danie\Documents\VIBE_CODING\EX2\data\raw\AAPL_2020-01-01_2024-01-01_1d.parquet
2026-06-02 16:28:18,303 [DEBUG] matplotlib.pyplot: Loaded backend tkagg version 8.6.
2026-06-02 16:28:18,379 [DEBUG] PIL.PngImagePlugin: STREAM b'IHDR' 16 13
2026-06-02 16:28:18,379 [DEBUG] PIL.PngImagePlugin: STREAM b'sBIT' 41 4
2026-06-02 16:28:18,379 [DEBUG] PIL.PngImagePlugin: b'sBIT' 41 4 (unknown)
2026-06-02 16:28:18,379 [DEBUG] PIL.PngImagePlugin: STREAM b'pHYs' 57 9
2026-06-02 16:28:18,379 [DEBUG] PIL.PngImagePlugin: STREAM b'IDAT' 78 1189
2026-06-02 16:28:18,390 [DEBUG] PIL.PngImagePlugin: STREAM b'IHDR' 16 13
2026-06-02 16:28:18,390 [DEBUG] PIL.PngImagePlugin: STREAM b'sBIT' 41 4
2026-06-02 16:28:18,390 [DEBUG] PIL.PngImagePlugin: b'sBIT' 41 4 (unknown)
2026-06-02 16:28:18,390 [DEBUG] PIL.PngImagePlugin: STREAM b'pHYs' 57 9
2026-06-02 16:28:18,390 [DEBUG] PIL.PngImagePlugin: STREAM b'IDAT' 78 2994
2026-06-02 16:28:18,445 [DEBUG] PIL.PngImagePlugin: STREAM b'IHDR' 16 13
2026-06-02 16:28:18,446 [DEBUG] PIL.PngImagePlugin: STREAM b'sBIT' 41 4
2026-06-02 16:28:18,446 [DEBUG] PIL.PngImagePlugin: b'sBIT' 41 4 (unknown)
2026-06-02 16:28:18,446 [DEBUG] PIL.PngImagePlugin: STREAM b'pHYs' 57 9
2026-06-02 16:28:18,446 [DEBUG] PIL.PngImagePlugin: STREAM b'IDAT' 78 696
2026-06-02 16:28:18,449 [DEBUG] PIL.PngImagePlugin: STREAM b'IHDR' 16 13
2026-06-02 16:28:18,449 [DEBUG] PIL.PngImagePlugin: STREAM b'sBIT' 41 4
2026-06-02 16:28:18,449 [DEBUG] PIL.PngImagePlugin: b'sBIT' 41 4 (unknown)
2026-06-02 16:28:18,449 [DEBUG] PIL.PngImagePlugin: STREAM b'pHYs' 57 9
2026-06-02 16:28:18,449 [DEBUG] PIL.PngImagePlugin: STREAM b'IDAT' 78 526
2026-06-02 16:28:18,451 [DEBUG] PIL.PngImagePlugin: STREAM b'IHDR' 16 13
2026-06-02 16:28:18,451 [DEBUG] PIL.PngImagePlugin: STREAM b'sBIT' 41 4
2026-06-02 16:28:18,451 [DEBUG] PIL.PngImagePlugin: b'sBIT' 41 4 (unknown)
2026-06-02 16:28:18,451 [DEBUG] PIL.PngImagePlugin: STREAM b'pHYs' 57 9
2026-06-02 16:28:18,451 [DEBUG] PIL.PngImagePlugin: STREAM b'IDAT' 78 499
2026-06-02 16:28:18,453 [DEBUG] PIL.PngImagePlugin: STREAM b'IHDR' 16 13
2026-06-02 16:28:18,454 [DEBUG] PIL.PngImagePlugin: STREAM b'sBIT' 41 4
2026-06-02 16:28:18,454 [DEBUG] PIL.PngImagePlugin: b'sBIT' 41 4 (unknown)
2026-06-02 16:28:18,454 [DEBUG] PIL.PngImagePlugin: STREAM b'pHYs' 57 9
2026-06-02 16:28:18,454 [DEBUG] PIL.PngImagePlugin: STREAM b'IDAT' 78 673
2026-06-02 16:28:18,456 [DEBUG] PIL.PngImagePlugin: STREAM b'IHDR' 16 13
2026-06-02 16:28:18,456 [DEBUG] PIL.PngImagePlugin: STREAM b'sBIT' 41 4
2026-06-02 16:28:18,456 [DEBUG] PIL.PngImagePlugin: b'sBIT' 41 4 (unknown)
2026-06-02 16:28:18,456 [DEBUG] PIL.PngImagePlugin: STREAM b'pHYs' 57 9
2026-06-02 16:28:18,456 [DEBUG] PIL.PngImagePlugin: STREAM b'IDAT' 78 922
2026-06-02 16:28:18,459 [DEBUG] PIL.PngImagePlugin: STREAM b'IHDR' 16 13
2026-06-02 16:28:18,459 [DEBUG] PIL.PngImagePlugin: STREAM b'sBIT' 41 4
2026-06-02 16:28:18,459 [DEBUG] PIL.PngImagePlugin: b'sBIT' 41 4 (unknown)
2026-06-02 16:28:18,459 [DEBUG] PIL.PngImagePlugin: STREAM b'pHYs' 57 9
2026-06-02 16:28:18,459 [DEBUG] PIL.PngImagePlugin: STREAM b'IDAT' 78 568
2026-06-02 16:28:18,461 [DEBUG] PIL.PngImagePlugin: STREAM b'IHDR' 16 13
2026-06-02 16:28:18,461 [DEBUG] PIL.PngImagePlugin: STREAM b'sBIT' 41 4
2026-06-02 16:28:18,461 [DEBUG] PIL.PngImagePlugin: b'sBIT' 41 4 (unknown)
2026-06-02 16:28:18,461 [DEBUG] PIL.PngImagePlugin: STREAM b'pHYs' 57 9
2026-06-02 16:28:18,461 [DEBUG] PIL.PngImagePlugin: STREAM b'IDAT' 78 626
2026-06-02 16:28:18,466 [DEBUG] matplotlib.font_manager: findfont: Matching sans\-serif:style=normal:variant=normal:weight=normal:stretch=normal:size=10.0.
2026-06-02 16:28:18,466 [DEBUG] matplotlib.font_manager: findfont: score(FontEntry(fname='C:\\Users\\danie\\Documents\\VIBE_CODING\\EX2\\.venv\\Lib\\site-packages\\matplotlib\\mpl-data\\fonts\\ttf\\DejaVuSans.ttf', name='DejaVu Sans', style='normal', variant='normal', weight=400, stretch='normal', size='scalable')) = 0.05
2026-06-02 16:28:18,467 [DEBUG] matplotlib.font_manager: findfont: score(FontEntry(fname='C:\\Users\\danie\\Documents\\VIBE_CODING\\EX2\\.venv\\Lib\\site-packages\\matplotlib\\mpl-data\\fonts\\ttf\\DejaVuSerif.ttf', name='DejaVu Serif', style='normal', variant='normal', weight=400, stretch='normal', size='scalable')) = 10.05
2026-06-02 16:28:18,467 [DEBUG] matplotlib.font_manager: findfont: score(FontEntry(fname='C:\\Users\\danie\\Documents\\VIBE_CODING\\EX2\\.venv\\Lib\\site-packages\\matplotlib\\mpl-data\\fonts\\ttf\\STIXSizOneSymReg.ttf', name='STIXSizeOneSym', style='normal', variant='normal', weight=400, stretch='normal', size='scalable')) = 10.05
2026-06-02 16:28:18,467 [DEBUG] matplotlib.font_manager: findfont: score(FontEntry(fname='C:\\Users\\danie\\Documents\\VIBE_CODING\\EX2\\.venv\\Lib\\site-packages\\matplotlib\\mpl-data\\fonts\\ttf\\DejaVuSerifDisplay.ttf', name='DejaVu Serif Display', style='normal', variant='normal', weight=400, stretch='normal', size='scalable')) = 10.05
2026-06-02 16:28:18,467 [DEBUG] matplotlib.font_manager: findfont: score(FontEntry(fname='C:\\Users\\danie\\Documents\\VIBE_CODING\\EX2\\.venv\\Lib\\site-packages\\matplotlib\\mpl-data\\fonts\\ttf\\cmmi10.ttf', name='cmmi10', style='normal', variant='normal', weight=400, stretch='normal', size='scalable')) = 10.05
2026-06-02 16:28:18,467 [DEBUG] matplotlib.font_manager: findfont: score(FontEntry(fname='C:\\Users\\danie\\Documents\\VIBE_CODING\\EX2\\.venv\\Lib\\site-packages\\matplotlib\\mpl-data\\fonts\\ttf\\DejaVuSans-Bold.ttf', name='DejaVu Sans', style='normal', variant='normal', weight=700, stretch='normal', size='scalable')) = 0.33499999999999996
2026-06-02 16:28:18,467 [DEBUG] matplotlib.font_manager: findfont: score(FontEntry(fname='C:\\Users\\danie\\Documents\\VIBE_CODING\\EX2\\.venv\\Lib\\site-packages\\matplotlib\\mpl-data\\fonts\\ttf\\DejaVuSerif-Italic.ttf', name='DejaVu Serif', style='italic', variant='normal', weight=400, stretch='normal', size='scalable')) = 11.05
2026-06-02 16:28:18,467 [DEBUG] matplotlib.font_manager: findfont: score(FontEntry(fname='C:\\Users\\danie\\Documents\\VIBE_CODING\\EX2\\.venv\\Lib\\site-packages\\matplotlib\\mpl-data\\fonts\\ttf\\STIXNonUniIta.ttf', name='STIXNonUnicode', style='italic', variant='normal', weight=400, stretch='normal', size='scalable')) = 11.05
2026-06-02 16:28:18,467 [DEBUG] matplotlib.font_manager: findfont: score(FontEntry(fname='C:\\Users\\danie\\Documents\\VIBE_CODING\\EX2\\.venv\\Lib\\site-packages\\matplotlib\\mpl-data\\fonts\\ttf\\DejaVuSans-Oblique.ttf', name='DejaVu Sans', style='oblique', variant='normal', weight=400, stretch='normal', size='scalable')) = 1.05
2026-06-02 16:28:18,467 [DEBUG] matplotlib.font_manager: findfont: score(FontEntry(fname='C:\\Users\\danie\\Documents\\VIBE_CODING\\EX2\\.venv\\Lib\\site-packages\\matplotlib\\mpl-data\\fonts\\ttf\\STIXSizOneSymBol.ttf', name='STIXSizeOneSym', style='normal', variant='normal', weight=700, stretch='normal', size='scalable')) = 10.335
2026-06-02 16:28:18,467 [DEBUG] matplotlib.font_manager: findfont: score(FontEntry(fname='C:\\Users\\danie\\Documents\\VIBE_CODING\\EX2\\.venv\\Lib\\site-packages\\matplotlib\\mpl-data\\fonts\\ttf\\cmsy10.ttf', name='cmsy10', style='normal', variant='normal', weight=400, stretch='normal', size='scalable')) = 10.05
2026-06-02 16:28:18,467 [DEBUG] matplotlib.font_manager: findfont: score(FontEntry(fname='C:\\Users\\danie\\Documents\\VIBE_CODING\\EX2\\.venv\\Lib\\site-packages\\matplotlib\\mpl-data\\fonts\\ttf\\cmss10.ttf', name='cmss10', style='normal', variant='normal', weight=400, stretch='normal', size='scalable')) = 10.05
2026-06-02 16:28:18,467 [DEBUG] matplotlib.font_manager: findfont: score(FontEntry(fname='C:\\Users\\danie\\Documents\\VIBE_CODING\\EX2\\.venv\\Lib\\site-packages\\matplotlib\\mpl-data\\fonts\\ttf\\STIXSizThreeSymBol.ttf', name='STIXSizeThreeSym', style='normal', variant='normal', weight=700, stretch='normal', size='scalable')) = 10.335
2026-06-02 16:28:18,467 [DEBUG] matplotlib.font_manager: findfont: score(FontEntry(fname='C:\\Users\\danie\\Documents\\VIBE_CODING\\EX2\\.venv\\Lib\\site-packages\\matplotlib\\mpl-data\\fonts\\ttf\\cmex10.ttf', name='cmex10', style='normal', variant='normal', weight=400, stretch='normal', size='scalable')) = 10.05
2026-06-02 16:28:18,467 [DEBUG] matplotlib.font_manager: findfont: score(FontEntry(fname='C:\\Users\\danie\\Documents\\VIBE_CODING\\EX2\\.venv\\Lib\\site-packages\\matplotlib\\mpl-data\\fonts\\ttf\\DejaVuSansMono-Oblique.ttf', name='DejaVu Sans Mono', style='oblique', variant='normal', weight=400, stretch='normal', size='scalable')) = 11.05
2026-06-02 16:28:18,467 [DEBUG] matplotlib.font_manager: findfont: score(FontEntry(fname='C:\\Users\\danie\\Documents\\VIBE_CODING\\EX2\\.venv\\Lib\\site-packages\\matplotlib\\mpl-data\\fonts\\ttf\\STIXSizFourSymReg.ttf', name='STIXSizeFourSym', style='normal', variant='normal', weight=400, stretch='normal', size='scalable')) = 10.05
2026-06-02 16:28:18,467 [DEBUG] matplotlib.font_manager: findfont: score(FontEntry(fname='C:\\Users\\danie\\Documents\\VIBE_CODING\\EX2\\.venv\\Lib\\site-packages\\matplotlib\\mpl-data\\fonts\\ttf\\DejaVuSansDisplay.ttf', name='DejaVu Sans Display', style='normal', variant='normal', weight=400, stretch='normal', size='scalable')) = 10.05
2026-06-02 16:28:18,467 [DEBUG] matplotlib.font_manager: findfont: score(FontEntry(fname='C:\\Users\\danie\\Documents\\VIBE_CODING\\EX2\\.venv\\Lib\\site-packages\\matplotlib\\mpl-data\\fonts\\ttf\\STIXGeneralBolIta.ttf', name='STIXGeneral', style='italic', variant='normal', weight=700, stretch='normal', size='scalable')) = 11.335
2026-06-02 16:28:18,467 [DEBUG] matplotlib.font_manager: findfont: score(FontEntry(fname='C:\\Users\\danie\\Documents\\VIBE_CODING\\EX2\\.venv\\Lib\\site-packages\\matplotlib\\mpl-data\\fonts\\ttf\\DejaVuSans-BoldOblique.ttf', name='DejaVu Sans', style='oblique', variant='normal', weight=700, stretch='normal', size='scalable')) = 1.335
2026-06-02 16:28:18,468 [DEBUG] matplotlib.font_manager: findfont: score(FontEntry(fname='C:\\Users\\danie\\Documents\\VIBE_CODING\\EX2\\.venv\\Lib\\site-packages\\matplotlib\\mpl-data\\fonts\\ttf\\DejaVuSerif-Bold.ttf', name='DejaVu Serif', style='normal', variant='normal', weight=700, stretch='normal', size='scalable')) = 10.335
2026-06-02 16:28:18,468 [DEBUG] matplotlib.font_manager: findfont: score(FontEntry(fname='C:\\Users\\danie\\Documents\\VIBE_CODING\\EX2\\.venv\\Lib\\site-packages\\matplotlib\\mpl-data\\fonts\\ttf\\STIXSizTwoSymReg.ttf', name='STIXSizeTwoSym', style='normal', variant='normal', weight=400, stretch='normal', size='scalable')) = 10.05
2026-06-02 16:28:18,468 [DEBUG] matplotlib.font_manager: findfont: score(FontEntry(fname='C:\\Users\\danie\\Documents\\VIBE_CODING\\EX2\\.venv\\Lib\\site-packages\\matplotlib\\mpl-data\\fonts\\ttf\\STIXSizFourSymBol.ttf', name='STIXSizeFourSym', style='normal', variant='normal', weight=700, stretch='normal', size='scalable')) = 10.335
2026-06-02 16:28:18,468 [DEBUG] matplotlib.font_manager: findfont: score(FontEntry(fname='C:\\Users\\danie\\Documents\\VIBE_CODING\\EX2\\.venv\\Lib\\site-packages\\matplotlib\\mpl-data\\fonts\\ttf\\DejaVuSerif-BoldItalic.ttf', name='DejaVu Serif', style='italic', variant='normal', weight=700, stretch='normal', size='scalable')) = 11.335
2026-06-02 16:28:18,468 [DEBUG] matplotlib.font_manager: findfont: score(FontEntry(fname='C:\\Users\\danie\\Documents\\VIBE_CODING\\EX2\\.venv\\Lib\\site-packages\\matplotlib\\mpl-data\\fonts\\ttf\\STIXSizTwoSymBol.ttf', name='STIXSizeTwoSym', style='normal', variant='normal', weight=700, stretch='normal', size='scalable')) = 10.335
2026-06-02 16:28:18,468 [DEBUG] matplotlib.font_manager: findfont: score(FontEntry(fname='C:\\Users\\danie\\Documents\\VIBE_CODING\\EX2\\.venv\\Lib\\site-packages\\matplotlib\\mpl-data\\fonts\\ttf\\STIXSizThreeSymReg.ttf', name='STIXSizeThreeSym', style='normal', variant='normal', weight=400, stretch='normal', size='scalable')) = 10.05
2026-06-02 16:28:18,468 [DEBUG] matplotlib.font_manager: findfont: score(FontEntry(fname='C:\\Users\\danie\\Documents\\VIBE_CODING\\EX2\\.venv\\Lib\\site-packages\\matplotlib\\mpl-data\\fonts\\ttf\\DejaVuSansMono-Bold.ttf', name='DejaVu Sans Mono', style='normal', variant='normal', weight=700, stretch='normal', size='scalable')) = 10.335
2026-06-02 16:28:18,468 [DEBUG] matplotlib.font_manager: findfont: score(FontEntry(fname='C:\\Users\\danie\\Documents\\VIBE_CODING\\EX2\\.venv\\Lib\\site-packages\\matplotlib\\mpl-data\\fonts\\ttf\\STIXGeneral.ttf', name='STIXGeneral', style='normal', variant='normal', weight=400, stretch='normal', size='scalable')) = 10.05
2026-06-02 16:28:18,468 [DEBUG] matplotlib.font_manager: findfont: score(FontEntry(fname='C:\\Users\\danie\\Documents\\VIBE_CODING\\EX2\\.venv\\Lib\\site-packages\\matplotlib\\mpl-data\\fonts\\ttf\\DejaVuSansMono.ttf', name='DejaVu Sans Mono', style='normal', variant='normal', weight=400, stretch='normal', size='scalable')) = 10.05
2026-06-02 16:28:18,468 [DEBUG] matplotlib.font_manager: findfont: score(FontEntry(fname='C:\\Users\\danie\\Documents\\VIBE_CODING\\EX2\\.venv\\Lib\\site-packages\\matplotlib\\mpl-data\\fonts\\ttf\\STIXNonUni.ttf', name='STIXNonUnicode', style='normal', variant='normal', weight=400, stretch='normal', size='scalable')) = 10.05
2026-06-02 16:28:18,468 [DEBUG] matplotlib.font_manager: findfont: score(FontEntry(fname='C:\\Users\\danie\\Documents\\VIBE_CODING\\EX2\\.venv\\Lib\\site-packages\\matplotlib\\mpl-data\\fonts\\ttf\\STIXNonUniBol.ttf', name='STIXNonUnicode', style='normal', variant='normal', weight=700, stretch='normal', size='scalable')) = 10.335
2026-06-02 16:28:18,468 [DEBUG] matplotlib.font_manager: findfont: score(FontEntry(fname='C:\\Users\\danie\\Documents\\VIBE_CODING\\EX2\\.venv\\Lib\\site-packages\\matplotlib\\mpl-data\\fonts\\ttf\\STIXNonUniBolIta.ttf', name='STIXNonUnicode', style='italic', variant='normal', weight=700, stretch='normal', size='scalable')) = 11.335
2026-06-02 16:28:18,468 [DEBUG] matplotlib.font_manager: findfont: score(FontEntry(fname='C:\\Users\\danie\\Documents\\VIBE_CODING\\EX2\\.venv\\Lib\\site-packages\\matplotlib\\mpl-data\\fonts\\ttf\\cmb10.ttf', name='cmb10', style='normal', variant='normal', weight=400, stretch='normal', size='scalable')) = 10.05
2026-06-02 16:28:18,468 [DEBUG] matplotlib.font_manager: findfont: score(FontEntry(fname='C:\\Users\\danie\\Documents\\VIBE_CODING\\EX2\\.venv\\Lib\\site-packages\\matplotlib\\mpl-data\\fonts\\ttf\\STIXSizFiveSymReg.ttf', name='STIXSizeFiveSym', style='normal', variant='normal', weight=400, stretch='normal', size='scalable')) = 10.05
2026-06-02 16:28:18,468 [DEBUG] matplotlib.font_manager: findfont: score(FontEntry(fname='C:\\Users\\danie\\Documents\\VIBE_CODING\\EX2\\.venv\\Lib\\site-packages\\matplotlib\\mpl-data\\fonts\\ttf\\DejaVuSansMono-BoldOblique.ttf', name='DejaVu Sans Mono', style='oblique', variant='normal', weight=700, stretch='normal', size='scalable')) = 11.335
2026-06-02 16:28:18,468 [DEBUG] matplotlib.font_manager: findfont: score(FontEntry(fname='C:\\Users\\danie\\Documents\\VIBE_CODING\\EX2\\.venv\\Lib\\site-packages\\matplotlib\\mpl-data\\fonts\\ttf\\STIXGeneralItalic.ttf', name='STIXGeneral', style='italic', variant='normal', weight=400, stretch='normal', size='scalable')) = 11.05
2026-06-02 16:28:18,468 [DEBUG] matplotlib.font_manager: findfont: score(FontEntry(fname='C:\\Users\\danie\\Documents\\VIBE_CODING\\EX2\\.venv\\Lib\\site-packages\\matplotlib\\mpl-data\\fonts\\ttf\\cmr10.ttf', name='cmr10', style='normal', variant='normal', weight=400, stretch='normal', size='scalable')) = 10.05
2026-06-02 16:28:18,468 [DEBUG] matplotlib.font_manager: findfont: score(FontEntry(fname='C:\\Users\\danie\\Documents\\VIBE_CODING\\EX2\\.venv\\Lib\\site-packages\\matplotlib\\mpl-data\\fonts\\ttf\\STIXGeneralBol.ttf', name='STIXGeneral', style='normal', variant='normal', weight=700, stretch='normal', size='scalable')) = 10.335
2026-06-02 16:28:18,468 [DEBUG] matplotlib.font_manager: findfont: score(FontEntry(fname='C:\\Users\\danie\\Documents\\VIBE_CODING\\EX2\\.venv\\Lib\\site-packages\\matplotlib\\mpl-data\\fonts\\ttf\\cmtt10.ttf', name='cmtt10', style='normal', variant='normal', weight=400, stretch='normal', size='scalable')) = 10.05
2026-06-02 16:28:18,468 [DEBUG] matplotlib.font_manager: findfont: score(FontEntry(fname='C:\\Windows\\Fonts\\BAUHS93.TTF', name='Bauhaus 93', style='normal', variant='normal', weight=400, stretch='normal', size='scalable')) = 10.05
2026-06-02 16:28:18,468 [DEBUG] matplotlib.font_manager: findfont: score(FontEntry(fname='C:\\Windows\\Fonts\\ITCKRIST.TTF', name='Kristen ITC', style='normal', variant='normal', weight=400, stretch='normal', size='scalable')) = 10.05
2026-06-02 16:28:18,468 [DEBUG] matplotlib.font_manager: findfont: score(FontEntry(fname='C:\\Windows\\Fonts\\himalaya.ttf', name='Microsoft Himalaya', style='normal', variant='normal', weight=400, stretch='normal', size='scalable')) = 10.05
2026-06-02 16:28:18,468 [DEBUG] matplotlib.font_manager: findfont: score(FontEntry(fname='C:\\Windows\\Fonts\\ROCKEB.TTF', name='Rockwell Extra Bold', style='normal', variant='normal', weight=800, stretch='normal', size='scalable')) = 10.43
2026-06-02 16:28:18,469 [DEBUG] matplotlib.font_manager: findfont: score(FontEntry(fname='C:\\Windows\\Fonts\\FELIXTI.TTF', name='Felix Titling', style='normal', variant='normal', weight=400, stretch='normal', size='scalable')) = 10.05
2026-06-02 16:28:18,469 [DEBUG] matplotlib.font_manager: findfont: score(FontEntry(fname='C:\\Windows\\Fonts\\ELEPHNT.TTF', name='Elephant', style='normal', variant='normal', weight=400, stretch='normal', size='scalable')) = 10.05
2026-06-02 16:28:18,469 [DEBUG] matplotlib.font_manager: findfont: score(FontEntry(fname='C:\\Windows\\Fonts\\BOD_CB.TTF', name='Bodoni MT', style='normal', variant='normal', weight=700, stretch='condensed', size='scalable')) = 10.535
2026-06-02 16:28:18,469 [DEBUG] matplotlib.font_manager: findfont: score(FontEntry(fname='C:\\Windows\\Fonts\\segoeuisl.ttf', name='Segoe UI', style='normal', variant='normal', weight=350, stretch='normal', size='scalable')) = 10.0975
2026-06-02 16:28:18,469 [DEBUG] matplotlib.font_manager: findfont: score(FontEntry(fname='C:\\Windows\\Fonts\\GILLUBCD.TTF', name='Gill Sans Ultra Bold Condensed', style='normal', variant='normal', weight=400, stretch='condensed', size='scalable')) = 10.25
2026-06-02 16:28:18,469 [DEBUG] matplotlib.font_manager: findfont: score(FontEntry(fname='C:\\Windows\\Fonts\\cambriab.ttf', name='Cambria', style='normal', variant='normal', weight=700, stretch='normal', size='scalable')) = 10.335
2026-06-02 16:28:18,469 [DEBUG] matplotlib.font_manager: findfont: score(FontEntry(fname='C:\\Windows\\Fonts\\DUBAI-BOLD.TTF', name='Dubai', style='normal', variant='normal', weight=700, stretch='normal', size='scalable')) = 10.335
2026-06-02 16:28:18,469 [DEBUG] matplotlib.font_manager: findfont: score(FontEntry(fname='C:\\Windows\\Fonts\\trebuc.ttf', name='Trebuchet MS', style='normal', variant='normal', weight=400, stretch='normal', size='scalable')) = 10.05
2026-06-02 16:28:18,469 [DEBUG] matplotlib.font_manager: findfont: score(FontEntry(fname='C:\\Windows\\Fonts\\javatext.ttf', name='Javanese Text', style='normal', variant='normal', weight=400, stretch='normal', size='scalable')) = 10.05
2026-06-02 16:28:18,469 [DEBUG] matplotlib.font_manager: findfont: score(FontEntry(fname='C:\\Windows\\Fonts\\mingliub.ttc', name='MingLiU-ExtB', style='normal', variant='normal', weight=400, stretch='normal', size='scalable')) = 10.05
2026-06-02 16:28:18,469 [DEBUG] matplotlib.font_manager: findfont: score(FontEntry(fname='C:\\Windows\\Fonts\\AGENCYB.TTF', name='Agency FB', style='normal', variant='normal', weight=700, stretch='normal', size='scalable')) = 10.335
2026-06-02 16:28:18,469 [DEBUG] matplotlib.font_manager: findfont: score(FontEntry(fname='C:\\Windows\\Fonts\\timesi.ttf', name='Times New Roman', style='italic', variant='normal', weight=400, stretch='normal', size='scalable')) = 11.05
2026-06-02 16:28:18,469 [DEBUG] matplotlib.font_manager: findfont: score(FontEntry(fname='C:\\Windows\\Fonts\\BOD_CI.TTF', name='Bodoni MT', style='italic', variant='normal', weight=400, stretch='condensed', size='scalable')) = 11.25
2026-06-02 16:28:18,469 [DEBUG] matplotlib.font_manager: findfont: score(FontEntry(fname='C:\\Windows\\Fonts\\ANTQUAB.TTF', name='Book Antiqua', style='normal', variant='normal', weight=700, stretch='normal', size='scalable')) = 10.335
2026-06-02 16:28:18,469 [DEBUG] matplotlib.font_manager: findfont: score(FontEntry(fname='C:\\Windows\\Fonts\\ahronbd.ttf', name='Aharoni', style='normal', variant='normal', weight=700, stretch='normal', size='scalable')) = 10.335
2026-06-02 16:28:18,469 [DEBUG] matplotlib.font_manager: findfont: score(FontEntry(fname='C:\\Windows\\Fonts\\BRUSHSCI.TTF', name='Brush Script MT', style='italic', variant='normal', weight=400, stretch='normal', size='scalable')) = 11.05
2026-06-02 16:28:18,469 [DEBUG] matplotlib.font_manager: findfont: score(FontEntry(fname='C:\\Windows\\Fonts\\ROCCB___.TTF', name='Rockwell Condensed', style='normal', variant='normal', weight=700, stretch='condensed', size='scalable')) = 10.535
2026-06-02 16:28:18,469 [DEBUG] matplotlib.font_manager: findfont: score(FontEntry(fname='C:\\Windows\\Fonts\\FREESCPT.TTF', name='Freestyle Script', style='normal', variant='normal', weight=400, stretch='normal', size='scalable')) = 10.05
2026-06-02 16:28:18,469 [DEBUG] matplotlib.font_manager: findfont: score(FontEntry(fname='C:\\Windows\\Fonts\\palabi.ttf', name='Palatino Linotype', style='italic', variant='normal', weight=700, stretch='normal', size='scalable')) = 11.335
2026-06-02 16:28:18,469 [DEBUG] matplotlib.font_manager: findfont: score(FontEntry(fname='C:\\Windows\\Fonts\\TCMI____.TTF', name='Tw Cen MT', style='italic', variant='normal', weight=400, stretch='normal', size='scalable')) = 11.05
2026-06-02 16:28:18,469 [DEBUG] matplotlib.font_manager: findfont: score(FontEntry(fname='C:\\Windows\\Fonts\\MTEXTRA.TTF', name='MT Extra', style='normal', variant='normal', weight=400, stretch='normal', size='scalable')) = 10.05
2026-06-02 16:28:18,469 [DEBUG] matplotlib.font_manager: findfont: score(FontEntry(fname='C:\\Windows\\Fonts\\LFAX.TTF', name='Lucida Fax', style='normal', variant='normal', weight=400, stretch='normal', size='scalable')) = 10.05
2026-06-02 16:28:18,470 [DEBUG] matplotlib.font_manager: findfont: score(FontEntry(fname='C:\\Windows\\Fonts\\RAVIE.TTF', name='Ravie', style='normal', variant='normal', weight=400, stretch='normal', size='scalable')) = 10.05
2026-06-02 16:28:18,470 [DEBUG] matplotlib.font_manager: findfont: score(FontEntry(fname='C:\\Windows\\Fonts\\segoescb.ttf', name='Segoe Script', style='normal', variant='normal', weight=700, stretch='normal', size='scalable')) = 10.335
2026-06-02 16:28:18,470 [DEBUG] matplotlib.font_manager: findfont: score(FontEntry(fname='C:\\Windows\\Fonts\\GARA.TTF', name='Garamond', style='normal', variant='normal', weight=400, stretch='normal', size='scalable')) = 10.05
2026-06-02 16:28:18,470 [DEBUG] matplotlib.font_manager: findfont: score(FontEntry(fname='C:\\Windows\\Fonts\\ITCBLKAD.TTF', name='Blackadder ITC', style='normal', variant='normal', weight=400, stretch='normal', size='scalable')) = 10.05
2026-06-02 16:28:18,470 [DEBUG] matplotlib.font_manager: findfont: score(FontEntry(fname='C:\\Windows\\Fonts\\simsun.ttc', name='SimSun', style='normal', variant='normal', weight=400, stretch='normal', size='scalable')) = 10.05
2026-06-02 16:28:18,470 [DEBUG] matplotlib.font_manager: findfont: score(FontEntry(fname='C:\\Windows\\Fonts\\segmdl2.ttf', name='Segoe MDL2 Assets', style='normal', variant='normal', weight=400, stretch='normal', size='scalable')) = 10.05
2026-06-02 16:28:18,470 [DEBUG] matplotlib.font_manager: findfont: score(FontEntry(fname='C:\\Windows\\Fonts\\gishabd.ttf', name='Gisha', style='normal', variant='normal', weight=700, stretch='normal', size='scalable')) = 10.335
2026-06-02 16:28:18,470 [DEBUG] matplotlib.font_manager: findfont: score(FontEntry(fname='C:\\Windows\\Fonts\\CALIFI.TTF', name='Californian FB', style='italic', variant='normal', weight=400, stretch='normal', size='scalable')) = 11.05
2026-06-02 16:28:18,470 [DEBUG] matplotlib.font_manager: findfont: score(FontEntry(fname='C:\\Windows\\Fonts\\verdanaz.ttf', name='Verdana', style='italic', variant='normal', weight=700, stretch='normal', size='scalable')) = 4.971363636363637
2026-06-02 16:28:18,470 [DEBUG] matplotlib.font_manager: findfont: score(FontEntry(fname='C:\\Windows\\Fonts\\MSUIGHUR.TTF', name='Microsoft Uighur', style='normal', variant='normal', weight=400, stretch='normal', size='scalable')) = 10.05
2026-06-02 16:28:18,470 [DEBUG] matplotlib.font_manager: findfont: score(FontEntry(fname='C:\\Windows\\Fonts\\TCCM____.TTF', name='Tw Cen MT Condensed', style='normal', variant='normal', weight=400, stretch='condensed', size='scalable')) = 10.25
2026-06-02 16:28:18,470 [DEBUG] matplotlib.font_manager: findfont: score(FontEntry(fname='C:\\Windows\\Fonts\\segoeuib.ttf', name='Segoe UI', style='normal', variant='normal', weight=700, stretch='normal', size='scalable')) = 10.335
2026-06-02 16:28:18,470 [DEBUG] matplotlib.font_manager: findfont: score(FontEntry(fname='C:\\Windows\\Fonts\\mmrtext.ttf', name='Myanmar Text', style='normal', variant='normal', weight=400, stretch='normal', size='scalable')) = 10.05
2026-06-02 16:28:18,470 [DEBUG] matplotlib.font_manager: findfont: score(FontEntry(fname='C:\\Windows\\Fonts\\symbol.ttf', name='Symbol', style='normal', variant='normal', weight=400, stretch='normal', size='scalable')) = 10.05
2026-06-02 16:28:18,470 [DEBUG] matplotlib.font_manager: findfont: score(FontEntry(fname='C:\\Windows\\Fonts\\ntailub.ttf', name='Microsoft New Tai Lue', style='normal', variant='normal', weight=700, stretch='normal', size='scalable')) = 10.335
2026-06-02 16:28:18,470 [DEBUG] matplotlib.font_manager: findfont: score(FontEntry(fname='C:\\Windows\\Fonts\\LSANS.TTF', name='Lucida Sans', style='normal', variant='normal', weight=400, stretch='normal', size='scalable')) = 10.05
2026-06-02 16:28:18,470 [DEBUG] matplotlib.font_manager: findfont: score(FontEntry(fname='C:\\Windows\\Fonts\\LSANSI.TTF', name='Lucida Sans', style='italic', variant='normal', weight=400, stretch='normal', size='scalable')) = 11.05
2026-06-02 16:28:18,470 [DEBUG] matplotlib.font_manager: findfont: score(FontEntry(fname='C:\\Windows\\Fonts\\MAGNETOB.TTF', name='Magneto', style='normal', variant='normal', weight=700, stretch='normal', size='scalable')) = 10.335
2026-06-02 16:28:18,470 [DEBUG] matplotlib.font_manager: findfont: score(FontEntry(fname='C:\\Windows\\Fonts\\POORICH.TTF', name='Poor Richard', style='normal', variant='normal', weight=400, stretch='normal', size='scalable')) = 10.05
2026-06-02 16:28:18,470 [DEBUG] matplotlib.font_manager: findfont: score(FontEntry(fname='C:\\Windows\\Fonts\\PARCHM.TTF', name='Parchment', style='normal', variant='normal', weight=400, stretch='normal', size='scalable')) = 10.05
2026-06-02 16:28:18,470 [DEBUG] matplotlib.font_manager: findfont: score(FontEntry(fname='C:\\Windows\\Fonts\\nrkis.ttf', name='Narkisim', style='normal', variant='normal', weight=400, stretch='normal', size='scalable')) = 10.05
2026-06-02 16:28:18,470 [DEBUG] matplotlib.font_manager: findfont: score(FontEntry(fname='C:\\Windows\\Fonts\\consolab.ttf', name='Consolas', style='normal', variant='normal', weight=700, stretch='normal', size='scalable')) = 10.335
2026-06-02 16:28:18,470 [DEBUG] matplotlib.font_manager: findfont: score(FontEntry(fname='C:\\Windows\\Fonts\\BOD_I.TTF', name='Bodoni MT', style='italic', variant='normal', weight=400, stretch='normal', size='scalable')) = 11.05
2026-06-02 16:28:18,470 [DEBUG] matplotlib.font_manager: findfont: score(FontEntry(fname='C:\\Windows\\Fonts\\GOUDOSB.TTF', name='Goudy Old Style', style='normal', variant='normal', weight=700, stretch='normal', size='scalable')) = 10.335
2026-06-02 16:28:18,470 [DEBUG] matplotlib.font_manager: findfont: score(FontEntry(fname='C:\\Windows\\Fonts\\ariblk.ttf', name='Arial', style='normal', variant='normal', weight=900, stretch='normal', size='scalable')) = 6.888636363636364
2026-06-02 16:28:18,471 [DEBUG] matplotlib.font_manager: findfont: score(FontEntry(fname='C:\\Windows\\Fonts\\SimsunExtG.ttf', name='SimSun-ExtG', style='normal', variant='normal', weight=400, stretch='normal', size='scalable')) = 10.05
2026-06-02 16:28:18,471 [DEBUG] matplotlib.font_manager: findfont: score(FontEntry(fname='C:\\Windows\\Fonts\\Nirmala.ttc', name='Nirmala UI', style='normal', variant='normal', weight=400, stretch='normal', size='scalable')) = 10.05
2026-06-02 16:28:18,471 [DEBUG] matplotlib.font_manager: findfont: score(FontEntry(fname='C:\\Windows\\Fonts\\PERBI___.TTF', name='Perpetua', style='italic', variant='normal', weight=700, stretch='normal', size='scalable')) = 11.335
2026-06-02 16:28:18,471 [DEBUG] matplotlib.font_manager: findfont: score(FontEntry(fname='C:\\Windows\\Fonts\\COPRGTB.TTF', name='Copperplate Gothic Bold', style='normal', variant='normal', weight=400, stretch='normal', size='scalable')) = 10.05
2026-06-02 16:28:18,471 [DEBUG] matplotlib.font_manager: findfont: score(FontEntry(fname='C:\\Windows\\Fonts\\ITCEDSCR.TTF', name='Edwardian Script ITC', style='normal', variant='normal', weight=400, stretch='normal', size='scalable')) = 10.05
2026-06-02 16:28:18,471 [DEBUG] matplotlib.font_manager: findfont: score(FontEntry(fname='C:\\Windows\\Fonts\\FRADMCN.TTF', name='Franklin Gothic Demi Cond', style='normal', variant='normal', weight=400, stretch='condensed', size='scalable')) = 10.25
2026-06-02 16:28:18,471 [DEBUG] matplotlib.font_manager: findfont: score(FontEntry(fname='C:\\Windows\\Fonts\\BSSYM7.TTF', name='Bookshelf Symbol 7', style='normal', variant='normal', weight=400, stretch='normal', size='scalable')) = 10.05
2026-06-02 16:28:18,471 [DEBUG] matplotlib.font_manager: findfont: score(FontEntry(fname='C:\\Windows\\Fonts\\GILSANUB.TTF', name='Gill Sans Ultra Bold', style='normal', variant='normal', weight=400, stretch='normal', size='scalable')) = 10.05
2026-06-02 16:28:18,471 [DEBUG] matplotlib.font_manager: findfont: score(FontEntry(fname='C:\\Windows\\Fonts\\FRADM.TTF', name='Franklin Gothic Demi', style='normal', variant='normal', weight=400, stretch='normal', size='scalable')) = 10.05
2026-06-02 16:28:18,471 [DEBUG] matplotlib.font_manager: findfont: score(FontEntry(fname='C:\\Windows\\Fonts\\malgunsl.ttf', name='Malgun Gothic', style='normal', variant='normal', weight=300, stretch='normal', size='scalable')) = 10.145
2026-06-02 16:28:18,471 [DEBUG] matplotlib.font_manager: findfont: score(FontEntry(fname='C:\\Windows\\Fonts\\calibriz.ttf', name='Calibri', style='italic', variant='normal', weight=700, stretch='normal', size='scalable')) = 11.335
2026-06-02 16:28:18,471 [DEBUG] matplotlib.font_manager: findfont: score(FontEntry(fname='C:\\Windows\\Fonts\\corbel.ttf', name='Corbel', style='normal', variant='normal', weight=400, stretch='normal', size='scalable')) = 10.05
2026-06-02 16:28:18,471 [DEBUG] matplotlib.font_manager: findfont: score(FontEntry(fname='C:\\Windows\\Fonts\\ENGR.TTF', name='Engravers MT', style='normal', variant='normal', weight=500, stretch='normal', size='scalable')) = 10.145
2026-06-02 16:28:18,471 [DEBUG] matplotlib.font_manager: findfont: score(FontEntry(fname='C:\\Windows\\Fonts\\seguihis.ttf', name='Segoe UI Historic', style='normal', variant='normal', weight=400, stretch='normal', size='scalable')) = 10.05
2026-06-02 16:28:18,471 [DEBUG] matplotlib.font_manager: findfont: score(FontEntry(fname='C:\\Windows\\Fonts\\ERASMD.TTF', name='Eras Medium ITC', style='normal', variant='normal', weight=400, stretch='normal', size='scalable')) = 10.05
2026-06-02 16:28:18,471 [DEBUG] matplotlib.font_manager: findfont: score(FontEntry(fname='C:\\Windows\\Fonts\\comic.ttf', name='Comic Sans MS', style='normal', variant='normal', weight=400, stretch='normal', size='scalable')) = 10.05
2026-06-02 16:28:18,471 [DEBUG] matplotlib.font_manager: findfont: score(FontEntry(fname='C:\\Windows\\Fonts\\FRAHV.TTF', name='Franklin Gothic Heavy', style='normal', variant='normal', weight=400, stretch='normal', size='scalable')) = 10.05
2026-06-02 16:28:18,471 [DEBUG] matplotlib.font_manager: findfont: score(FontEntry(fname='C:\\Windows\\Fonts\\webdings.ttf', name='Webdings', style='normal', variant='normal', weight=400, stretch='normal', size='scalable')) = 10.05
2026-06-02 16:28:18,471 [DEBUG] matplotlib.font_manager: findfont: score(FontEntry(fname='C:\\Windows\\Fonts\\BOOKOS.TTF', name='Bookman Old Style', style='normal', variant='normal', weight=300, stretch='normal', size='scalable')) = 10.145
2026-06-02 16:28:18,471 [DEBUG] matplotlib.font_manager: findfont: score(FontEntry(fname='C:\\Windows\\Fonts\\consola.ttf', name='Consolas', style='normal', variant='normal', weight=400, stretch='normal', size='scalable')) = 10.05
2026-06-02 16:28:18,471 [DEBUG] matplotlib.font_manager: findfont: score(FontEntry(fname='C:\\Windows\\Fonts\\PER_____.TTF', name='Perpetua', style='normal', variant='normal', weight=400, stretch='normal', size='scalable')) = 10.05
2026-06-02 16:28:18,471 [DEBUG] matplotlib.font_manager: findfont: score(FontEntry(fname='C:\\Windows\\Fonts\\PALSCRI.TTF', name='Palace Script MT', style='normal', variant='normal', weight=400, stretch='normal', size='scalable')) = 10.05
2026-06-02 16:28:18,471 [DEBUG] matplotlib.font_manager: findfont: score(FontEntry(fname='C:\\Windows\\Fonts\\NIAGSOL.TTF', name='Niagara Solid', style='normal', variant='normal', weight=400, stretch='normal', size='scalable')) = 10.05
2026-06-02 16:28:18,471 [DEBUG] matplotlib.font_manager: findfont: score(FontEntry(fname='C:\\Windows\\Fonts\\CALIFR.TTF', name='Californian FB', style='normal', variant='normal', weight=400, stretch='normal', size='scalable')) = 10.05
2026-06-02 16:28:18,471 [DEBUG] matplotlib.font_manager: findfont: score(FontEntry(fname='C:\\Windows\\Fonts\\GARAIT.TTF', name='Garamond', style='italic', variant='normal', weight=400, stretch='normal', size='scalable')) = 11.05
2026-06-02 16:28:18,472 [DEBUG] matplotlib.font_manager: findfont: score(FontEntry(fname='C:\\Windows\\Fonts\\OUTLOOK.TTF', name='MS Outlook', style='normal', variant='normal', weight=400, stretch='normal', size='scalable')) = 10.05
2026-06-02 16:28:18,472 [DEBUG] matplotlib.font_manager: findfont: score(FontEntry(fname='C:\\Windows\\Fonts\\BOD_CR.TTF', name='Bodoni MT', style='normal', variant='normal', weight=400, stretch='condensed', size='scalable')) = 10.25
2026-06-02 16:28:18,472 [DEBUG] matplotlib.font_manager: findfont: score(FontEntry(fname='C:\\Windows\\Fonts\\ALGER.TTF', name='Algerian', style='normal', variant='normal', weight=400, stretch='normal', size='scalable')) = 10.05
2026-06-02 16:28:18,472 [DEBUG] matplotlib.font_manager: findfont: score(FontEntry(fname='C:\\Windows\\Fonts\\ROCKI.TTF', name='Rockwell', style='italic', variant='normal', weight=400, stretch='normal', size='scalable')) = 11.05
2026-06-02 16:28:18,472 [DEBUG] matplotlib.font_manager: findfont: score(FontEntry(fname='C:\\Windows\\Fonts\\couri.ttf', name='Courier New', style='italic', variant='normal', weight=400, stretch='normal', size='scalable')) = 11.05
2026-06-02 16:28:18,472 [DEBUG] matplotlib.font_manager: findfont: score(FontEntry(fname='C:\\Windows\\Fonts\\TEMPSITC.TTF', name='Tempus Sans ITC', style='normal', variant='normal', weight=400, stretch='normal', size='scalable')) = 10.05
2026-06-02 16:28:18,472 [DEBUG] matplotlib.font_manager: findfont: score(FontEntry(fname='C:\\Windows\\Fonts\\ROCC____.TTF', name='Rockwell Condensed', style='normal', variant='normal', weight=400, stretch='condensed', size='scalable')) = 10.25
2026-06-02 16:28:18,472 [DEBUG] matplotlib.font_manager: findfont: score(FontEntry(fname='C:\\Windows\\Fonts\\LFAXI.TTF', name='Lucida Fax', style='italic', variant='normal', weight=400, stretch='normal', size='scalable')) = 11.05
2026-06-02 16:28:18,472 [DEBUG] matplotlib.font_manager: findfont: score(FontEntry(fname='C:\\Windows\\Fonts\\CURLZ___.TTF', name='Curlz MT', style='normal', variant='normal', weight=400, stretch='normal', size='scalable')) = 10.05
2026-06-02 16:28:18,472 [DEBUG] matplotlib.font_manager: findfont: score(FontEntry(fname='C:\\Windows\\Fonts\\BERNHC.TTF', name='Bernard MT Condensed', style='normal', variant='normal', weight=400, stretch='condensed', size='scalable')) = 10.25
2026-06-02 16:28:18,472 [DEBUG] matplotlib.font_manager: findfont: score(FontEntry(fname='C:\\Windows\\Fonts\\GOTHICB.TTF', name='Century Gothic', style='normal', variant='normal', weight=700, stretch='normal', size='scalable')) = 10.335
2026-06-02 16:28:18,472 [DEBUG] matplotlib.font_manager: findfont: score(FontEntry(fname='C:\\Windows\\Fonts\\davidbd.ttf', name='David', style='normal', variant='normal', weight=700, stretch='normal', size='scalable')) = 10.335
2026-06-02 16:28:18,472 [DEBUG] matplotlib.font_manager: findfont: score(FontEntry(fname='C:\\Windows\\Fonts\\GIGI.TTF', name='Gigi', style='normal', variant='normal', weight=400, stretch='normal', size='scalable')) = 10.05
2026-06-02 16:28:18,472 [DEBUG] matplotlib.font_manager: findfont: score(FontEntry(fname='C:\\Windows\\Fonts\\PERTIBD.TTF', name='Perpetua Titling MT', style='normal', variant='normal', weight=700, stretch='normal', size='scalable')) = 10.335
2026-06-02 16:28:18,472 [DEBUG] matplotlib.font_manager: findfont: score(FontEntry(fname='C:\\Windows\\Fonts\\ERASLGHT.TTF', name='Eras Light ITC', style='normal', variant='normal', weight=400, stretch='normal', size='scalable')) = 10.05
2026-06-02 16:28:18,472 [DEBUG] matplotlib.font_manager: findfont: score(FontEntry(fname='C:\\Windows\\Fonts\\GILI____.TTF', name='Gill Sans MT', style='italic', variant='normal', weight=400, stretch='normal', size='scalable')) = 11.05
2026-06-02 16:28:18,472 [DEBUG] matplotlib.font_manager: findfont: score(FontEntry(fname='C:\\Windows\\Fonts\\arialbd.ttf', name='Arial', style='normal', variant='normal', weight=700, stretch='normal', size='scalable')) = 6.698636363636363
2026-06-02 16:28:18,472 [DEBUG] matplotlib.font_manager: findfont: score(FontEntry(fname='C:\\Windows\\Fonts\\CASTELAR.TTF', name='Castellar', style='normal', variant='normal', weight=400, stretch='normal', size='scalable')) = 10.05
2026-06-02 16:28:18,472 [DEBUG] matplotlib.font_manager: findfont: score(FontEntry(fname='C:\\Windows\\Fonts\\BKANT.TTF', name='Book Antiqua', style='normal', variant='normal', weight=400, stretch='normal', size='scalable')) = 10.05
2026-06-02 16:28:18,472 [DEBUG] matplotlib.font_manager: findfont: score(FontEntry(fname='C:\\Windows\\Fonts\\FORTE.TTF', name='Forte', style='normal', variant='normal', weight=400, stretch='normal', size='scalable')) = 10.05
2026-06-02 16:28:18,473 [DEBUG] matplotlib.font_manager: findfont: score(FontEntry(fname='C:\\Windows\\Fonts\\GLECB.TTF', name='Gloucester MT Extra Condensed', style='normal', variant='normal', weight=400, stretch='condensed', size='scalable')) = 10.25
2026-06-02 16:28:18,473 [DEBUG] matplotlib.font_manager: findfont: score(FontEntry(fname='C:\\Windows\\Fonts\\HATTEN.TTF', name='Haettenschweiler', style='normal', variant='normal', weight=400, stretch='normal', size='scalable')) = 10.05
2026-06-02 16:28:18,473 [DEBUG] matplotlib.font_manager: findfont: score(FontEntry(fname='C:\\Windows\\Fonts\\BRLNSDB.TTF', name='Berlin Sans FB Demi', style='normal', variant='normal', weight=700, stretch='normal', size='scalable')) = 10.335
2026-06-02 16:28:18,473 [DEBUG] matplotlib.font_manager: findfont: score(FontEntry(fname='C:\\Windows\\Fonts\\SansSerifCollection.ttf', name='Sans Serif Collection', style='normal', variant='normal', weight=400, stretch='normal', size='scalable')) = 10.05
2026-06-02 16:28:18,473 [DEBUG] matplotlib.font_manager: findfont: score(FontEntry(fname='C:\\Windows\\Fonts\\TCM_____.TTF', name='Tw Cen MT', style='normal', variant='normal', weight=400, stretch='normal', size='scalable')) = 10.05
2026-06-02 16:28:18,473 [DEBUG] matplotlib.font_manager: findfont: score(FontEntry(fname='C:\\Windows\\Fonts\\GOUDYSTO.TTF', name='Goudy Stout', style='normal', variant='normal', weight=400, stretch='normal', size='scalable')) = 10.05
2026-06-02 16:28:18,473 [DEBUG] matplotlib.font_manager: findfont: score(FontEntry(fname='C:\\Windows\\Fonts\\timesbi.ttf', name='Times New Roman', style='italic', variant='normal', weight=700, stretch='normal', size='scalable')) = 11.335
2026-06-02 16:28:18,473 [DEBUG] matplotlib.font_manager: findfont: score(FontEntry(fname='C:\\Windows\\Fonts\\PERI____.TTF', name='Perpetua', style='italic', variant='normal', weight=400, stretch='normal', size='scalable')) = 11.05
2026-06-02 16:28:18,473 [DEBUG] matplotlib.font_manager: findfont: score(FontEntry(fname='C:\\Windows\\Fonts\\KUNSTLER.TTF', name='Kunstler Script', style='normal', variant='normal', weight=400, stretch='normal', size='scalable')) = 10.05
2026-06-02 16:28:18,473 [DEBUG] matplotlib.font_manager: findfont: score(FontEntry(fname='C:\\Windows\\Fonts\\frank.ttf', name='FrankRuehl', style='normal', variant='normal', weight=400, stretch='normal', size='scalable')) = 10.05
2026-06-02 16:28:18,473 [DEBUG] matplotlib.font_manager: findfont: score(FontEntry(fname='C:\\Windows\\Fonts\\GOUDOS.TTF', name='Goudy Old Style', style='normal', variant='normal', weight=400, stretch='normal', size='scalable')) = 10.05
2026-06-02 16:28:18,473 [DEBUG] matplotlib.font_manager: findfont: score(FontEntry(fname='C:\\Windows\\Fonts\\BOD_B.TTF', name='Bodoni MT', style='normal', variant='normal', weight=700, stretch='normal', size='scalable')) = 10.335
2026-06-02 16:28:18,473 [DEBUG] matplotlib.font_manager: findfont: score(FontEntry(fname='C:\\Windows\\Fonts\\trebucbd.ttf', name='Trebuchet MS', style='normal', variant='normal', weight=700, stretch='normal', size='scalable')) = 10.335
2026-06-02 16:28:18,473 [DEBUG] matplotlib.font_manager: findfont: score(FontEntry(fname='C:\\Windows\\Fonts\\seguisb.ttf', name='Segoe UI', style='normal', variant='normal', weight=600, stretch='normal', size='scalable')) = 10.24
2026-06-02 16:28:18,473 [DEBUG] matplotlib.font_manager: findfont: score(FontEntry(fname='C:\\Windows\\Fonts\\segoesc.ttf', name='Segoe Script', style='normal', variant='normal', weight=400, stretch='normal', size='scalable')) = 10.05
2026-06-02 16:28:18,473 [DEBUG] matplotlib.font_manager: findfont: score(FontEntry(fname='C:\\Windows\\Fonts\\Candara.ttf', name='Candara', style='normal', variant='normal', weight=400, stretch='normal', size='scalable')) = 10.05
2026-06-02 16:28:18,473 [DEBUG] matplotlib.font_manager: findfont: score(FontEntry(fname='C:\\Windows\\Fonts\\OCRAEXT.TTF', name='OCR A Extended', style='normal', variant='normal', weight=400, stretch='expanded', size='scalable')) = 10.25
2026-06-02 16:28:18,473 [DEBUG] matplotlib.font_manager: findfont: score(FontEntry(fname='C:\\Windows\\Fonts\\taile.ttf', name='Microsoft Tai Le', style='normal', variant='normal', weight=400, stretch='normal', size='scalable')) = 10.05
2026-06-02 16:28:18,473 [DEBUG] matplotlib.font_manager: findfont: score(FontEntry(fname='C:\\Windows\\Fonts\\MISTRAL.TTF', name='Mistral', style='normal', variant='normal', weight=400, stretch='normal', size='scalable')) = 10.05
2026-06-02 16:28:18,473 [DEBUG] matplotlib.font_manager: findfont: score(FontEntry(fname='C:\\Windows\\Fonts\\GOTHIC.TTF', name='Century Gothic', style='normal', variant='normal', weight=400, stretch='normal', size='scalable')) = 10.05
2026-06-02 16:28:18,473 [DEBUG] matplotlib.font_manager: findfont: score(FontEntry(fname='C:\\Windows\\Fonts\\arialbi.ttf', name='Arial', style='italic', variant='normal', weight=700, stretch='normal', size='scalable')) = 7.698636363636363
2026-06-02 16:28:18,474 [DEBUG] matplotlib.font_manager: findfont: score(FontEntry(fname='C:\\Windows\\Fonts\\Gabriola.ttf', name='Gabriola', style='normal', variant='normal', weight=400, stretch='normal', size='scalable')) = 10.05
2026-06-02 16:28:18,474 [DEBUG] matplotlib.font_manager: findfont: score(FontEntry(fname='C:\\Windows\\Fonts\\georgia.ttf', name='Georgia', style='normal', variant='normal', weight=400, stretch='normal', size='scalable')) = 10.05
2026-06-02 16:28:18,474 [DEBUG] matplotlib.font_manager: findfont: score(FontEntry(fname='C:\\Windows\\Fonts\\BOD_CBI.TTF', name='Bodoni MT', style='italic', variant='normal', weight=700, stretch='condensed', size='scalable')) = 11.535
2026-06-02 16:28:18,474 [DEBUG] matplotlib.font_manager: findfont: score(FontEntry(fname='C:\\Windows\\Fonts\\SCHLBKB.TTF', name='Century Schoolbook', style='normal', variant='normal', weight=700, stretch='normal', size='scalable')) = 10.335
2026-06-02 16:28:18,474 [DEBUG] matplotlib.font_manager: findfont: score(FontEntry(fname='C:\\Windows\\Fonts\\taileb.ttf', name='Microsoft Tai Le', style='normal', variant='normal', weight=700, stretch='normal', size='scalable')) = 10.335
2026-06-02 16:28:18,474 [DEBUG] matplotlib.font_manager: findfont: score(FontEntry(fname='C:\\Windows\\Fonts\\tahoma.ttf', name='Tahoma', style='normal', variant='normal', weight=400, stretch='normal', size='scalable')) = 10.05
2026-06-02 16:28:18,474 [DEBUG] matplotlib.font_manager: findfont: score(FontEntry(fname='C:\\Windows\\Fonts\\MOD20.TTF', name='Modern No. 20', style='normal', variant='normal', weight=400, stretch='normal', size='scalable')) = 10.05
2026-06-02 16:28:18,474 [DEBUG] matplotlib.font_manager: findfont: score(FontEntry(fname='C:\\Windows\\Fonts\\verdana.ttf', name='Verdana', style='normal', variant='normal', weight=400, stretch='normal', size='scalable')) = 3.6863636363636365
2026-06-02 16:28:18,474 [DEBUG] matplotlib.font_manager: findfont: score(FontEntry(fname='C:\\Windows\\Fonts\\corbelz.ttf', name='Corbel', style='italic', variant='normal', weight=700, stretch='normal', size='scalable')) = 11.335
2026-06-02 16:28:18,474 [DEBUG] matplotlib.font_manager: findfont: score(FontEntry(fname='C:\\Windows\\Fonts\\comicz.ttf', name='Comic Sans MS', style='italic', variant='normal', weight=700, stretch='normal', size='scalable')) = 11.335
2026-06-02 16:28:18,474 [DEBUG] matplotlib.font_manager: findfont: score(FontEntry(fname='C:\\Windows\\Fonts\\CALIST.TTF', name='Calisto MT', style='normal', variant='normal', weight=400, stretch='normal', size='scalable')) = 10.05
2026-06-02 16:28:18,474 [DEBUG] matplotlib.font_manager: findfont: score(FontEntry(fname='C:\\Windows\\Fonts\\seguisbi.ttf', name='Segoe UI', style='italic', variant='normal', weight=600, stretch='normal', size='scalable')) = 11.24
2026-06-02 16:28:18,474 [DEBUG] matplotlib.font_manager: findfont: score(FontEntry(fname='C:\\Windows\\Fonts\\PERB____.TTF', name='Perpetua', style='normal', variant='normal', weight=700, stretch='normal', size='scalable')) = 10.335
2026-06-02 16:28:18,474 [DEBUG] matplotlib.font_manager: findfont: score(FontEntry(fname='C:\\Windows\\Fonts\\ARIALNB.TTF', name='Arial', style='normal', variant='normal', weight=700, stretch='condensed', size='scalable')) = 6.8986363636363635
2026-06-02 16:28:18,474 [DEBUG] matplotlib.font_manager: findfont: score(FontEntry(fname='C:\\Windows\\Fonts\\constanb.ttf', name='Constantia', style='normal', variant='normal', weight=700, stretch='normal', size='scalable')) = 10.335
2026-06-02 16:28:18,474 [DEBUG] matplotlib.font_manager: findfont: score(FontEntry(fname='C:\\Windows\\Fonts\\YuGothB.ttc', name='Yu Gothic', style='normal', variant='normal', weight=700, stretch='normal', size='scalable')) = 10.335
2026-06-02 16:28:18,474 [DEBUG] matplotlib.font_manager: findfont: score(FontEntry(fname='C:\\Windows\\Fonts\\OLDENGL.TTF', name='Old English Text MT', style='normal', variant='normal', weight=400, stretch='normal', size='scalable')) = 10.05
2026-06-02 16:28:18,474 [DEBUG] matplotlib.font_manager: findfont: score(FontEntry(fname='C:\\Windows\\Fonts\\LFAXDI.TTF', name='Lucida Fax', style='italic', variant='normal', weight=600, stretch='normal', size='scalable')) = 11.24
2026-06-02 16:28:18,474 [DEBUG] matplotlib.font_manager: findfont: score(FontEntry(fname='C:\\Windows\\Fonts\\REFSPCL.TTF', name='MS Reference Specialty', style='normal', variant='normal', weight=400, stretch='normal', size='scalable')) = 10.05
2026-06-02 16:28:18,474 [DEBUG] matplotlib.font_manager: findfont: score(FontEntry(fname='C:\\Windows\\Fonts\\MAIAN.TTF', name='Maiandra GD', style='normal', variant='normal', weight=400, stretch='normal', size='scalable')) = 10.05
2026-06-02 16:28:18,474 [DEBUG] matplotlib.font_manager: findfont: score(FontEntry(fname='C:\\Windows\\Fonts\\palai.ttf', name='Palatino Linotype', style='italic', variant='normal', weight=400, stretch='normal', size='scalable')) = 11.05
2026-06-02 16:28:18,474 [DEBUG] matplotlib.font_manager: findfont: score(FontEntry(fname='C:\\Windows\\Fonts\\SitkaVF.ttf', name='Sitka', style='normal', variant='normal', weight=400, stretch='normal', size='scalable')) = 10.05
2026-06-02 16:28:18,474 [DEBUG] matplotlib.font_manager: findfont: score(FontEntry(fname='C:\\Windows\\Fonts\\BRITANIC.TTF', name='Britannic Bold', style='normal', variant='normal', weight=400, stretch='normal', size='scalable')) = 10.05
2026-06-02 16:28:18,474 [DEBUG] matplotlib.font_manager: findfont: score(FontEntry(fname='C:\\Windows\\Fonts\\seguibli.ttf', name='Segoe UI', style='italic', variant='normal', weight=900, stretch='normal', size='scalable')) = 11.525
2026-06-02 16:28:18,475 [DEBUG] matplotlib.font_manager: findfont: score(FontEntry(fname='C:\\Windows\\Fonts\\georgiab.ttf', name='Georgia', style='normal', variant='normal', weight=700, stretch='normal', size='scalable')) = 10.335
2026-06-02 16:28:18,475 [DEBUG] matplotlib.font_manager: findfont: score(FontEntry(fname='C:\\Windows\\Fonts\\TCB_____.TTF', name='Tw Cen MT', style='normal', variant='normal', weight=700, stretch='normal', size='scalable')) = 10.335
2026-06-02 16:28:18,475 [DEBUG] matplotlib.font_manager: findfont: score(FontEntry(fname='C:\\Windows\\Fonts\\msyhl.ttc', name='Microsoft YaHei', style='normal', variant='normal', weight=290, stretch='normal', size='scalable')) = 10.1545
2026-06-02 16:28:18,475 [DEBUG] matplotlib.font_manager: findfont: score(FontEntry(fname='C:\\Windows\\Fonts\\msyi.ttf', name='Microsoft Yi Baiti', style='normal', variant='normal', weight=400, stretch='normal', size='scalable')) = 10.05
2026-06-02 16:28:18,475 [DEBUG] matplotlib.font_manager: findfont: score(FontEntry(fname='C:\\Windows\\Fonts\\courbi.ttf', name='Courier New', style='italic', variant='normal', weight=700, stretch='normal', size='scalable')) = 11.335
2026-06-02 16:28:18,475 [DEBUG] matplotlib.font_manager: findfont: score(FontEntry(fname='C:\\Windows\\Fonts\\SCHLBKBI.TTF', name='Century Schoolbook', style='italic', variant='normal', weight=700, stretch='normal', size='scalable')) = 11.335
2026-06-02 16:28:18,475 [DEBUG] matplotlib.font_manager: findfont: score(FontEntry(fname='C:\\Windows\\Fonts\\seguiemj.ttf', name='Segoe UI Emoji', style='normal', variant='normal', weight=400, stretch='normal', size='scalable')) = 10.05
2026-06-02 16:28:18,475 [DEBUG] matplotlib.font_manager: findfont: score(FontEntry(fname='C:\\Windows\\Fonts\\ARIALNI.TTF', name='Arial', style='italic', variant='normal', weight=400, stretch='condensed', size='scalable')) = 7.613636363636363
2026-06-02 16:28:18,475 [DEBUG] matplotlib.font_manager: findfont: score(FontEntry(fname='C:\\Windows\\Fonts\\comici.ttf', name='Comic Sans MS', style='italic', variant='normal', weight=400, stretch='normal', size='scalable')) = 11.05
2026-06-02 16:28:18,475 [DEBUG] matplotlib.font_manager: findfont: score(FontEntry(fname='C:\\Windows\\Fonts\\david.ttf', name='David', style='normal', variant='normal', weight=400, stretch='normal', size='scalable')) = 10.05
2026-06-02 16:28:18,475 [DEBUG] matplotlib.font_manager: findfont: score(FontEntry(fname='C:\\Windows\\Fonts\\consolai.ttf', name='Consolas', style='italic', variant='normal', weight=400, stretch='normal', size='scalable')) = 11.05
2026-06-02 16:28:18,475 [DEBUG] matplotlib.font_manager: findfont: score(FontEntry(fname='C:\\Windows\\Fonts\\CALISTBI.TTF', name='Calisto MT', style='italic', variant='normal', weight=700, stretch='normal', size='scalable')) = 11.335
2026-06-02 16:28:18,475 [DEBUG] matplotlib.font_manager: findfont: score(FontEntry(fname='C:\\Windows\\Fonts\\cour.ttf', name='Courier New', style='normal', variant='normal', weight=400, stretch='normal', size='scalable')) = 10.05
2026-06-02 16:28:18,475 [DEBUG] matplotlib.font_manager: findfont: score(FontEntry(fname='C:\\Windows\\Fonts\\arial.ttf', name='Arial', style='normal', variant='normal', weight=400, stretch='normal', size='scalable')) = 6.413636363636363
2026-06-02 16:28:18,475 [DEBUG] matplotlib.font_manager: findfont: score(FontEntry(fname='C:\\Windows\\Fonts\\corbelb.ttf', name='Corbel', style='normal', variant='normal', weight=700, stretch='normal', size='scalable')) = 10.335
2026-06-02 16:28:18,475 [DEBUG] matplotlib.font_manager: findfont: score(FontEntry(fname='C:\\Windows\\Fonts\\sylfaen.ttf', name='Sylfaen', style='normal', variant='normal', weight=400, stretch='normal', size='scalable')) = 10.05
2026-06-02 16:28:18,475 [DEBUG] matplotlib.font_manager: findfont: score(FontEntry(fname='C:\\Windows\\Fonts\\ebrima.ttf', name='Ebrima', style='normal', variant='normal', weight=400, stretch='normal', size='scalable')) = 10.05
2026-06-02 16:28:18,475 [DEBUG] matplotlib.font_manager: findfont: score(FontEntry(fname='C:\\Windows\\Fonts\\BOD_BLAR.TTF', name='Bodoni MT', style='normal', variant='normal', weight=900, stretch='normal', size='scalable')) = 10.525
2026-06-02 16:28:18,475 [DEBUG] matplotlib.font_manager: findfont: score(FontEntry(fname='C:\\Windows\\Fonts\\impact.ttf', name='Impact', style='normal', variant='normal', weight=400, stretch='normal', size='scalable')) = 10.05
2026-06-02 16:28:18,475 [DEBUG] matplotlib.font_manager: findfont: score(FontEntry(fname='C:\\Windows\\Fonts\\seguibl.ttf', name='Segoe UI', style='normal', variant='normal', weight=900, stretch='normal', size='scalable')) = 10.525
2026-06-02 16:28:18,475 [DEBUG] matplotlib.font_manager: findfont: score(FontEntry(fname='C:\\Windows\\Fonts\\GARABD.TTF', name='Garamond', style='normal', variant='normal', weight=700, stretch='normal', size='scalable')) = 10.335
2026-06-02 16:28:18,475 [DEBUG] matplotlib.font_manager: findfont: score(FontEntry(fname='C:\\Windows\\Fonts\\LTYPEBO.TTF', name='Lucida Sans Typewriter', style='oblique', variant='normal', weight=600, stretch='normal', size='scalable')) = 11.24
2026-06-02 16:28:18,475 [DEBUG] matplotlib.font_manager: findfont: score(FontEntry(fname='C:\\Windows\\Fonts\\calibrili.ttf', name='Calibri', style='italic', variant='normal', weight=300, stretch='normal', size='scalable')) = 11.145
2026-06-02 16:28:18,475 [DEBUG] matplotlib.font_manager: findfont: score(FontEntry(fname='C:\\Windows\\Fonts\\HTOWERT.TTF', name='High Tower Text', style='normal', variant='normal', weight=400, stretch='normal', size='scalable')) = 10.05
2026-06-02 16:28:18,475 [DEBUG] matplotlib.font_manager: findfont: score(FontEntry(fname='C:\\Windows\\Fonts\\corbeli.ttf', name='Corbel', style='italic', variant='normal', weight=400, stretch='normal', size='scalable')) = 11.05
2026-06-02 16:28:18,476 [DEBUG] matplotlib.font_manager: findfont: score(FontEntry(fname='C:\\Windows\\Fonts\\Inkfree.ttf', name='Ink Free', style='normal', variant='normal', weight=400, stretch='normal', size='scalable')) = 10.05
2026-06-02 16:28:18,476 [DEBUG] matplotlib.font_manager: findfont: score(FontEntry(fname='C:\\Windows\\Fonts\\BOOKOSB.TTF', name='Bookman Old Style', style='normal', variant='normal', weight=600, stretch='normal', size='scalable')) = 10.24
2026-06-02 16:28:18,476 [DEBUG] matplotlib.font_manager: findfont: score(FontEntry(fname='C:\\Windows\\Fonts\\CENSCBK.TTF', name='Century Schoolbook', style='normal', variant='normal', weight=400, stretch='normal', size='scalable')) = 10.05
2026-06-02 16:28:18,476 [DEBUG] matplotlib.font_manager: findfont: score(FontEntry(fname='C:\\Windows\\Fonts\\l_10646.ttf', name='Lucida Sans Unicode', style='normal', variant='normal', weight=400, stretch='normal', size='scalable')) = 10.05
2026-06-02 16:28:18,476 [DEBUG] matplotlib.font_manager: findfont: score(FontEntry(fname='C:\\Windows\\Fonts\\FRAMDCN.TTF', name='Franklin Gothic Medium Cond', style='normal', variant='normal', weight=400, stretch='condensed', size='scalable')) = 10.25
2026-06-02 16:28:18,476 [DEBUG] matplotlib.font_manager: findfont: score(FontEntry(fname='C:\\Windows\\Fonts\\seguisym.ttf', name='Segoe UI Symbol', style='normal', variant='normal', weight=400, stretch='normal', size='scalable')) = 10.05
2026-06-02 16:28:18,476 [DEBUG] matplotlib.font_manager: findfont: score(FontEntry(fname='C:\\Windows\\Fonts\\RAGE.TTF', name='Rage Italic', style='italic', variant='normal', weight=400, stretch='normal', size='scalable')) = 11.05
2026-06-02 16:28:18,476 [DEBUG] matplotlib.font_manager: findfont: score(FontEntry(fname='C:\\Windows\\Fonts\\LTYPEB.TTF', name='Lucida Sans Typewriter', style='normal', variant='normal', weight=600, stretch='normal', size='scalable')) = 10.24
2026-06-02 16:28:18,476 [DEBUG] matplotlib.font_manager: findfont: score(FontEntry(fname='C:\\Windows\\Fonts\\LSANSD.TTF', name='Lucida Sans', style='normal', variant='normal', weight=600, stretch='normal', size='scalable')) = 10.24
2026-06-02 16:28:18,476 [DEBUG] matplotlib.font_manager: findfont: score(FontEntry(fname='C:\\Windows\\Fonts\\calibril.ttf', name='Calibri', style='normal', variant='normal', weight=300, stretch='normal', size='scalable')) = 10.145
2026-06-02 16:28:18,476 [DEBUG] matplotlib.font_manager: findfont: score(FontEntry(fname='C:\\Windows\\Fonts\\segoeui.ttf', name='Segoe UI', style='normal', variant='normal', weight=400, stretch='normal', size='scalable')) = 10.05
2026-06-02 16:28:18,476 [DEBUG] matplotlib.font_manager: findfont: score(FontEntry(fname='C:\\Windows\\Fonts\\MTCORSVA.TTF', name='Monotype Corsiva', style='normal', variant='normal', weight=400, stretch='normal', size='scalable')) = 10.05
2026-06-02 16:28:18,476 [DEBUG] matplotlib.font_manager: findfont: score(FontEntry(fname='C:\\Windows\\Fonts\\ebrimabd.ttf', name='Ebrima', style='normal', variant='normal', weight=700, stretch='normal', size='scalable')) = 10.335
2026-06-02 16:28:18,476 [DEBUG] matplotlib.font_manager: findfont: score(FontEntry(fname='C:\\Windows\\Fonts\\BELL.TTF', name='Bell MT', style='normal', variant='normal', weight=400, stretch='normal', size='scalable')) = 10.05
2026-06-02 16:28:18,476 [DEBUG] matplotlib.font_manager: findfont: score(FontEntry(fname='C:\\Windows\\Fonts\\mvboli.ttf', name='MV Boli', style='normal', variant='normal', weight=400, stretch='normal', size='scalable')) = 10.05
2026-06-02 16:28:18,476 [DEBUG] matplotlib.font_manager: findfont: score(FontEntry(fname='C:\\Windows\\Fonts\\SNAP____.TTF', name='Snap ITC', style='normal', variant='normal', weight=400, stretch='normal', size='scalable')) = 10.05
2026-06-02 16:28:18,476 [DEBUG] matplotlib.font_manager: findfont: score(FontEntry(fname='C:\\Windows\\Fonts\\SegUIVar.ttf', name='Segoe UI Variable', style='normal', variant='normal', weight=400, stretch='normal', size='scalable')) = 10.05
2026-06-02 16:28:18,476 [DEBUG] matplotlib.font_manager: findfont: score(FontEntry(fname='C:\\Windows\\Fonts\\verdanai.ttf', name='Verdana', style='italic', variant='normal', weight=400, stretch='normal', size='scalable')) = 4.6863636363636365
2026-06-02 16:28:18,476 [DEBUG] matplotlib.font_manager: findfont: score(FontEntry(fname='C:\\Windows\\Fonts\\LCALLIG.TTF', name='Lucida Calligraphy', style='italic', variant='normal', weight=400, stretch='normal', size='scalable')) = 11.05
2026-06-02 16:28:18,476 [DEBUG] matplotlib.font_manager: findfont: score(FontEntry(fname='C:\\Windows\\Fonts\\lucon.ttf', name='Lucida Console', style='normal', variant='normal', weight=400, stretch='normal', size='scalable')) = 10.05
2026-06-02 16:28:18,476 [DEBUG] matplotlib.font_manager: findfont: score(FontEntry(fname='C:\\Windows\\Fonts\\CENTAUR.TTF', name='Centaur', style='normal', variant='normal', weight=400, stretch='normal', size='scalable')) = 10.05
2026-06-02 16:28:18,476 [DEBUG] matplotlib.font_manager: findfont: score(FontEntry(fname='C:\\Windows\\Fonts\\BOD_PSTC.TTF', name='Bodoni MT', style='normal', variant='normal', weight=300, stretch='normal', size='scalable')) = 10.145
2026-06-02 16:28:18,476 [DEBUG] matplotlib.font_manager: findfont: score(FontEntry(fname='C:\\Windows\\Fonts\\IMPRISHA.TTF', name='Imprint MT Shadow', style='normal', variant='normal', weight=400, stretch='normal', size='scalable')) = 10.05
2026-06-02 16:28:18,476 [DEBUG] matplotlib.font_manager: findfont: score(FontEntry(fname='C:\\Windows\\Fonts\\georgiaz.ttf', name='Georgia', style='italic', variant='normal', weight=700, stretch='normal', size='scalable')) = 11.335
2026-06-02 16:28:18,476 [DEBUG] matplotlib.font_manager: findfont: score(FontEntry(fname='C:\\Windows\\Fonts\\CALISTB.TTF', name='Calisto MT', style='normal', variant='normal', weight=700, stretch='normal', size='scalable')) = 10.335
2026-06-02 16:28:18,477 [DEBUG] matplotlib.font_manager: findfont: score(FontEntry(fname='C:\\Windows\\Fonts\\Candaral.ttf', name='Candara', style='normal', variant='normal', weight=400, stretch='normal', size='scalable')) = 10.05
2026-06-02 16:28:18,477 [DEBUG] matplotlib.font_manager: findfont: score(FontEntry(fname='C:\\Windows\\Fonts\\VIVALDII.TTF', name='Vivaldi', style='italic', variant='normal', weight=400, stretch='normal', size='scalable')) = 11.05
2026-06-02 16:28:18,477 [DEBUG] matplotlib.font_manager: findfont: score(FontEntry(fname='C:\\Windows\\Fonts\\verdanab.ttf', name='Verdana', style='normal', variant='normal', weight=700, stretch='normal', size='scalable')) = 3.9713636363636367
2026-06-02 16:28:18,477 [DEBUG] matplotlib.font_manager: findfont: score(FontEntry(fname='C:\\Windows\\Fonts\\JUICE___.TTF', name='Juice ITC', style='normal', variant='normal', weight=400, stretch='normal', size='scalable')) = 10.05
2026-06-02 16:28:18,477 [DEBUG] matplotlib.font_manager: findfont: score(FontEntry(fname='C:\\Windows\\Fonts\\ROCK.TTF', name='Rockwell', style='normal', variant='normal', weight=400, stretch='normal', size='scalable')) = 10.05
2026-06-02 16:28:18,477 [DEBUG] matplotlib.font_manager: findfont: score(FontEntry(fname='C:\\Windows\\Fonts\\bahnschrift.ttf', name='Bahnschrift', style='normal', variant='normal', weight=400, stretch='normal', size='scalable')) = 10.05
2026-06-02 16:28:18,477 [DEBUG] matplotlib.font_manager: findfont: score(FontEntry(fname='C:\\Windows\\Fonts\\ROCKBI.TTF', name='Rockwell', style='italic', variant='normal', weight=700, stretch='normal', size='scalable')) = 11.335
2026-06-02 16:28:18,477 [DEBUG] matplotlib.font_manager: findfont: score(FontEntry(fname='C:\\Windows\\Fonts\\cambriai.ttf', name='Cambria', style='italic', variant='normal', weight=400, stretch='normal', size='scalable')) = 11.05
2026-06-02 16:28:18,477 [DEBUG] matplotlib.font_manager: findfont: score(FontEntry(fname='C:\\Windows\\Fonts\\msjhl.ttc', name='Microsoft JhengHei', style='normal', variant='normal', weight=290, stretch='normal', size='scalable')) = 10.1545
2026-06-02 16:28:18,477 [DEBUG] matplotlib.font_manager: findfont: score(FontEntry(fname='C:\\Windows\\Fonts\\DUBAI-REGULAR.TTF', name='Dubai', style='normal', variant='normal', weight=400, stretch='normal', size='scalable')) = 10.05
2026-06-02 16:28:18,477 [DEBUG] matplotlib.font_manager: findfont: score(FontEntry(fname='C:\\Windows\\Fonts\\CALIFB.TTF', name='Californian FB', style='normal', variant='normal', weight=700, stretch='normal', size='scalable')) = 10.335
2026-06-02 16:28:18,477 [DEBUG] matplotlib.font_manager: findfont: score(FontEntry(fname='C:\\Windows\\Fonts\\PAPYRUS.TTF', name='Papyrus', style='normal', variant='normal', weight=400, stretch='normal', size='scalable')) = 10.05
2026-06-02 16:28:18,477 [DEBUG] matplotlib.font_manager: findfont: score(FontEntry(fname='C:\\Windows\\Fonts\\ANTQUABI.TTF', name='Book Antiqua', style='italic', variant='normal', weight=700, stretch='normal', size='scalable')) = 11.335
2026-06-02 16:28:18,477 [DEBUG] matplotlib.font_manager: findfont: score(FontEntry(fname='C:\\Windows\\Fonts\\SHOWG.TTF', name='Showcard Gothic', style='normal', variant='normal', weight=400, stretch='normal', size='scalable')) = 10.05
2026-06-02 16:28:18,477 [DEBUG] matplotlib.font_manager: findfont: score(FontEntry(fname='C:\\Windows\\Fonts\\LBRITED.TTF', name='Lucida Bright', style='normal', variant='normal', weight=600, stretch='normal', size='scalable')) = 10.24
2026-06-02 16:28:18,477 [DEBUG] matplotlib.font_manager: findfont: score(FontEntry(fname='C:\\Windows\\Fonts\\calibrii.ttf', name='Calibri', style='italic', variant='normal', weight=400, stretch='normal', size='scalable')) = 11.05
2026-06-02 16:28:18,477 [DEBUG] matplotlib.font_manager: findfont: score(FontEntry(fname='C:\\Windows\\Fonts\\LSANSDI.TTF', name='Lucida Sans', style='italic', variant='normal', weight=600, stretch='normal', size='scalable')) = 11.24
2026-06-02 16:28:18,477 [DEBUG] matplotlib.font_manager: findfont: score(FontEntry(fname='C:\\Windows\\Fonts\\GILB____.TTF', name='Gill Sans MT', style='normal', variant='normal', weight=700, stretch='normal', size='scalable')) = 10.335
2026-06-02 16:28:18,477 [DEBUG] matplotlib.font_manager: findfont: score(FontEntry(fname='C:\\Windows\\Fonts\\BELLI.TTF', name='Bell MT', style='italic', variant='normal', weight=400, stretch='normal', size='scalable')) = 11.05
2026-06-02 16:28:18,477 [DEBUG] matplotlib.font_manager: findfont: score(FontEntry(fname='C:\\Windows\\Fonts\\FRSCRIPT.TTF', name='French Script MT', style='normal', variant='normal', weight=400, stretch='normal', size='scalable')) = 10.05
2026-06-02 16:28:18,477 [DEBUG] matplotlib.font_manager: findfont: score(FontEntry(fname='C:\\Windows\\Fonts\\WINGDNG3.TTF', name='Wingdings 3', style='normal', variant='normal', weight=400, stretch='normal', size='scalable')) = 10.05
2026-06-02 16:28:18,477 [DEBUG] matplotlib.font_manager: findfont: score(FontEntry(fname='C:\\Windows\\Fonts\\YuGothM.ttc', name='Yu Gothic', style='normal', variant='normal', weight=500, stretch='normal', size='scalable')) = 10.145
2026-06-02 16:28:18,478 [DEBUG] matplotlib.font_manager: findfont: score(FontEntry(fname='C:\\Windows\\Fonts\\ariali.ttf', name='Arial', style='italic', variant='normal', weight=400, stretch='normal', size='scalable')) = 7.413636363636363
2026-06-02 16:28:18,478 [DEBUG] matplotlib.font_manager: findfont: score(FontEntry(fname='C:\\Windows\\Fonts\\ERASDEMI.TTF', name='Eras Demi ITC', style='normal', variant='normal', weight=400, stretch='normal', size='scalable')) = 10.05
2026-06-02 16:28:18,478 [DEBUG] matplotlib.font_manager: findfont: score(FontEntry(fname='C:\\Windows\\Fonts\\CHILLER.TTF', name='Chiller', style='normal', variant='normal', weight=400, stretch='normal', size='scalable')) = 10.05
2026-06-02 16:28:18,478 [DEBUG] matplotlib.font_manager: findfont: score(FontEntry(fname='C:\\Windows\\Fonts\\simsunb.ttf', name='SimSun-ExtB', style='normal', variant='normal', weight=400, stretch='normal', size='scalable')) = 10.05
2026-06-02 16:28:18,478 [DEBUG] matplotlib.font_manager: findfont: score(FontEntry(fname='C:\\Windows\\Fonts\\msyhbd.ttc', name='Microsoft YaHei', style='normal', variant='normal', weight=700, stretch='normal', size='scalable')) = 10.335
2026-06-02 16:28:18,478 [DEBUG] matplotlib.font_manager: findfont: score(FontEntry(fname='C:\\Windows\\Fonts\\rod.ttf', name='Rod', style='normal', variant='normal', weight=400, stretch='normal', size='scalable')) = 10.05
2026-06-02 16:28:18,478 [DEBUG] matplotlib.font_manager: findfont: score(FontEntry(fname='C:\\Windows\\Fonts\\LEELAWAD.TTF', name='Leelawadee', style='normal', variant='normal', weight=400, stretch='normal', size='scalable')) = 10.05
2026-06-02 16:28:18,478 [DEBUG] matplotlib.font_manager: findfont: score(FontEntry(fname='C:\\Windows\\Fonts\\trebucbi.ttf', name='Trebuchet MS', style='italic', variant='normal', weight=700, stretch='normal', size='scalable')) = 11.335
2026-06-02 16:28:18,478 [DEBUG] matplotlib.font_manager: findfont: score(FontEntry(fname='C:\\Windows\\Fonts\\BRLNSR.TTF', name='Berlin Sans FB', style='normal', variant='normal', weight=400, stretch='normal', size='scalable')) = 10.05
2026-06-02 16:28:18,478 [DEBUG] matplotlib.font_manager: findfont: score(FontEntry(fname='C:\\Windows\\Fonts\\segoeuii.ttf', name='Segoe UI', style='italic', variant='normal', weight=400, stretch='normal', size='scalable')) = 11.05
2026-06-02 16:28:18,478 [DEBUG] matplotlib.font_manager: findfont: score(FontEntry(fname='C:\\Windows\\Fonts\\COOPBL.TTF', name='Cooper Black', style='normal', variant='normal', weight=400, stretch='normal', size='scalable')) = 10.05
2026-06-02 16:28:18,478 [DEBUG] matplotlib.font_manager: findfont: score(FontEntry(fname='C:\\Windows\\Fonts\\malgun.ttf', name='Malgun Gothic', style='normal', variant='normal', weight=400, stretch='normal', size='scalable')) = 10.05
2026-06-02 16:28:18,478 [DEBUG] matplotlib.font_manager: findfont: score(FontEntry(fname='C:\\Windows\\Fonts\\segoeuil.ttf', name='Segoe UI', style='normal', variant='normal', weight=300, stretch='normal', size='scalable')) = 10.145
2026-06-02 16:28:18,478 [DEBUG] matplotlib.font_manager: findfont: score(FontEntry(fname='C:\\Windows\\Fonts\\malgunbd.ttf', name='Malgun Gothic', style='normal', variant='normal', weight=700, stretch='normal', size='scalable')) = 10.335
2026-06-02 16:28:18,478 [DEBUG] matplotlib.font_manager: findfont: score(FontEntry(fname='C:\\Windows\\Fonts\\msjh.ttc', name='Microsoft JhengHei', style='normal', variant='normal', weight=400, stretch='normal', size='scalable')) = 10.05
2026-06-02 16:28:18,478 [DEBUG] matplotlib.font_manager: findfont: score(FontEntry(fname='C:\\Windows\\Fonts\\LBRITEDI.TTF', name='Lucida Bright', style='italic', variant='normal', weight=600, stretch='normal', size='scalable')) = 11.24
2026-06-02 16:28:18,478 [DEBUG] matplotlib.font_manager: findfont: score(FontEntry(fname='C:\\Windows\\Fonts\\ELEPHNTI.TTF', name='Elephant', style='italic', variant='normal', weight=400, stretch='normal', size='scalable')) = 11.05
2026-06-02 16:28:18,478 [DEBUG] matplotlib.font_manager: findfont: score(FontEntry(fname='C:\\Windows\\Fonts\\BOOKOSI.TTF', name='Bookman Old Style', style='italic', variant='normal', weight=300, stretch='normal', size='scalable')) = 11.145
2026-06-02 16:28:18,478 [DEBUG] matplotlib.font_manager: findfont: score(FontEntry(fname='C:\\Windows\\Fonts\\consolaz.ttf', name='Consolas', style='italic', variant='normal', weight=700, stretch='normal', size='scalable')) = 11.335
2026-06-02 16:28:18,478 [DEBUG] matplotlib.font_manager: findfont: score(FontEntry(fname='C:\\Windows\\Fonts\\ROCKB.TTF', name='Rockwell', style='normal', variant='normal', weight=700, stretch='normal', size='scalable')) = 10.335
2026-06-02 16:28:18,478 [DEBUG] matplotlib.font_manager: findfont: score(FontEntry(fname='C:\\Windows\\Fonts\\msyh.ttc', name='Microsoft YaHei', style='normal', variant='normal', weight=400, stretch='normal', size='scalable')) = 10.05
2026-06-02 16:28:18,478 [DEBUG] matplotlib.font_manager: findfont: score(FontEntry(fname='C:\\Windows\\Fonts\\MATURASC.TTF', name='Matura MT Script Capitals', style='normal', variant='normal', weight=400, stretch='normal', size='scalable')) = 10.05
2026-06-02 16:28:18,478 [DEBUG] matplotlib.font_manager: findfont: score(FontEntry(fname='C:\\Windows\\Fonts\\SitkaVF-Italic.ttf', name='Sitka', style='italic', variant='normal', weight=400, stretch='normal', size='scalable')) = 11.05
2026-06-02 16:28:18,479 [DEBUG] matplotlib.font_manager: findfont: score(FontEntry(fname='C:\\Windows\\Fonts\\gadugib.ttf', name='Gadugi', style='normal', variant='normal', weight=700, stretch='normal', size='scalable')) = 10.335
2026-06-02 16:28:18,479 [DEBUG] matplotlib.font_manager: findfont: score(FontEntry(fname='C:\\Windows\\Fonts\\NIAGENG.TTF', name='Niagara Engraved', style='normal', variant='normal', weight=400, stretch='normal', size='scalable')) = 10.05
2026-06-02 16:28:18,479 [DEBUG] matplotlib.font_manager: findfont: score(FontEntry(fname='C:\\Windows\\Fonts\\FRAHVIT.TTF', name='Franklin Gothic Heavy', style='italic', variant='normal', weight=400, stretch='normal', size='scalable')) = 11.05
2026-06-02 16:28:18,479 [DEBUG] matplotlib.font_manager: findfont: score(FontEntry(fname='C:\\Windows\\Fonts\\calibrib.ttf', name='Calibri', style='normal', variant='normal', weight=700, stretch='normal', size='scalable')) = 10.335
2026-06-02 16:28:18,479 [DEBUG] matplotlib.font_manager: findfont: score(FontEntry(fname='C:\\Windows\\Fonts\\LTYPE.TTF', name='Lucida Sans Typewriter', style='normal', variant='normal', weight=400, stretch='normal', size='scalable')) = 10.05
2026-06-02 16:28:18,479 [DEBUG] matplotlib.font_manager: findfont: score(FontEntry(fname='C:\\Windows\\Fonts\\HARNGTON.TTF', name='Harrington', style='normal', variant='normal', weight=400, stretch='normal', size='scalable')) = 10.05
2026-06-02 16:28:18,479 [DEBUG] matplotlib.font_manager: findfont: score(FontEntry(fname='C:\\Windows\\Fonts\\REFSAN.TTF', name='MS Reference Sans Serif', style='normal', variant='normal', weight=400, stretch='normal', size='scalable')) = 10.05
2026-06-02 16:28:18,479 [DEBUG] matplotlib.font_manager: findfont: score(FontEntry(fname='C:\\Windows\\Fonts\\LEELAWDB.TTF', name='Leelawadee', style='normal', variant='normal', weight=700, stretch='normal', size='scalable')) = 10.335
2026-06-02 16:28:18,479 [DEBUG] matplotlib.font_manager: findfont: score(FontEntry(fname='C:\\Windows\\Fonts\\VINERITC.TTF', name='Viner Hand ITC', style='normal', variant='normal', weight=400, stretch='normal', size='scalable')) = 10.05
2026-06-02 16:28:18,479 [DEBUG] matplotlib.font_manager: findfont: score(FontEntry(fname='C:\\Windows\\Fonts\\GOTHICBI.TTF', name='Century Gothic', style='italic', variant='normal', weight=700, stretch='normal', size='scalable')) = 11.335
2026-06-02 16:28:18,479 [DEBUG] matplotlib.font_manager: findfont: score(FontEntry(fname='C:\\Windows\\Fonts\\pala.ttf', name='Palatino Linotype', style='normal', variant='normal', weight=400, stretch='normal', size='scalable')) = 10.05
2026-06-02 16:28:18,479 [DEBUG] matplotlib.font_manager: findfont: score(FontEntry(fname='C:\\Windows\\Fonts\\BROADW.TTF', name='Broadway', style='normal', variant='normal', weight=400, stretch='normal', size='scalable')) = 10.05
2026-06-02 16:28:18,479 [DEBUG] matplotlib.font_manager: findfont: score(FontEntry(fname='C:\\Windows\\Fonts\\YuGothR.ttc', name='Yu Gothic', style='normal', variant='normal', weight=400, stretch='normal', size='scalable')) = 10.05
2026-06-02 16:28:18,479 [DEBUG] matplotlib.font_manager: findfont: score(FontEntry(fname='C:\\Windows\\Fonts\\PRISTINA.TTF', name='Pristina', style='normal', variant='normal', weight=400, stretch='normal', size='scalable')) = 10.05
2026-06-02 16:28:18,479 [DEBUG] matplotlib.font_manager: findfont: score(FontEntry(fname='C:\\Windows\\Fonts\\LTYPEO.TTF', name='Lucida Sans Typewriter', style='oblique', variant='normal', weight=400, stretch='normal', size='scalable')) = 11.05
2026-06-02 16:28:18,479 [DEBUG] matplotlib.font_manager: findfont: score(FontEntry(fname='C:\\Windows\\Fonts\\times.ttf', name='Times New Roman', style='normal', variant='normal', weight=400, stretch='normal', size='scalable')) = 10.05
2026-06-02 16:28:18,479 [DEBUG] matplotlib.font_manager: findfont: score(FontEntry(fname='C:\\Windows\\Fonts\\comicbd.ttf', name='Comic Sans MS', style='normal', variant='normal', weight=700, stretch='normal', size='scalable')) = 10.335
2026-06-02 16:28:18,479 [DEBUG] matplotlib.font_manager: findfont: score(FontEntry(fname='C:\\Windows\\Fonts\\seguili.ttf', name='Segoe UI', style='italic', variant='normal', weight=300, stretch='normal', size='scalable')) = 11.145
2026-06-02 16:28:18,479 [DEBUG] matplotlib.font_manager: findfont: score(FontEntry(fname='C:\\Windows\\Fonts\\segoeuiz.ttf', name='Segoe UI', style='italic', variant='normal', weight=700, stretch='normal', size='scalable')) = 11.335
2026-06-02 16:28:18,479 [DEBUG] matplotlib.font_manager: findfont: score(FontEntry(fname='C:\\Windows\\Fonts\\BOD_BI.TTF', name='Bodoni MT', style='italic', variant='normal', weight=700, stretch='normal', size='scalable')) = 11.335
2026-06-02 16:28:18,479 [DEBUG] matplotlib.font_manager: findfont: score(FontEntry(fname='C:\\Windows\\Fonts\\HARLOWSI.TTF', name='Harlow Solid Italic', style='italic', variant='normal', weight=400, stretch='normal', size='scalable')) = 11.05
2026-06-02 16:28:18,479 [DEBUG] matplotlib.font_manager: findfont: score(FontEntry(fname='C:\\Windows\\Fonts\\BASKVILL.TTF', name='Baskerville Old Face', style='normal', variant='normal', weight=400, stretch='normal', size='scalable')) = 10.05
2026-06-02 16:28:18,479 [DEBUG] matplotlib.font_manager: findfont: score(FontEntry(fname='C:\\Windows\\Fonts\\SegoeIcons.ttf', name='Segoe Fluent Icons', style='normal', variant='normal', weight=400, stretch='normal', size='scalable')) = 10.05
2026-06-02 16:28:18,480 [DEBUG] matplotlib.font_manager: findfont: score(FontEntry(fname='C:\\Windows\\Fonts\\GLSNECB.TTF', name='Gill Sans MT Ext Condensed Bold', style='normal', variant='normal', weight=400, stretch='condensed', size='scalable')) = 10.25
2026-06-02 16:28:18,480 [DEBUG] matplotlib.font_manager: findfont: score(FontEntry(fname='C:\\Windows\\Fonts\\msjhbd.ttc', name='Microsoft JhengHei', style='normal', variant='normal', weight=700, stretch='normal', size='scalable')) = 10.335
2026-06-02 16:28:18,480 [DEBUG] matplotlib.font_manager: findfont: score(FontEntry(fname='C:\\Windows\\Fonts\\timesbd.ttf', name='Times New Roman', style='normal', variant='normal', weight=700, stretch='normal', size='scalable')) = 10.335
2026-06-02 16:28:18,480 [DEBUG] matplotlib.font_manager: findfont: score(FontEntry(fname='C:\\Windows\\Fonts\\ARIALNBI.TTF', name='Arial', style='italic', variant='normal', weight=700, stretch='condensed', size='scalable')) = 7.8986363636363635
2026-06-02 16:28:18,480 [DEBUG] matplotlib.font_manager: findfont: score(FontEntry(fname='C:\\Windows\\Fonts\\framd.ttf', name='Franklin Gothic Medium', style='normal', variant='normal', weight=400, stretch='normal', size='scalable')) = 10.05
2026-06-02 16:28:18,480 [DEBUG] matplotlib.font_manager: findfont: score(FontEntry(fname='C:\\Windows\\Fonts\\mriamc.ttf', name='Miriam Fixed', style='normal', variant='normal', weight=400, stretch='normal', size='scalable')) = 10.05
2026-06-02 16:28:18,480 [DEBUG] matplotlib.font_manager: findfont: score(FontEntry(fname='C:\\Windows\\Fonts\\TCCEB.TTF', name='Tw Cen MT Condensed Extra Bold', style='normal', variant='normal', weight=400, stretch='condensed', size='scalable')) = 10.25
2026-06-02 16:28:18,480 [DEBUG] matplotlib.font_manager: findfont: score(FontEntry(fname='C:\\Windows\\Fonts\\ERASBD.TTF', name='Eras Bold ITC', style='normal', variant='normal', weight=400, stretch='normal', size='scalable')) = 10.05
2026-06-02 16:28:18,480 [DEBUG] matplotlib.font_manager: findfont: score(FontEntry(fname='C:\\Windows\\Fonts\\Candarai.ttf', name='Candara', style='italic', variant='normal', weight=400, stretch='normal', size='scalable')) = 11.05
2026-06-02 16:28:18,480 [DEBUG] matplotlib.font_manager: findfont: score(FontEntry(fname='C:\\Windows\\Fonts\\phagspa.ttf', name='Microsoft PhagsPa', style='normal', variant='normal', weight=400, stretch='normal', size='scalable')) = 10.05
2026-06-02 16:28:18,480 [DEBUG] matplotlib.font_manager: findfont: score(FontEntry(fname='C:\\Windows\\Fonts\\GIL_____.TTF', name='Gill Sans MT', style='normal', variant='normal', weight=400, stretch='normal', size='scalable')) = 10.05
2026-06-02 16:28:18,480 [DEBUG] matplotlib.font_manager: findfont: score(FontEntry(fname='C:\\Windows\\Fonts\\FRABK.TTF', name='Franklin Gothic Book', style='normal', variant='normal', weight=400, stretch='normal', size='scalable')) = 10.05
2026-06-02 16:28:18,480 [DEBUG] matplotlib.font_manager: findfont: score(FontEntry(fname='C:\\Windows\\Fonts\\wingding.ttf', name='Wingdings', style='normal', variant='normal', weight=400, stretch='normal', size='scalable')) = 10.05
2026-06-02 16:28:18,480 [DEBUG] matplotlib.font_manager: findfont: score(FontEntry(fname='C:\\Windows\\Fonts\\PERTILI.TTF', name='Perpetua Titling MT', style='normal', variant='normal', weight=300, stretch='normal', size='scalable')) = 10.145
2026-06-02 16:28:18,480 [DEBUG] matplotlib.font_manager: findfont: score(FontEntry(fname='C:\\Windows\\Fonts\\VLADIMIR.TTF', name='Vladimir Script', style='normal', variant='normal', weight=400, stretch='normal', size='scalable')) = 10.05
2026-06-02 16:28:18,480 [DEBUG] matplotlib.font_manager: findfont: score(FontEntry(fname='C:\\Windows\\Fonts\\palab.ttf', name='Palatino Linotype', style='normal', variant='normal', weight=700, stretch='normal', size='scalable')) = 10.335
2026-06-02 16:28:18,480 [DEBUG] matplotlib.font_manager: findfont: score(FontEntry(fname='C:\\Windows\\Fonts\\BRLNSB.TTF', name='Berlin Sans FB', style='normal', variant='normal', weight=700, stretch='normal', size='scalable')) = 10.335
2026-06-02 16:28:18,480 [DEBUG] matplotlib.font_manager: findfont: score(FontEntry(fname='C:\\Windows\\Fonts\\monbaiti.ttf', name='Mongolian Baiti', style='normal', variant='normal', weight=400, stretch='normal', size='scalable')) = 10.05
2026-06-02 16:28:18,480 [DEBUG] matplotlib.font_manager: findfont: score(FontEntry(fname='C:\\Windows\\Fonts\\gadugi.ttf', name='Gadugi', style='normal', variant='normal', weight=400, stretch='normal', size='scalable')) = 10.05
2026-06-02 16:28:18,480 [DEBUG] matplotlib.font_manager: findfont: score(FontEntry(fname='C:\\Windows\\Fonts\\phagspab.ttf', name='Microsoft PhagsPa', style='normal', variant='normal', weight=700, stretch='normal', size='scalable')) = 10.335
2026-06-02 16:28:18,480 [DEBUG] matplotlib.font_manager: findfont: score(FontEntry(fname='C:\\Windows\\Fonts\\LFAXD.TTF', name='Lucida Fax', style='normal', variant='normal', weight=600, stretch='normal', size='scalable')) = 10.24
2026-06-02 16:28:18,481 [DEBUG] matplotlib.font_manager: findfont: score(FontEntry(fname='C:\\Windows\\Fonts\\gisha.ttf', name='Gisha', style='normal', variant='normal', weight=400, stretch='normal', size='scalable')) = 10.05
2026-06-02 16:28:18,481 [DEBUG] matplotlib.font_manager: findfont: score(FontEntry(fname='C:\\Windows\\Fonts\\Candaraz.ttf', name='Candara', style='italic', variant='normal', weight=700, stretch='normal', size='scalable')) = 11.335
2026-06-02 16:28:18,481 [DEBUG] matplotlib.font_manager: findfont: score(FontEntry(fname='C:\\Windows\\Fonts\\courbd.ttf', name='Courier New', style='normal', variant='normal', weight=700, stretch='normal', size='scalable')) = 10.335
2026-06-02 16:28:18,481 [DEBUG] matplotlib.font_manager: findfont: score(FontEntry(fname='C:\\Windows\\Fonts\\ANTQUAI.TTF', name='Book Antiqua', style='italic', variant='normal', weight=400, stretch='normal', size='scalable')) = 11.05
2026-06-02 16:28:18,481 [DEBUG] matplotlib.font_manager: findfont: score(FontEntry(fname='C:\\Windows\\Fonts\\MSUIGHUB.TTF', name='Microsoft Uighur', style='normal', variant='normal', weight=700, stretch='normal', size='scalable')) = 10.335
2026-06-02 16:28:18,481 [DEBUG] matplotlib.font_manager: findfont: score(FontEntry(fname='C:\\Windows\\Fonts\\cambria.ttc', name='Cambria', style='normal', variant='normal', weight=400, stretch='normal', size='scalable')) = 10.05
2026-06-02 16:28:18,481 [DEBUG] matplotlib.font_manager: findfont: score(FontEntry(fname='C:\\Windows\\Fonts\\georgiai.ttf', name='Georgia', style='italic', variant='normal', weight=400, stretch='normal', size='scalable')) = 11.05
2026-06-02 16:28:18,481 [DEBUG] matplotlib.font_manager: findfont: score(FontEntry(fname='C:\\Windows\\Fonts\\ARIALN.TTF', name='Arial', style='normal', variant='normal', weight=400, stretch='condensed', size='scalable')) = 6.613636363636363
2026-06-02 16:28:18,481 [DEBUG] matplotlib.font_manager: findfont: score(FontEntry(fname='C:\\Windows\\Fonts\\FRABKIT.TTF', name='Franklin Gothic Book', style='italic', variant='normal', weight=400, stretch='normal', size='scalable')) = 11.05
2026-06-02 16:28:18,481 [DEBUG] matplotlib.font_manager: findfont: score(FontEntry(fname='C:\\Windows\\Fonts\\LBRITE.TTF', name='Lucida Bright', style='normal', variant='normal', weight=400, stretch='normal', size='scalable')) = 10.05
2026-06-02 16:28:18,481 [DEBUG] matplotlib.font_manager: findfont: score(FontEntry(fname='C:\\Windows\\Fonts\\Candarab.ttf', name='Candara', style='normal', variant='normal', weight=700, stretch='normal', size='scalable')) = 10.335
2026-06-02 16:28:18,481 [DEBUG] matplotlib.font_manager: findfont: score(FontEntry(fname='C:\\Windows\\Fonts\\segoepr.ttf', name='Segoe Print', style='normal', variant='normal', weight=400, stretch='normal', size='scalable')) = 10.05
2026-06-02 16:28:18,481 [DEBUG] matplotlib.font_manager: findfont: score(FontEntry(fname='C:\\Windows\\Fonts\\FTLTLT.TTF', name='Footlight MT Light', style='normal', variant='normal', weight=300, stretch='normal', size='scalable')) = 10.145
2026-06-02 16:28:18,481 [DEBUG] matplotlib.font_manager: findfont: score(FontEntry(fname='C:\\Windows\\Fonts\\CALISTI.TTF', name='Calisto MT', style='italic', variant='normal', weight=400, stretch='normal', size='scalable')) = 11.05
2026-06-02 16:28:18,481 [DEBUG] matplotlib.font_manager: findfont: score(FontEntry(fname='C:\\Windows\\Fonts\\JOKERMAN.TTF', name='Jokerman', style='normal', variant='normal', weight=400, stretch='normal', size='scalable')) = 10.05
2026-06-02 16:28:18,481 [DEBUG] matplotlib.font_manager: findfont: score(FontEntry(fname='C:\\Windows\\Fonts\\segoeprb.ttf', name='Segoe Print', style='normal', variant='normal', weight=700, stretch='normal', size='scalable')) = 10.335
2026-06-02 16:28:18,481 [DEBUG] matplotlib.font_manager: findfont: score(FontEntry(fname='C:\\Windows\\Fonts\\SCRIPTBL.TTF', name='Script MT Bold', style='normal', variant='normal', weight=700, stretch='normal', size='scalable')) = 10.335
2026-06-02 16:28:18,481 [DEBUG] matplotlib.font_manager: findfont: score(FontEntry(fname='C:\\Windows\\Fonts\\LeelawUI.ttf', name='Leelawadee UI', style='normal', variant='normal', weight=400, stretch='normal', size='scalable')) = 10.05
2026-06-02 16:28:18,481 [DEBUG] matplotlib.font_manager: findfont: score(FontEntry(fname='C:\\Windows\\Fonts\\constanz.ttf', name='Constantia', style='italic', variant='normal', weight=700, stretch='normal', size='scalable')) = 11.335
2026-06-02 16:28:18,481 [DEBUG] matplotlib.font_manager: findfont: score(FontEntry(fname='C:\\Windows\\Fonts\\CENTURY.TTF', name='Century', style='normal', variant='normal', weight=400, stretch='normal', size='scalable')) = 10.05
2026-06-02 16:28:18,481 [DEBUG] matplotlib.font_manager: findfont: score(FontEntry(fname='C:\\Windows\\Fonts\\GOUDOSI.TTF', name='Goudy Old Style', style='italic', variant='normal', weight=400, stretch='normal', size='scalable')) = 11.05
2026-06-02 16:28:18,481 [DEBUG] matplotlib.font_manager: findfont: score(FontEntry(fname='C:\\Windows\\Fonts\\constani.ttf', name='Constantia', style='italic', variant='normal', weight=400, stretch='normal', size='scalable')) = 11.05
2026-06-02 16:28:18,482 [DEBUG] matplotlib.font_manager: findfont: score(FontEntry(fname='C:\\Windows\\Fonts\\tahomabd.ttf', name='Tahoma', style='normal', variant='normal', weight=700, stretch='normal', size='scalable')) = 10.335
2026-06-02 16:28:18,482 [DEBUG] matplotlib.font_manager: findfont: score(FontEntry(fname='C:\\Windows\\Fonts\\GILC____.TTF', name='Gill Sans MT Condensed', style='normal', variant='normal', weight=400, stretch='condensed', size='scalable')) = 10.25
2026-06-02 16:28:18,482 [DEBUG] matplotlib.font_manager: findfont: score(FontEntry(fname='C:\\Windows\\Fonts\\framdit.ttf', name='Franklin Gothic Medium', style='italic', variant='normal', weight=400, stretch='normal', size='scalable')) = 11.05
2026-06-02 16:28:18,482 [DEBUG] matplotlib.font_manager: findfont: score(FontEntry(fname='C:\\Windows\\Fonts\\LATINWD.TTF', name='Wide Latin', style='normal', variant='normal', weight=400, stretch='expanded', size='scalable')) = 10.25
2026-06-02 16:28:18,482 [DEBUG] matplotlib.font_manager: findfont: score(FontEntry(fname='C:\\Windows\\Fonts\\LHANDW.TTF', name='Lucida Handwriting', style='italic', variant='normal', weight=400, stretch='normal', size='scalable')) = 11.05
2026-06-02 16:28:18,482 [DEBUG] matplotlib.font_manager: findfont: score(FontEntry(fname='C:\\Windows\\Fonts\\STENCIL.TTF', name='Stencil', style='normal', variant='normal', weight=400, stretch='normal', size='scalable')) = 10.05
2026-06-02 16:28:18,482 [DEBUG] matplotlib.font_manager: findfont: score(FontEntry(fname='C:\\Windows\\Fonts\\corbelli.ttf', name='Corbel', style='italic', variant='normal', weight=300, stretch='normal', size='scalable')) = 11.145
2026-06-02 16:28:18,482 [DEBUG] matplotlib.font_manager: findfont: score(FontEntry(fname='C:\\Windows\\Fonts\\DUBAI-MEDIUM.TTF', name='Dubai', style='normal', variant='normal', weight=500, stretch='normal', size='scalable')) = 10.145
2026-06-02 16:28:18,482 [DEBUG] matplotlib.font_manager: findfont: score(FontEntry(fname='C:\\Windows\\Fonts\\constan.ttf', name='Constantia', style='normal', variant='normal', weight=400, stretch='normal', size='scalable')) = 10.05
2026-06-02 16:28:18,482 [DEBUG] matplotlib.font_manager: findfont: score(FontEntry(fname='C:\\Windows\\Fonts\\GILBI___.TTF', name='Gill Sans MT', style='italic', variant='normal', weight=700, stretch='normal', size='scalable')) = 11.335
2026-06-02 16:28:18,482 [DEBUG] matplotlib.font_manager: findfont: score(FontEntry(fname='C:\\Windows\\Fonts\\trebucit.ttf', name='Trebuchet MS', style='italic', variant='normal', weight=400, stretch='normal', size='scalable')) = 11.05
2026-06-02 16:28:18,482 [DEBUG] matplotlib.font_manager: findfont: score(FontEntry(fname='C:\\Windows\\Fonts\\BOD_R.TTF', name='Bodoni MT', style='normal', variant='normal', weight=400, stretch='normal', size='scalable')) = 10.05
2026-06-02 16:28:18,482 [DEBUG] matplotlib.font_manager: findfont: score(FontEntry(fname='C:\\Windows\\Fonts\\TCCB____.TTF', name='Tw Cen MT Condensed', style='normal', variant='normal', weight=700, stretch='condensed', size='scalable')) = 10.535
2026-06-02 16:28:18,482 [DEBUG] matplotlib.font_manager: findfont: score(FontEntry(fname='C:\\Windows\\Fonts\\WINGDNG2.TTF', name='Wingdings 2', style='normal', variant='normal', weight=400, stretch='normal', size='scalable')) = 10.05
2026-06-02 16:28:18,482 [DEBUG] matplotlib.font_manager: findfont: score(FontEntry(fname='C:\\Windows\\Fonts\\corbell.ttf', name='Corbel', style='normal', variant='normal', weight=300, stretch='normal', size='scalable')) = 10.145
2026-06-02 16:28:18,482 [DEBUG] matplotlib.font_manager: findfont: score(FontEntry(fname='C:\\Windows\\Fonts\\LeelUIsl.ttf', name='Leelawadee UI', style='normal', variant='normal', weight=350, stretch='normal', size='scalable')) = 10.0975
2026-06-02 16:28:18,482 [DEBUG] matplotlib.font_manager: findfont: score(FontEntry(fname='C:\\Windows\\Fonts\\mriam.ttf', name='Miriam', style='normal', variant='normal', weight=400, stretch='normal', size='scalable')) = 10.05
2026-06-02 16:28:18,482 [DEBUG] matplotlib.font_manager: findfont: score(FontEntry(fname='C:\\Windows\\Fonts\\mmrtextb.ttf', name='Myanmar Text', style='normal', variant='normal', weight=700, stretch='normal', size='scalable')) = 10.335
2026-06-02 16:28:18,482 [DEBUG] matplotlib.font_manager: findfont: score(FontEntry(fname='C:\\Windows\\Fonts\\PLAYBILL.TTF', name='Playbill', style='normal', variant='normal', weight=400, stretch='normal', size='scalable')) = 10.05
2026-06-02 16:28:18,482 [DEBUG] matplotlib.font_manager: findfont: score(FontEntry(fname='C:\\Windows\\Fonts\\BRADHITC.TTF', name='Bradley Hand ITC', style='normal', variant='normal', weight=400, stretch='normal', size='scalable')) = 10.05
2026-06-02 16:28:18,482 [DEBUG] matplotlib.font_manager: findfont: score(FontEntry(fname='C:\\Windows\\Fonts\\FRADMIT.TTF', name='Franklin Gothic Demi', style='italic', variant='normal', weight=400, stretch='normal', size='scalable')) = 11.05
2026-06-02 16:28:18,482 [DEBUG] matplotlib.font_manager: findfont: score(FontEntry(fname='C:\\Windows\\Fonts\\SCHLBKI.TTF', name='Century Schoolbook', style='italic', variant='normal', weight=400, stretch='normal', size='scalable')) = 11.05
2026-06-02 16:28:18,482 [DEBUG] matplotlib.font_manager: findfont: score(FontEntry(fname='C:\\Windows\\Fonts\\cambriaz.ttf', name='Cambria', style='italic', variant='normal', weight=700, stretch='normal', size='scalable')) = 11.335
2026-06-02 16:28:18,482 [DEBUG] matplotlib.font_manager: findfont: score(FontEntry(fname='C:\\Windows\\Fonts\\LBRITEI.TTF', name='Lucida Bright', style='italic', variant='normal', weight=400, stretch='normal', size='scalable')) = 11.05
2026-06-02 16:28:18,482 [DEBUG] matplotlib.font_manager: findfont: score(FontEntry(fname='C:\\Windows\\Fonts\\micross.ttf', name='Microsoft Sans Serif', style='normal', variant='normal', weight=400, stretch='normal', size='scalable')) = 10.05
2026-06-02 16:28:18,483 [DEBUG] matplotlib.font_manager: findfont: score(FontEntry(fname='C:\\Windows\\Fonts\\BOOKOSBI.TTF', name='Bookman Old Style', style='italic', variant='normal', weight=600, stretch='normal', size='scalable')) = 11.24
2026-06-02 16:28:18,483 [DEBUG] matplotlib.font_manager: findfont: score(FontEntry(fname='C:\\Windows\\Fonts\\COLONNA.TTF', name='Colonna MT', style='normal', variant='normal', weight=400, stretch='normal', size='scalable')) = 10.05
2026-06-02 16:28:18,483 [DEBUG] matplotlib.font_manager: findfont: score(FontEntry(fname='C:\\Windows\\Fonts\\YuGothL.ttc', name='Yu Gothic', style='normal', variant='normal', weight=300, stretch='normal', size='scalable')) = 10.145
2026-06-02 16:28:18,483 [DEBUG] matplotlib.font_manager: findfont: score(FontEntry(fname='C:\\Windows\\Fonts\\ntailu.ttf', name='Microsoft New Tai Lue', style='normal', variant='normal', weight=400, stretch='normal', size='scalable')) = 10.05
2026-06-02 16:28:18,483 [DEBUG] matplotlib.font_manager: findfont: score(FontEntry(fname='C:\\Windows\\Fonts\\ONYX.TTF', name='Onyx', style='normal', variant='normal', weight=400, stretch='normal', size='scalable')) = 10.05
2026-06-02 16:28:18,483 [DEBUG] matplotlib.font_manager: findfont: score(FontEntry(fname='C:\\Windows\\Fonts\\DUBAI-LIGHT.TTF', name='Dubai', style='normal', variant='normal', weight=300, stretch='normal', size='scalable')) = 10.145
2026-06-02 16:28:18,483 [DEBUG] matplotlib.font_manager: findfont: score(FontEntry(fname='C:\\Windows\\Fonts\\COPRGTL.TTF', name='Copperplate Gothic Light', style='normal', variant='normal', weight=400, stretch='normal', size='scalable')) = 10.05
2026-06-02 16:28:18,483 [DEBUG] matplotlib.font_manager: findfont: score(FontEntry(fname='C:\\Windows\\Fonts\\msgothic.ttc', name='MS Gothic', style='normal', variant='normal', weight=400, stretch='normal', size='scalable')) = 10.05
2026-06-02 16:28:18,483 [DEBUG] matplotlib.font_manager: findfont: score(FontEntry(fname='C:\\Windows\\Fonts\\lvnmbd.ttf', name='Levenim MT', style='normal', variant='normal', weight=700, stretch='normal', size='scalable')) = 10.335
2026-06-02 16:28:18,483 [DEBUG] matplotlib.font_manager: findfont: score(FontEntry(fname='C:\\Windows\\Fonts\\LeelaUIb.ttf', name='Leelawadee UI', style='normal', variant='normal', weight=700, stretch='normal', size='scalable')) = 10.335
2026-06-02 16:28:18,483 [DEBUG] matplotlib.font_manager: findfont: score(FontEntry(fname='C:\\Windows\\Fonts\\HTOWERTI.TTF', name='High Tower Text', style='italic', variant='normal', weight=400, stretch='normal', size='scalable')) = 11.05
2026-06-02 16:28:18,483 [DEBUG] matplotlib.font_manager: findfont: score(FontEntry(fname='C:\\Windows\\Fonts\\AGENCYR.TTF', name='Agency FB', style='normal', variant='normal', weight=400, stretch='normal', size='scalable')) = 10.05
2026-06-02 16:28:18,483 [DEBUG] matplotlib.font_manager: findfont: score(FontEntry(fname='C:\\Windows\\Fonts\\GOTHICI.TTF', name='Century Gothic', style='italic', variant='normal', weight=400, stretch='normal', size='scalable')) = 11.05
2026-06-02 16:28:18,483 [DEBUG] matplotlib.font_manager: findfont: score(FontEntry(fname='C:\\Windows\\Fonts\\BOD_BLAI.TTF', name='Bodoni MT', style='italic', variant='normal', weight=900, stretch='normal', size='scalable')) = 11.525
2026-06-02 16:28:18,483 [DEBUG] matplotlib.font_manager: findfont: score(FontEntry(fname='C:\\Windows\\Fonts\\calibri.ttf', name='Calibri', style='normal', variant='normal', weight=400, stretch='normal', size='scalable')) = 10.05
2026-06-02 16:28:18,483 [DEBUG] matplotlib.font_manager: findfont: score(FontEntry(fname='C:\\Windows\\Fonts\\INFROMAN.TTF', name='Informal Roman', style='normal', variant='normal', weight=400, stretch='normal', size='scalable')) = 10.05
2026-06-02 16:28:18,483 [DEBUG] matplotlib.font_manager: findfont: score(FontEntry(fname='C:\\Windows\\Fonts\\lvnm.ttf', name='Levenim MT', style='normal', variant='normal', weight=400, stretch='normal', size='scalable')) = 10.05
2026-06-02 16:28:18,483 [DEBUG] matplotlib.font_manager: findfont: score(FontEntry(fname='C:\\Windows\\Fonts\\TCBI____.TTF', name='Tw Cen MT', style='italic', variant='normal', weight=700, stretch='normal', size='scalable')) = 11.335
2026-06-02 16:28:18,483 [DEBUG] matplotlib.font_manager: findfont: score(FontEntry(fname='C:\\Windows\\Fonts\\Candarali.ttf', name='Candara', style='italic', variant='normal', weight=400, stretch='normal', size='scalable')) = 11.05
2026-06-02 16:28:18,483 [DEBUG] matplotlib.font_manager: findfont: score(FontEntry(fname='C:\\Windows\\Fonts\\BELLB.TTF', name='Bell MT', style='normal', variant='normal', weight=700, stretch='normal', size='scalable')) = 10.335
2026-06-02 16:28:18,483 [DEBUG] matplotlib.font_manager: findfont: score(FontEntry(fname='C:\\Windows\\Fonts\\seguisli.ttf', name='Segoe UI', style='italic', variant='normal', weight=350, stretch='normal', size='scalable')) = 11.0975
2026-06-02 16:28:18,483 [DEBUG] matplotlib.font_manager: findfont: score(FontEntry(fname='C:\\Windows\\Fonts\\ARLRDBD.TTF', name='Arial Rounded MT Bold', style='normal', variant='normal', weight=400, stretch='normal', size='scalable')) = 10.05
2026-06-02 16:28:18,483 [DEBUG] matplotlib.font_manager: findfont: Matching sans\-serif:style=normal:variant=normal:weight=normal:stretch=normal:size=10.0 to DejaVu Sans ('C:\\Users\\danie\\Documents\\VIBE_CODING\\EX2\\.venv\\Lib\\site-packages\\matplotlib\\mpl-data\\fonts\\ttf\\DejaVuSans.ttf') with score of 0.050000.
2026-06-02 16:28:18,524 [DEBUG] matplotlib.font_manager: findfont: Matching sans\-serif:style=normal:variant=normal:weight=normal:stretch=normal:size=12.0.
2026-06-02 16:28:18,524 [DEBUG] matplotlib.font_manager: findfont: score(FontEntry(fname='C:\\Users\\danie\\Documents\\VIBE_CODING\\EX2\\.venv\\Lib\\site-packages\\matplotlib\\mpl-data\\fonts\\ttf\\DejaVuSans.ttf', name='DejaVu Sans', style='normal', variant='normal', weight=400, stretch='normal', size='scalable')) = 0.05
2026-06-02 16:28:18,524 [DEBUG] matplotlib.font_manager: findfont: score(FontEntry(fname='C:\\Users\\danie\\Documents\\VIBE_CODING\\EX2\\.venv\\Lib\\site-packages\\matplotlib\\mpl-data\\fonts\\ttf\\DejaVuSerif.ttf', name='DejaVu Serif', style='normal', variant='normal', weight=400, stretch='normal', size='scalable')) = 10.05
2026-06-02 16:28:18,525 [DEBUG] matplotlib.font_manager: findfont: score(FontEntry(fname='C:\\Users\\danie\\Documents\\VIBE_CODING\\EX2\\.venv\\Lib\\site-packages\\matplotlib\\mpl-data\\fonts\\ttf\\STIXSizOneSymReg.ttf', name='STIXSizeOneSym', style='normal', variant='normal', weight=400, stretch='normal', size='scalable')) = 10.05
2026-06-02 16:28:18,525 [DEBUG] matplotlib.font_manager: findfont: score(FontEntry(fname='C:\\Users\\danie\\Documents\\VIBE_CODING\\EX2\\.venv\\Lib\\site-packages\\matplotlib\\mpl-data\\fonts\\ttf\\DejaVuSerifDisplay.ttf', name='DejaVu Serif Display', style='normal', variant='normal', weight=400, stretch='normal', size='scalable')) = 10.05
2026-06-02 16:28:18,525 [DEBUG] matplotlib.font_manager: findfont: score(FontEntry(fname='C:\\Users\\danie\\Documents\\VIBE_CODING\\EX2\\.venv\\Lib\\site-packages\\matplotlib\\mpl-data\\fonts\\ttf\\cmmi10.ttf', name='cmmi10', style='normal', variant='normal', weight=400, stretch='normal', size='scalable')) = 10.05
2026-06-02 16:28:18,525 [DEBUG] matplotlib.font_manager: findfont: score(FontEntry(fname='C:\\Users\\danie\\Documents\\VIBE_CODING\\EX2\\.venv\\Lib\\site-packages\\matplotlib\\mpl-data\\fonts\\ttf\\DejaVuSans-Bold.ttf', name='DejaVu Sans', style='normal', variant='normal', weight=700, stretch='normal', size='scalable')) = 0.33499999999999996
2026-06-02 16:28:18,525 [DEBUG] matplotlib.font_manager: findfont: score(FontEntry(fname='C:\\Users\\danie\\Documents\\VIBE_CODING\\EX2\\.venv\\Lib\\site-packages\\matplotlib\\mpl-data\\fonts\\ttf\\DejaVuSerif-Italic.ttf', name='DejaVu Serif', style='italic', variant='normal', weight=400, stretch='normal', size='scalable')) = 11.05
2026-06-02 16:28:18,525 [DEBUG] matplotlib.font_manager: findfont: score(FontEntry(fname='C:\\Users\\danie\\Documents\\VIBE_CODING\\EX2\\.venv\\Lib\\site-packages\\matplotlib\\mpl-data\\fonts\\ttf\\STIXNonUniIta.ttf', name='STIXNonUnicode', style='italic', variant='normal', weight=400, stretch='normal', size='scalable')) = 11.05
2026-06-02 16:28:18,525 [DEBUG] matplotlib.font_manager: findfont: score(FontEntry(fname='C:\\Users\\danie\\Documents\\VIBE_CODING\\EX2\\.venv\\Lib\\site-packages\\matplotlib\\mpl-data\\fonts\\ttf\\DejaVuSans-Oblique.ttf', name='DejaVu Sans', style='oblique', variant='normal', weight=400, stretch='normal', size='scalable')) = 1.05
2026-06-02 16:28:18,525 [DEBUG] matplotlib.font_manager: findfont: score(FontEntry(fname='C:\\Users\\danie\\Documents\\VIBE_CODING\\EX2\\.venv\\Lib\\site-packages\\matplotlib\\mpl-data\\fonts\\ttf\\STIXSizOneSymBol.ttf', name='STIXSizeOneSym', style='normal', variant='normal', weight=700, stretch='normal', size='scalable')) = 10.335
2026-06-02 16:28:18,525 [DEBUG] matplotlib.font_manager: findfont: score(FontEntry(fname='C:\\Users\\danie\\Documents\\VIBE_CODING\\EX2\\.venv\\Lib\\site-packages\\matplotlib\\mpl-data\\fonts\\ttf\\cmsy10.ttf', name='cmsy10', style='normal', variant='normal', weight=400, stretch='normal', size='scalable')) = 10.05
2026-06-02 16:28:18,525 [DEBUG] matplotlib.font_manager: findfont: score(FontEntry(fname='C:\\Users\\danie\\Documents\\VIBE_CODING\\EX2\\.venv\\Lib\\site-packages\\matplotlib\\mpl-data\\fonts\\ttf\\cmss10.ttf', name='cmss10', style='normal', variant='normal', weight=400, stretch='normal', size='scalable')) = 10.05
2026-06-02 16:28:18,525 [DEBUG] matplotlib.font_manager: findfont: score(FontEntry(fname='C:\\Users\\danie\\Documents\\VIBE_CODING\\EX2\\.venv\\Lib\\site-packages\\matplotlib\\mpl-data\\fonts\\ttf\\STIXSizThreeSymBol.ttf', name='STIXSizeThreeSym', style='normal', variant='normal', weight=700, stretch='normal', size='scalable')) = 10.335
2026-06-02 16:28:18,525 [DEBUG] matplotlib.font_manager: findfont: score(FontEntry(fname='C:\\Users\\danie\\Documents\\VIBE_CODING\\EX2\\.venv\\Lib\\site-packages\\matplotlib\\mpl-data\\fonts\\ttf\\cmex10.ttf', name='cmex10', style='normal', variant='normal', weight=400, stretch='normal', size='scalable')) = 10.05
2026-06-02 16:28:18,525 [DEBUG] matplotlib.font_manager: findfont: score(FontEntry(fname='C:\\Users\\danie\\Documents\\VIBE_CODING\\EX2\\.venv\\Lib\\site-packages\\matplotlib\\mpl-data\\fonts\\ttf\\DejaVuSansMono-Oblique.ttf', name='DejaVu Sans Mono', style='oblique', variant='normal', weight=400, stretch='normal', size='scalable')) = 11.05
2026-06-02 16:28:18,525 [DEBUG] matplotlib.font_manager: findfont: score(FontEntry(fname='C:\\Users\\danie\\Documents\\VIBE_CODING\\EX2\\.venv\\Lib\\site-packages\\matplotlib\\mpl-data\\fonts\\ttf\\STIXSizFourSymReg.ttf', name='STIXSizeFourSym', style='normal', variant='normal', weight=400, stretch='normal', size='scalable')) = 10.05
2026-06-02 16:28:18,525 [DEBUG] matplotlib.font_manager: findfont: score(FontEntry(fname='C:\\Users\\danie\\Documents\\VIBE_CODING\\EX2\\.venv\\Lib\\site-packages\\matplotlib\\mpl-data\\fonts\\ttf\\DejaVuSansDisplay.ttf', name='DejaVu Sans Display', style='normal', variant='normal', weight=400, stretch='normal', size='scalable')) = 10.05
2026-06-02 16:28:18,525 [DEBUG] matplotlib.font_manager: findfont: score(FontEntry(fname='C:\\Users\\danie\\Documents\\VIBE_CODING\\EX2\\.venv\\Lib\\site-packages\\matplotlib\\mpl-data\\fonts\\ttf\\STIXGeneralBolIta.ttf', name='STIXGeneral', style='italic', variant='normal', weight=700, stretch='normal', size='scalable')) = 11.335
2026-06-02 16:28:18,525 [DEBUG] matplotlib.font_manager: findfont: score(FontEntry(fname='C:\\Users\\danie\\Documents\\VIBE_CODING\\EX2\\.venv\\Lib\\site-packages\\matplotlib\\mpl-data\\fonts\\ttf\\DejaVuSans-BoldOblique.ttf', name='DejaVu Sans', style='oblique', variant='normal', weight=700, stretch='normal', size='scalable')) = 1.335
2026-06-02 16:28:18,525 [DEBUG] matplotlib.font_manager: findfont: score(FontEntry(fname='C:\\Users\\danie\\Documents\\VIBE_CODING\\EX2\\.venv\\Lib\\site-packages\\matplotlib\\mpl-data\\fonts\\ttf\\DejaVuSerif-Bold.ttf', name='DejaVu Serif', style='normal', variant='normal', weight=700, stretch='normal', size='scalable')) = 10.335
2026-06-02 16:28:18,525 [DEBUG] matplotlib.font_manager: findfont: score(FontEntry(fname='C:\\Users\\danie\\Documents\\VIBE_CODING\\EX2\\.venv\\Lib\\site-packages\\matplotlib\\mpl-data\\fonts\\ttf\\STIXSizTwoSymReg.ttf', name='STIXSizeTwoSym', style='normal', variant='normal', weight=400, stretch='normal', size='scalable')) = 10.05
2026-06-02 16:28:18,525 [DEBUG] matplotlib.font_manager: findfont: score(FontEntry(fname='C:\\Users\\danie\\Documents\\VIBE_CODING\\EX2\\.venv\\Lib\\site-packages\\matplotlib\\mpl-data\\fonts\\ttf\\STIXSizFourSymBol.ttf', name='STIXSizeFourSym', style='normal', variant='normal', weight=700, stretch='normal', size='scalable')) = 10.335
2026-06-02 16:28:18,525 [DEBUG] matplotlib.font_manager: findfont: score(FontEntry(fname='C:\\Users\\danie\\Documents\\VIBE_CODING\\EX2\\.venv\\Lib\\site-packages\\matplotlib\\mpl-data\\fonts\\ttf\\DejaVuSerif-BoldItalic.ttf', name='DejaVu Serif', style='italic', variant='normal', weight=700, stretch='normal', size='scalable')) = 11.335
2026-06-02 16:28:18,525 [DEBUG] matplotlib.font_manager: findfont: score(FontEntry(fname='C:\\Users\\danie\\Documents\\VIBE_CODING\\EX2\\.venv\\Lib\\site-packages\\matplotlib\\mpl-data\\fonts\\ttf\\STIXSizTwoSymBol.ttf', name='STIXSizeTwoSym', style='normal', variant='normal', weight=700, stretch='normal', size='scalable')) = 10.335
2026-06-02 16:28:18,525 [DEBUG] matplotlib.font_manager: findfont: score(FontEntry(fname='C:\\Users\\danie\\Documents\\VIBE_CODING\\EX2\\.venv\\Lib\\site-packages\\matplotlib\\mpl-data\\fonts\\ttf\\STIXSizThreeSymReg.ttf', name='STIXSizeThreeSym', style='normal', variant='normal', weight=400, stretch='normal', size='scalable')) = 10.05
2026-06-02 16:28:18,525 [DEBUG] matplotlib.font_manager: findfont: score(FontEntry(fname='C:\\Users\\danie\\Documents\\VIBE_CODING\\EX2\\.venv\\Lib\\site-packages\\matplotlib\\mpl-data\\fonts\\ttf\\DejaVuSansMono-Bold.ttf', name='DejaVu Sans Mono', style='normal', variant='normal', weight=700, stretch='normal', size='scalable')) = 10.335
2026-06-02 16:28:18,526 [DEBUG] matplotlib.font_manager: findfont: score(FontEntry(fname='C:\\Users\\danie\\Documents\\VIBE_CODING\\EX2\\.venv\\Lib\\site-packages\\matplotlib\\mpl-data\\fonts\\ttf\\STIXGeneral.ttf', name='STIXGeneral', style='normal', variant='normal', weight=400, stretch='normal', size='scalable')) = 10.05
2026-06-02 16:28:18,526 [DEBUG] matplotlib.font_manager: findfont: score(FontEntry(fname='C:\\Users\\danie\\Documents\\VIBE_CODING\\EX2\\.venv\\Lib\\site-packages\\matplotlib\\mpl-data\\fonts\\ttf\\DejaVuSansMono.ttf', name='DejaVu Sans Mono', style='normal', variant='normal', weight=400, stretch='normal', size='scalable')) = 10.05
2026-06-02 16:28:18,526 [DEBUG] matplotlib.font_manager: findfont: score(FontEntry(fname='C:\\Users\\danie\\Documents\\VIBE_CODING\\EX2\\.venv\\Lib\\site-packages\\matplotlib\\mpl-data\\fonts\\ttf\\STIXNonUni.ttf', name='STIXNonUnicode', style='normal', variant='normal', weight=400, stretch='normal', size='scalable')) = 10.05
2026-06-02 16:28:18,526 [DEBUG] matplotlib.font_manager: findfont: score(FontEntry(fname='C:\\Users\\danie\\Documents\\VIBE_CODING\\EX2\\.venv\\Lib\\site-packages\\matplotlib\\mpl-data\\fonts\\ttf\\STIXNonUniBol.ttf', name='STIXNonUnicode', style='normal', variant='normal', weight=700, stretch='normal', size='scalable')) = 10.335
2026-06-02 16:28:18,526 [DEBUG] matplotlib.font_manager: findfont: score(FontEntry(fname='C:\\Users\\danie\\Documents\\VIBE_CODING\\EX2\\.venv\\Lib\\site-packages\\matplotlib\\mpl-data\\fonts\\ttf\\STIXNonUniBolIta.ttf', name='STIXNonUnicode', style='italic', variant='normal', weight=700, stretch='normal', size='scalable')) = 11.335
2026-06-02 16:28:18,526 [DEBUG] matplotlib.font_manager: findfont: score(FontEntry(fname='C:\\Users\\danie\\Documents\\VIBE_CODING\\EX2\\.venv\\Lib\\site-packages\\matplotlib\\mpl-data\\fonts\\ttf\\cmb10.ttf', name='cmb10', style='normal', variant='normal', weight=400, stretch='normal', size='scalable')) = 10.05
2026-06-02 16:28:18,526 [DEBUG] matplotlib.font_manager: findfont: score(FontEntry(fname='C:\\Users\\danie\\Documents\\VIBE_CODING\\EX2\\.venv\\Lib\\site-packages\\matplotlib\\mpl-data\\fonts\\ttf\\STIXSizFiveSymReg.ttf', name='STIXSizeFiveSym', style='normal', variant='normal', weight=400, stretch='normal', size='scalable')) = 10.05
2026-06-02 16:28:18,526 [DEBUG] matplotlib.font_manager: findfont: score(FontEntry(fname='C:\\Users\\danie\\Documents\\VIBE_CODING\\EX2\\.venv\\Lib\\site-packages\\matplotlib\\mpl-data\\fonts\\ttf\\DejaVuSansMono-BoldOblique.ttf', name='DejaVu Sans Mono', style='oblique', variant='normal', weight=700, stretch='normal', size='scalable')) = 11.335
2026-06-02 16:28:18,526 [DEBUG] matplotlib.font_manager: findfont: score(FontEntry(fname='C:\\Users\\danie\\Documents\\VIBE_CODING\\EX2\\.venv\\Lib\\site-packages\\matplotlib\\mpl-data\\fonts\\ttf\\STIXGeneralItalic.ttf', name='STIXGeneral', style='italic', variant='normal', weight=400, stretch='normal', size='scalable')) = 11.05
2026-06-02 16:28:18,526 [DEBUG] matplotlib.font_manager: findfont: score(FontEntry(fname='C:\\Users\\danie\\Documents\\VIBE_CODING\\EX2\\.venv\\Lib\\site-packages\\matplotlib\\mpl-data\\fonts\\ttf\\cmr10.ttf', name='cmr10', style='normal', variant='normal', weight=400, stretch='normal', size='scalable')) = 10.05
2026-06-02 16:28:18,526 [DEBUG] matplotlib.font_manager: findfont: score(FontEntry(fname='C:\\Users\\danie\\Documents\\VIBE_CODING\\EX2\\.venv\\Lib\\site-packages\\matplotlib\\mpl-data\\fonts\\ttf\\STIXGeneralBol.ttf', name='STIXGeneral', style='normal', variant='normal', weight=700, stretch='normal', size='scalable')) = 10.335
2026-06-02 16:28:18,526 [DEBUG] matplotlib.font_manager: findfont: score(FontEntry(fname='C:\\Users\\danie\\Documents\\VIBE_CODING\\EX2\\.venv\\Lib\\site-packages\\matplotlib\\mpl-data\\fonts\\ttf\\cmtt10.ttf', name='cmtt10', style='normal', variant='normal', weight=400, stretch='normal', size='scalable')) = 10.05
2026-06-02 16:28:18,526 [DEBUG] matplotlib.font_manager: findfont: score(FontEntry(fname='C:\\Windows\\Fonts\\BAUHS93.TTF', name='Bauhaus 93', style='normal', variant='normal', weight=400, stretch='normal', size='scalable')) = 10.05
2026-06-02 16:28:18,526 [DEBUG] matplotlib.font_manager: findfont: score(FontEntry(fname='C:\\Windows\\Fonts\\ITCKRIST.TTF', name='Kristen ITC', style='normal', variant='normal', weight=400, stretch='normal', size='scalable')) = 10.05
2026-06-02 16:28:18,526 [DEBUG] matplotlib.font_manager: findfont: score(FontEntry(fname='C:\\Windows\\Fonts\\himalaya.ttf', name='Microsoft Himalaya', style='normal', variant='normal', weight=400, stretch='normal', size='scalable')) = 10.05
2026-06-02 16:28:18,526 [DEBUG] matplotlib.font_manager: findfont: score(FontEntry(fname='C:\\Windows\\Fonts\\ROCKEB.TTF', name='Rockwell Extra Bold', style='normal', variant='normal', weight=800, stretch='normal', size='scalable')) = 10.43
2026-06-02 16:28:18,526 [DEBUG] matplotlib.font_manager: findfont: score(FontEntry(fname='C:\\Windows\\Fonts\\FELIXTI.TTF', name='Felix Titling', style='normal', variant='normal', weight=400, stretch='normal', size='scalable')) = 10.05
2026-06-02 16:28:18,526 [DEBUG] matplotlib.font_manager: findfont: score(FontEntry(fname='C:\\Windows\\Fonts\\ELEPHNT.TTF', name='Elephant', style='normal', variant='normal', weight=400, stretch='normal', size='scalable')) = 10.05
2026-06-02 16:28:18,526 [DEBUG] matplotlib.font_manager: findfont: score(FontEntry(fname='C:\\Windows\\Fonts\\BOD_CB.TTF', name='Bodoni MT', style='normal', variant='normal', weight=700, stretch='condensed', size='scalable')) = 10.535
2026-06-02 16:28:18,526 [DEBUG] matplotlib.font_manager: findfont: score(FontEntry(fname='C:\\Windows\\Fonts\\segoeuisl.ttf', name='Segoe UI', style='normal', variant='normal', weight=350, stretch='normal', size='scalable')) = 10.0975
2026-06-02 16:28:18,526 [DEBUG] matplotlib.font_manager: findfont: score(FontEntry(fname='C:\\Windows\\Fonts\\GILLUBCD.TTF', name='Gill Sans Ultra Bold Condensed', style='normal', variant='normal', weight=400, stretch='condensed', size='scalable')) = 10.25
2026-06-02 16:28:18,526 [DEBUG] matplotlib.font_manager: findfont: score(FontEntry(fname='C:\\Windows\\Fonts\\cambriab.ttf', name='Cambria', style='normal', variant='normal', weight=700, stretch='normal', size='scalable')) = 10.335
2026-06-02 16:28:18,526 [DEBUG] matplotlib.font_manager: findfont: score(FontEntry(fname='C:\\Windows\\Fonts\\DUBAI-BOLD.TTF', name='Dubai', style='normal', variant='normal', weight=700, stretch='normal', size='scalable')) = 10.335
2026-06-02 16:28:18,526 [DEBUG] matplotlib.font_manager: findfont: score(FontEntry(fname='C:\\Windows\\Fonts\\trebuc.ttf', name='Trebuchet MS', style='normal', variant='normal', weight=400, stretch='normal', size='scalable')) = 10.05
2026-06-02 16:28:18,526 [DEBUG] matplotlib.font_manager: findfont: score(FontEntry(fname='C:\\Windows\\Fonts\\javatext.ttf', name='Javanese Text', style='normal', variant='normal', weight=400, stretch='normal', size='scalable')) = 10.05
2026-06-02 16:28:18,527 [DEBUG] matplotlib.font_manager: findfont: score(FontEntry(fname='C:\\Windows\\Fonts\\mingliub.ttc', name='MingLiU-ExtB', style='normal', variant='normal', weight=400, stretch='normal', size='scalable')) = 10.05
2026-06-02 16:28:18,527 [DEBUG] matplotlib.font_manager: findfont: score(FontEntry(fname='C:\\Windows\\Fonts\\AGENCYB.TTF', name='Agency FB', style='normal', variant='normal', weight=700, stretch='normal', size='scalable')) = 10.335
2026-06-02 16:28:18,527 [DEBUG] matplotlib.font_manager: findfont: score(FontEntry(fname='C:\\Windows\\Fonts\\timesi.ttf', name='Times New Roman', style='italic', variant='normal', weight=400, stretch='normal', size='scalable')) = 11.05
2026-06-02 16:28:18,527 [DEBUG] matplotlib.font_manager: findfont: score(FontEntry(fname='C:\\Windows\\Fonts\\BOD_CI.TTF', name='Bodoni MT', style='italic', variant='normal', weight=400, stretch='condensed', size='scalable')) = 11.25
2026-06-02 16:28:18,527 [DEBUG] matplotlib.font_manager: findfont: score(FontEntry(fname='C:\\Windows\\Fonts\\ANTQUAB.TTF', name='Book Antiqua', style='normal', variant='normal', weight=700, stretch='normal', size='scalable')) = 10.335
2026-06-02 16:28:18,527 [DEBUG] matplotlib.font_manager: findfont: score(FontEntry(fname='C:\\Windows\\Fonts\\ahronbd.ttf', name='Aharoni', style='normal', variant='normal', weight=700, stretch='normal', size='scalable')) = 10.335
2026-06-02 16:28:18,527 [DEBUG] matplotlib.font_manager: findfont: score(FontEntry(fname='C:\\Windows\\Fonts\\BRUSHSCI.TTF', name='Brush Script MT', style='italic', variant='normal', weight=400, stretch='normal', size='scalable')) = 11.05
2026-06-02 16:28:18,527 [DEBUG] matplotlib.font_manager: findfont: score(FontEntry(fname='C:\\Windows\\Fonts\\ROCCB___.TTF', name='Rockwell Condensed', style='normal', variant='normal', weight=700, stretch='condensed', size='scalable')) = 10.535
2026-06-02 16:28:18,527 [DEBUG] matplotlib.font_manager: findfont: score(FontEntry(fname='C:\\Windows\\Fonts\\FREESCPT.TTF', name='Freestyle Script', style='normal', variant='normal', weight=400, stretch='normal', size='scalable')) = 10.05
2026-06-02 16:28:18,527 [DEBUG] matplotlib.font_manager: findfont: score(FontEntry(fname='C:\\Windows\\Fonts\\palabi.ttf', name='Palatino Linotype', style='italic', variant='normal', weight=700, stretch='normal', size='scalable')) = 11.335
2026-06-02 16:28:18,527 [DEBUG] matplotlib.font_manager: findfont: score(FontEntry(fname='C:\\Windows\\Fonts\\TCMI____.TTF', name='Tw Cen MT', style='italic', variant='normal', weight=400, stretch='normal', size='scalable')) = 11.05
2026-06-02 16:28:18,527 [DEBUG] matplotlib.font_manager: findfont: score(FontEntry(fname='C:\\Windows\\Fonts\\MTEXTRA.TTF', name='MT Extra', style='normal', variant='normal', weight=400, stretch='normal', size='scalable')) = 10.05
2026-06-02 16:28:18,527 [DEBUG] matplotlib.font_manager: findfont: score(FontEntry(fname='C:\\Windows\\Fonts\\LFAX.TTF', name='Lucida Fax', style='normal', variant='normal', weight=400, stretch='normal', size='scalable')) = 10.05
2026-06-02 16:28:18,527 [DEBUG] matplotlib.font_manager: findfont: score(FontEntry(fname='C:\\Windows\\Fonts\\RAVIE.TTF', name='Ravie', style='normal', variant='normal', weight=400, stretch='normal', size='scalable')) = 10.05
2026-06-02 16:28:18,527 [DEBUG] matplotlib.font_manager: findfont: score(FontEntry(fname='C:\\Windows\\Fonts\\segoescb.ttf', name='Segoe Script', style='normal', variant='normal', weight=700, stretch='normal', size='scalable')) = 10.335
2026-06-02 16:28:18,527 [DEBUG] matplotlib.font_manager: findfont: score(FontEntry(fname='C:\\Windows\\Fonts\\GARA.TTF', name='Garamond', style='normal', variant='normal', weight=400, stretch='normal', size='scalable')) = 10.05
2026-06-02 16:28:18,527 [DEBUG] matplotlib.font_manager: findfont: score(FontEntry(fname='C:\\Windows\\Fonts\\ITCBLKAD.TTF', name='Blackadder ITC', style='normal', variant='normal', weight=400, stretch='normal', size='scalable')) = 10.05
2026-06-02 16:28:18,527 [DEBUG] matplotlib.font_manager: findfont: score(FontEntry(fname='C:\\Windows\\Fonts\\simsun.ttc', name='SimSun', style='normal', variant='normal', weight=400, stretch='normal', size='scalable')) = 10.05
2026-06-02 16:28:18,527 [DEBUG] matplotlib.font_manager: findfont: score(FontEntry(fname='C:\\Windows\\Fonts\\segmdl2.ttf', name='Segoe MDL2 Assets', style='normal', variant='normal', weight=400, stretch='normal', size='scalable')) = 10.05
2026-06-02 16:28:18,527 [DEBUG] matplotlib.font_manager: findfont: score(FontEntry(fname='C:\\Windows\\Fonts\\gishabd.ttf', name='Gisha', style='normal', variant='normal', weight=700, stretch='normal', size='scalable')) = 10.335
2026-06-02 16:28:18,528 [DEBUG] matplotlib.font_manager: findfont: score(FontEntry(fname='C:\\Windows\\Fonts\\CALIFI.TTF', name='Californian FB', style='italic', variant='normal', weight=400, stretch='normal', size='scalable')) = 11.05
2026-06-02 16:28:18,528 [DEBUG] matplotlib.font_manager: findfont: score(FontEntry(fname='C:\\Windows\\Fonts\\verdanaz.ttf', name='Verdana', style='italic', variant='normal', weight=700, stretch='normal', size='scalable')) = 4.971363636363637
2026-06-02 16:28:18,528 [DEBUG] matplotlib.font_manager: findfont: score(FontEntry(fname='C:\\Windows\\Fonts\\MSUIGHUR.TTF', name='Microsoft Uighur', style='normal', variant='normal', weight=400, stretch='normal', size='scalable')) = 10.05
2026-06-02 16:28:18,528 [DEBUG] matplotlib.font_manager: findfont: score(FontEntry(fname='C:\\Windows\\Fonts\\TCCM____.TTF', name='Tw Cen MT Condensed', style='normal', variant='normal', weight=400, stretch='condensed', size='scalable')) = 10.25
2026-06-02 16:28:18,528 [DEBUG] matplotlib.font_manager: findfont: score(FontEntry(fname='C:\\Windows\\Fonts\\segoeuib.ttf', name='Segoe UI', style='normal', variant='normal', weight=700, stretch='normal', size='scalable')) = 10.335
2026-06-02 16:28:18,528 [DEBUG] matplotlib.font_manager: findfont: score(FontEntry(fname='C:\\Windows\\Fonts\\mmrtext.ttf', name='Myanmar Text', style='normal', variant='normal', weight=400, stretch='normal', size='scalable')) = 10.05
2026-06-02 16:28:18,528 [DEBUG] matplotlib.font_manager: findfont: score(FontEntry(fname='C:\\Windows\\Fonts\\symbol.ttf', name='Symbol', style='normal', variant='normal', weight=400, stretch='normal', size='scalable')) = 10.05
2026-06-02 16:28:18,528 [DEBUG] matplotlib.font_manager: findfont: score(FontEntry(fname='C:\\Windows\\Fonts\\ntailub.ttf', name='Microsoft New Tai Lue', style='normal', variant='normal', weight=700, stretch='normal', size='scalable')) = 10.335
2026-06-02 16:28:18,528 [DEBUG] matplotlib.font_manager: findfont: score(FontEntry(fname='C:\\Windows\\Fonts\\LSANS.TTF', name='Lucida Sans', style='normal', variant='normal', weight=400, stretch='normal', size='scalable')) = 10.05
2026-06-02 16:28:18,528 [DEBUG] matplotlib.font_manager: findfont: score(FontEntry(fname='C:\\Windows\\Fonts\\LSANSI.TTF', name='Lucida Sans', style='italic', variant='normal', weight=400, stretch='normal', size='scalable')) = 11.05
2026-06-02 16:28:18,528 [DEBUG] matplotlib.font_manager: findfont: score(FontEntry(fname='C:\\Windows\\Fonts\\MAGNETOB.TTF', name='Magneto', style='normal', variant='normal', weight=700, stretch='normal', size='scalable')) = 10.335
2026-06-02 16:28:18,528 [DEBUG] matplotlib.font_manager: findfont: score(FontEntry(fname='C:\\Windows\\Fonts\\POORICH.TTF', name='Poor Richard', style='normal', variant='normal', weight=400, stretch='normal', size='scalable')) = 10.05
2026-06-02 16:28:18,528 [DEBUG] matplotlib.font_manager: findfont: score(FontEntry(fname='C:\\Windows\\Fonts\\PARCHM.TTF', name='Parchment', style='normal', variant='normal', weight=400, stretch='normal', size='scalable')) = 10.05
2026-06-02 16:28:18,528 [DEBUG] matplotlib.font_manager: findfont: score(FontEntry(fname='C:\\Windows\\Fonts\\nrkis.ttf', name='Narkisim', style='normal', variant='normal', weight=400, stretch='normal', size='scalable')) = 10.05
2026-06-02 16:28:18,528 [DEBUG] matplotlib.font_manager: findfont: score(FontEntry(fname='C:\\Windows\\Fonts\\consolab.ttf', name='Consolas', style='normal', variant='normal', weight=700, stretch='normal', size='scalable')) = 10.335
2026-06-02 16:28:18,528 [DEBUG] matplotlib.font_manager: findfont: score(FontEntry(fname='C:\\Windows\\Fonts\\BOD_I.TTF', name='Bodoni MT', style='italic', variant='normal', weight=400, stretch='normal', size='scalable')) = 11.05
2026-06-02 16:28:18,528 [DEBUG] matplotlib.font_manager: findfont: score(FontEntry(fname='C:\\Windows\\Fonts\\GOUDOSB.TTF', name='Goudy Old Style', style='normal', variant='normal', weight=700, stretch='normal', size='scalable')) = 10.335
2026-06-02 16:28:18,528 [DEBUG] matplotlib.font_manager: findfont: score(FontEntry(fname='C:\\Windows\\Fonts\\ariblk.ttf', name='Arial', style='normal', variant='normal', weight=900, stretch='normal', size='scalable')) = 6.888636363636364
2026-06-02 16:28:18,528 [DEBUG] matplotlib.font_manager: findfont: score(FontEntry(fname='C:\\Windows\\Fonts\\SimsunExtG.ttf', name='SimSun-ExtG', style='normal', variant='normal', weight=400, stretch='normal', size='scalable')) = 10.05
2026-06-02 16:28:18,528 [DEBUG] matplotlib.font_manager: findfont: score(FontEntry(fname='C:\\Windows\\Fonts\\Nirmala.ttc', name='Nirmala UI', style='normal', variant='normal', weight=400, stretch='normal', size='scalable')) = 10.05
2026-06-02 16:28:18,529 [DEBUG] matplotlib.font_manager: findfont: score(FontEntry(fname='C:\\Windows\\Fonts\\PERBI___.TTF', name='Perpetua', style='italic', variant='normal', weight=700, stretch='normal', size='scalable')) = 11.335
2026-06-02 16:28:18,529 [DEBUG] matplotlib.font_manager: findfont: score(FontEntry(fname='C:\\Windows\\Fonts\\COPRGTB.TTF', name='Copperplate Gothic Bold', style='normal', variant='normal', weight=400, stretch='normal', size='scalable')) = 10.05
2026-06-02 16:28:18,529 [DEBUG] matplotlib.font_manager: findfont: score(FontEntry(fname='C:\\Windows\\Fonts\\ITCEDSCR.TTF', name='Edwardian Script ITC', style='normal', variant='normal', weight=400, stretch='normal', size='scalable')) = 10.05
2026-06-02 16:28:18,529 [DEBUG] matplotlib.font_manager: findfont: score(FontEntry(fname='C:\\Windows\\Fonts\\FRADMCN.TTF', name='Franklin Gothic Demi Cond', style='normal', variant='normal', weight=400, stretch='condensed', size='scalable')) = 10.25
2026-06-02 16:28:18,529 [DEBUG] matplotlib.font_manager: findfont: score(FontEntry(fname='C:\\Windows\\Fonts\\BSSYM7.TTF', name='Bookshelf Symbol 7', style='normal', variant='normal', weight=400, stretch='normal', size='scalable')) = 10.05
2026-06-02 16:28:18,529 [DEBUG] matplotlib.font_manager: findfont: score(FontEntry(fname='C:\\Windows\\Fonts\\GILSANUB.TTF', name='Gill Sans Ultra Bold', style='normal', variant='normal', weight=400, stretch='normal', size='scalable')) = 10.05
2026-06-02 16:28:18,529 [DEBUG] matplotlib.font_manager: findfont: score(FontEntry(fname='C:\\Windows\\Fonts\\FRADM.TTF', name='Franklin Gothic Demi', style='normal', variant='normal', weight=400, stretch='normal', size='scalable')) = 10.05
2026-06-02 16:28:18,529 [DEBUG] matplotlib.font_manager: findfont: score(FontEntry(fname='C:\\Windows\\Fonts\\malgunsl.ttf', name='Malgun Gothic', style='normal', variant='normal', weight=300, stretch='normal', size='scalable')) = 10.145
2026-06-02 16:28:18,529 [DEBUG] matplotlib.font_manager: findfont: score(FontEntry(fname='C:\\Windows\\Fonts\\calibriz.ttf', name='Calibri', style='italic', variant='normal', weight=700, stretch='normal', size='scalable')) = 11.335
2026-06-02 16:28:18,529 [DEBUG] matplotlib.font_manager: findfont: score(FontEntry(fname='C:\\Windows\\Fonts\\corbel.ttf', name='Corbel', style='normal', variant='normal', weight=400, stretch='normal', size='scalable')) = 10.05
2026-06-02 16:28:18,529 [DEBUG] matplotlib.font_manager: findfont: score(FontEntry(fname='C:\\Windows\\Fonts\\ENGR.TTF', name='Engravers MT', style='normal', variant='normal', weight=500, stretch='normal', size='scalable')) = 10.145
2026-06-02 16:28:18,529 [DEBUG] matplotlib.font_manager: findfont: score(FontEntry(fname='C:\\Windows\\Fonts\\seguihis.ttf', name='Segoe UI Historic', style='normal', variant='normal', weight=400, stretch='normal', size='scalable')) = 10.05
2026-06-02 16:28:18,529 [DEBUG] matplotlib.font_manager: findfont: score(FontEntry(fname='C:\\Windows\\Fonts\\ERASMD.TTF', name='Eras Medium ITC', style='normal', variant='normal', weight=400, stretch='normal', size='scalable')) = 10.05
2026-06-02 16:28:18,529 [DEBUG] matplotlib.font_manager: findfont: score(FontEntry(fname='C:\\Windows\\Fonts\\comic.ttf', name='Comic Sans MS', style='normal', variant='normal', weight=400, stretch='normal', size='scalable')) = 10.05
2026-06-02 16:28:18,529 [DEBUG] matplotlib.font_manager: findfont: score(FontEntry(fname='C:\\Windows\\Fonts\\FRAHV.TTF', name='Franklin Gothic Heavy', style='normal', variant='normal', weight=400, stretch='normal', size='scalable')) = 10.05
2026-06-02 16:28:18,529 [DEBUG] matplotlib.font_manager: findfont: score(FontEntry(fname='C:\\Windows\\Fonts\\webdings.ttf', name='Webdings', style='normal', variant='normal', weight=400, stretch='normal', size='scalable')) = 10.05
2026-06-02 16:28:18,529 [DEBUG] matplotlib.font_manager: findfont: score(FontEntry(fname='C:\\Windows\\Fonts\\BOOKOS.TTF', name='Bookman Old Style', style='normal', variant='normal', weight=300, stretch='normal', size='scalable')) = 10.145
2026-06-02 16:28:18,529 [DEBUG] matplotlib.font_manager: findfont: score(FontEntry(fname='C:\\Windows\\Fonts\\consola.ttf', name='Consolas', style='normal', variant='normal', weight=400, stretch='normal', size='scalable')) = 10.05
2026-06-02 16:28:18,529 [DEBUG] matplotlib.font_manager: findfont: score(FontEntry(fname='C:\\Windows\\Fonts\\PER_____.TTF', name='Perpetua', style='normal', variant='normal', weight=400, stretch='normal', size='scalable')) = 10.05
2026-06-02 16:28:18,529 [DEBUG] matplotlib.font_manager: findfont: score(FontEntry(fname='C:\\Windows\\Fonts\\PALSCRI.TTF', name='Palace Script MT', style='normal', variant='normal', weight=400, stretch='normal', size='scalable')) = 10.05
2026-06-02 16:28:18,529 [DEBUG] matplotlib.font_manager: findfont: score(FontEntry(fname='C:\\Windows\\Fonts\\NIAGSOL.TTF', name='Niagara Solid', style='normal', variant='normal', weight=400, stretch='normal', size='scalable')) = 10.05
2026-06-02 16:28:18,529 [DEBUG] matplotlib.font_manager: findfont: score(FontEntry(fname='C:\\Windows\\Fonts\\CALIFR.TTF', name='Californian FB', style='normal', variant='normal', weight=400, stretch='normal', size='scalable')) = 10.05
2026-06-02 16:28:18,529 [DEBUG] matplotlib.font_manager: findfont: score(FontEntry(fname='C:\\Windows\\Fonts\\GARAIT.TTF', name='Garamond', style='italic', variant='normal', weight=400, stretch='normal', size='scalable')) = 11.05
2026-06-02 16:28:18,529 [DEBUG] matplotlib.font_manager: findfont: score(FontEntry(fname='C:\\Windows\\Fonts\\OUTLOOK.TTF', name='MS Outlook', style='normal', variant='normal', weight=400, stretch='normal', size='scalable')) = 10.05
2026-06-02 16:28:18,529 [DEBUG] matplotlib.font_manager: findfont: score(FontEntry(fname='C:\\Windows\\Fonts\\BOD_CR.TTF', name='Bodoni MT', style='normal', variant='normal', weight=400, stretch='condensed', size='scalable')) = 10.25
2026-06-02 16:28:18,530 [DEBUG] matplotlib.font_manager: findfont: score(FontEntry(fname='C:\\Windows\\Fonts\\ALGER.TTF', name='Algerian', style='normal', variant='normal', weight=400, stretch='normal', size='scalable')) = 10.05
2026-06-02 16:28:18,530 [DEBUG] matplotlib.font_manager: findfont: score(FontEntry(fname='C:\\Windows\\Fonts\\ROCKI.TTF', name='Rockwell', style='italic', variant='normal', weight=400, stretch='normal', size='scalable')) = 11.05
2026-06-02 16:28:18,530 [DEBUG] matplotlib.font_manager: findfont: score(FontEntry(fname='C:\\Windows\\Fonts\\couri.ttf', name='Courier New', style='italic', variant='normal', weight=400, stretch='normal', size='scalable')) = 11.05
2026-06-02 16:28:18,530 [DEBUG] matplotlib.font_manager: findfont: score(FontEntry(fname='C:\\Windows\\Fonts\\TEMPSITC.TTF', name='Tempus Sans ITC', style='normal', variant='normal', weight=400, stretch='normal', size='scalable')) = 10.05
2026-06-02 16:28:18,530 [DEBUG] matplotlib.font_manager: findfont: score(FontEntry(fname='C:\\Windows\\Fonts\\ROCC____.TTF', name='Rockwell Condensed', style='normal', variant='normal', weight=400, stretch='condensed', size='scalable')) = 10.25
2026-06-02 16:28:18,530 [DEBUG] matplotlib.font_manager: findfont: score(FontEntry(fname='C:\\Windows\\Fonts\\LFAXI.TTF', name='Lucida Fax', style='italic', variant='normal', weight=400, stretch='normal', size='scalable')) = 11.05
2026-06-02 16:28:18,530 [DEBUG] matplotlib.font_manager: findfont: score(FontEntry(fname='C:\\Windows\\Fonts\\CURLZ___.TTF', name='Curlz MT', style='normal', variant='normal', weight=400, stretch='normal', size='scalable')) = 10.05
2026-06-02 16:28:18,530 [DEBUG] matplotlib.font_manager: findfont: score(FontEntry(fname='C:\\Windows\\Fonts\\BERNHC.TTF', name='Bernard MT Condensed', style='normal', variant='normal', weight=400, stretch='condensed', size='scalable')) = 10.25
2026-06-02 16:28:18,530 [DEBUG] matplotlib.font_manager: findfont: score(FontEntry(fname='C:\\Windows\\Fonts\\GOTHICB.TTF', name='Century Gothic', style='normal', variant='normal', weight=700, stretch='normal', size='scalable')) = 10.335
2026-06-02 16:28:18,530 [DEBUG] matplotlib.font_manager: findfont: score(FontEntry(fname='C:\\Windows\\Fonts\\davidbd.ttf', name='David', style='normal', variant='normal', weight=700, stretch='normal', size='scalable')) = 10.335
2026-06-02 16:28:18,530 [DEBUG] matplotlib.font_manager: findfont: score(FontEntry(fname='C:\\Windows\\Fonts\\GIGI.TTF', name='Gigi', style='normal', variant='normal', weight=400, stretch='normal', size='scalable')) = 10.05
2026-06-02 16:28:18,530 [DEBUG] matplotlib.font_manager: findfont: score(FontEntry(fname='C:\\Windows\\Fonts\\PERTIBD.TTF', name='Perpetua Titling MT', style='normal', variant='normal', weight=700, stretch='normal', size='scalable')) = 10.335
2026-06-02 16:28:18,530 [DEBUG] matplotlib.font_manager: findfont: score(FontEntry(fname='C:\\Windows\\Fonts\\ERASLGHT.TTF', name='Eras Light ITC', style='normal', variant='normal', weight=400, stretch='normal', size='scalable')) = 10.05
2026-06-02 16:28:18,530 [DEBUG] matplotlib.font_manager: findfont: score(FontEntry(fname='C:\\Windows\\Fonts\\GILI____.TTF', name='Gill Sans MT', style='italic', variant='normal', weight=400, stretch='normal', size='scalable')) = 11.05
2026-06-02 16:28:18,530 [DEBUG] matplotlib.font_manager: findfont: score(FontEntry(fname='C:\\Windows\\Fonts\\arialbd.ttf', name='Arial', style='normal', variant='normal', weight=700, stretch='normal', size='scalable')) = 6.698636363636363
2026-06-02 16:28:18,530 [DEBUG] matplotlib.font_manager: findfont: score(FontEntry(fname='C:\\Windows\\Fonts\\CASTELAR.TTF', name='Castellar', style='normal', variant='normal', weight=400, stretch='normal', size='scalable')) = 10.05
2026-06-02 16:28:18,530 [DEBUG] matplotlib.font_manager: findfont: score(FontEntry(fname='C:\\Windows\\Fonts\\BKANT.TTF', name='Book Antiqua', style='normal', variant='normal', weight=400, stretch='normal', size='scalable')) = 10.05
2026-06-02 16:28:18,530 [DEBUG] matplotlib.font_manager: findfont: score(FontEntry(fname='C:\\Windows\\Fonts\\FORTE.TTF', name='Forte', style='normal', variant='normal', weight=400, stretch='normal', size='scalable')) = 10.05
2026-06-02 16:28:18,530 [DEBUG] matplotlib.font_manager: findfont: score(FontEntry(fname='C:\\Windows\\Fonts\\GLECB.TTF', name='Gloucester MT Extra Condensed', style='normal', variant='normal', weight=400, stretch='condensed', size='scalable')) = 10.25
2026-06-02 16:28:18,530 [DEBUG] matplotlib.font_manager: findfont: score(FontEntry(fname='C:\\Windows\\Fonts\\HATTEN.TTF', name='Haettenschweiler', style='normal', variant='normal', weight=400, stretch='normal', size='scalable')) = 10.05
2026-06-02 16:28:18,530 [DEBUG] matplotlib.font_manager: findfont: score(FontEntry(fname='C:\\Windows\\Fonts\\BRLNSDB.TTF', name='Berlin Sans FB Demi', style='normal', variant='normal', weight=700, stretch='normal', size='scalable')) = 10.335
2026-06-02 16:28:18,530 [DEBUG] matplotlib.font_manager: findfont: score(FontEntry(fname='C:\\Windows\\Fonts\\SansSerifCollection.ttf', name='Sans Serif Collection', style='normal', variant='normal', weight=400, stretch='normal', size='scalable')) = 10.05
2026-06-02 16:28:18,530 [DEBUG] matplotlib.font_manager: findfont: score(FontEntry(fname='C:\\Windows\\Fonts\\TCM_____.TTF', name='Tw Cen MT', style='normal', variant='normal', weight=400, stretch='normal', size='scalable')) = 10.05
2026-06-02 16:28:18,530 [DEBUG] matplotlib.font_manager: findfont: score(FontEntry(fname='C:\\Windows\\Fonts\\GOUDYSTO.TTF', name='Goudy Stout', style='normal', variant='normal', weight=400, stretch='normal', size='scalable')) = 10.05
2026-06-02 16:28:18,530 [DEBUG] matplotlib.font_manager: findfont: score(FontEntry(fname='C:\\Windows\\Fonts\\timesbi.ttf', name='Times New Roman', style='italic', variant='normal', weight=700, stretch='normal', size='scalable')) = 11.335
2026-06-02 16:28:18,530 [DEBUG] matplotlib.font_manager: findfont: score(FontEntry(fname='C:\\Windows\\Fonts\\PERI____.TTF', name='Perpetua', style='italic', variant='normal', weight=400, stretch='normal', size='scalable')) = 11.05
2026-06-02 16:28:18,531 [DEBUG] matplotlib.font_manager: findfont: score(FontEntry(fname='C:\\Windows\\Fonts\\KUNSTLER.TTF', name='Kunstler Script', style='normal', variant='normal', weight=400, stretch='normal', size='scalable')) = 10.05
2026-06-02 16:28:18,531 [DEBUG] matplotlib.font_manager: findfont: score(FontEntry(fname='C:\\Windows\\Fonts\\frank.ttf', name='FrankRuehl', style='normal', variant='normal', weight=400, stretch='normal', size='scalable')) = 10.05
2026-06-02 16:28:18,531 [DEBUG] matplotlib.font_manager: findfont: score(FontEntry(fname='C:\\Windows\\Fonts\\GOUDOS.TTF', name='Goudy Old Style', style='normal', variant='normal', weight=400, stretch='normal', size='scalable')) = 10.05
2026-06-02 16:28:18,531 [DEBUG] matplotlib.font_manager: findfont: score(FontEntry(fname='C:\\Windows\\Fonts\\BOD_B.TTF', name='Bodoni MT', style='normal', variant='normal', weight=700, stretch='normal', size='scalable')) = 10.335
2026-06-02 16:28:18,531 [DEBUG] matplotlib.font_manager: findfont: score(FontEntry(fname='C:\\Windows\\Fonts\\trebucbd.ttf', name='Trebuchet MS', style='normal', variant='normal', weight=700, stretch='normal', size='scalable')) = 10.335
2026-06-02 16:28:18,531 [DEBUG] matplotlib.font_manager: findfont: score(FontEntry(fname='C:\\Windows\\Fonts\\seguisb.ttf', name='Segoe UI', style='normal', variant='normal', weight=600, stretch='normal', size='scalable')) = 10.24
2026-06-02 16:28:18,531 [DEBUG] matplotlib.font_manager: findfont: score(FontEntry(fname='C:\\Windows\\Fonts\\segoesc.ttf', name='Segoe Script', style='normal', variant='normal', weight=400, stretch='normal', size='scalable')) = 10.05
2026-06-02 16:28:18,531 [DEBUG] matplotlib.font_manager: findfont: score(FontEntry(fname='C:\\Windows\\Fonts\\Candara.ttf', name='Candara', style='normal', variant='normal', weight=400, stretch='normal', size='scalable')) = 10.05
2026-06-02 16:28:18,531 [DEBUG] matplotlib.font_manager: findfont: score(FontEntry(fname='C:\\Windows\\Fonts\\OCRAEXT.TTF', name='OCR A Extended', style='normal', variant='normal', weight=400, stretch='expanded', size='scalable')) = 10.25
2026-06-02 16:28:18,531 [DEBUG] matplotlib.font_manager: findfont: score(FontEntry(fname='C:\\Windows\\Fonts\\taile.ttf', name='Microsoft Tai Le', style='normal', variant='normal', weight=400, stretch='normal', size='scalable')) = 10.05
2026-06-02 16:28:18,531 [DEBUG] matplotlib.font_manager: findfont: score(FontEntry(fname='C:\\Windows\\Fonts\\MISTRAL.TTF', name='Mistral', style='normal', variant='normal', weight=400, stretch='normal', size='scalable')) = 10.05
2026-06-02 16:28:18,531 [DEBUG] matplotlib.font_manager: findfont: score(FontEntry(fname='C:\\Windows\\Fonts\\GOTHIC.TTF', name='Century Gothic', style='normal', variant='normal', weight=400, stretch='normal', size='scalable')) = 10.05
2026-06-02 16:28:18,531 [DEBUG] matplotlib.font_manager: findfont: score(FontEntry(fname='C:\\Windows\\Fonts\\arialbi.ttf', name='Arial', style='italic', variant='normal', weight=700, stretch='normal', size='scalable')) = 7.698636363636363
2026-06-02 16:28:18,531 [DEBUG] matplotlib.font_manager: findfont: score(FontEntry(fname='C:\\Windows\\Fonts\\Gabriola.ttf', name='Gabriola', style='normal', variant='normal', weight=400, stretch='normal', size='scalable')) = 10.05
2026-06-02 16:28:18,531 [DEBUG] matplotlib.font_manager: findfont: score(FontEntry(fname='C:\\Windows\\Fonts\\georgia.ttf', name='Georgia', style='normal', variant='normal', weight=400, stretch='normal', size='scalable')) = 10.05
2026-06-02 16:28:18,531 [DEBUG] matplotlib.font_manager: findfont: score(FontEntry(fname='C:\\Windows\\Fonts\\BOD_CBI.TTF', name='Bodoni MT', style='italic', variant='normal', weight=700, stretch='condensed', size='scalable')) = 11.535
2026-06-02 16:28:18,531 [DEBUG] matplotlib.font_manager: findfont: score(FontEntry(fname='C:\\Windows\\Fonts\\SCHLBKB.TTF', name='Century Schoolbook', style='normal', variant='normal', weight=700, stretch='normal', size='scalable')) = 10.335
2026-06-02 16:28:18,531 [DEBUG] matplotlib.font_manager: findfont: score(FontEntry(fname='C:\\Windows\\Fonts\\taileb.ttf', name='Microsoft Tai Le', style='normal', variant='normal', weight=700, stretch='normal', size='scalable')) = 10.335
2026-06-02 16:28:18,531 [DEBUG] matplotlib.font_manager: findfont: score(FontEntry(fname='C:\\Windows\\Fonts\\tahoma.ttf', name='Tahoma', style='normal', variant='normal', weight=400, stretch='normal', size='scalable')) = 10.05
2026-06-02 16:28:18,531 [DEBUG] matplotlib.font_manager: findfont: score(FontEntry(fname='C:\\Windows\\Fonts\\MOD20.TTF', name='Modern No. 20', style='normal', variant='normal', weight=400, stretch='normal', size='scalable')) = 10.05
2026-06-02 16:28:18,531 [DEBUG] matplotlib.font_manager: findfont: score(FontEntry(fname='C:\\Windows\\Fonts\\verdana.ttf', name='Verdana', style='normal', variant='normal', weight=400, stretch='normal', size='scalable')) = 3.6863636363636365
2026-06-02 16:28:18,531 [DEBUG] matplotlib.font_manager: findfont: score(FontEntry(fname='C:\\Windows\\Fonts\\corbelz.ttf', name='Corbel', style='italic', variant='normal', weight=700, stretch='normal', size='scalable')) = 11.335
2026-06-02 16:28:18,531 [DEBUG] matplotlib.font_manager: findfont: score(FontEntry(fname='C:\\Windows\\Fonts\\comicz.ttf', name='Comic Sans MS', style='italic', variant='normal', weight=700, stretch='normal', size='scalable')) = 11.335
2026-06-02 16:28:18,531 [DEBUG] matplotlib.font_manager: findfont: score(FontEntry(fname='C:\\Windows\\Fonts\\CALIST.TTF', name='Calisto MT', style='normal', variant='normal', weight=400, stretch='normal', size='scalable')) = 10.05
2026-06-02 16:28:18,531 [DEBUG] matplotlib.font_manager: findfont: score(FontEntry(fname='C:\\Windows\\Fonts\\seguisbi.ttf', name='Segoe UI', style='italic', variant='normal', weight=600, stretch='normal', size='scalable')) = 11.24
2026-06-02 16:28:18,531 [DEBUG] matplotlib.font_manager: findfont: score(FontEntry(fname='C:\\Windows\\Fonts\\PERB____.TTF', name='Perpetua', style='normal', variant='normal', weight=700, stretch='normal', size='scalable')) = 10.335
2026-06-02 16:28:18,532 [DEBUG] matplotlib.font_manager: findfont: score(FontEntry(fname='C:\\Windows\\Fonts\\ARIALNB.TTF', name='Arial', style='normal', variant='normal', weight=700, stretch='condensed', size='scalable')) = 6.8986363636363635
2026-06-02 16:28:18,532 [DEBUG] matplotlib.font_manager: findfont: score(FontEntry(fname='C:\\Windows\\Fonts\\constanb.ttf', name='Constantia', style='normal', variant='normal', weight=700, stretch='normal', size='scalable')) = 10.335
2026-06-02 16:28:18,532 [DEBUG] matplotlib.font_manager: findfont: score(FontEntry(fname='C:\\Windows\\Fonts\\YuGothB.ttc', name='Yu Gothic', style='normal', variant='normal', weight=700, stretch='normal', size='scalable')) = 10.335
2026-06-02 16:28:18,532 [DEBUG] matplotlib.font_manager: findfont: score(FontEntry(fname='C:\\Windows\\Fonts\\OLDENGL.TTF', name='Old English Text MT', style='normal', variant='normal', weight=400, stretch='normal', size='scalable')) = 10.05
2026-06-02 16:28:18,532 [DEBUG] matplotlib.font_manager: findfont: score(FontEntry(fname='C:\\Windows\\Fonts\\LFAXDI.TTF', name='Lucida Fax', style='italic', variant='normal', weight=600, stretch='normal', size='scalable')) = 11.24
2026-06-02 16:28:18,532 [DEBUG] matplotlib.font_manager: findfont: score(FontEntry(fname='C:\\Windows\\Fonts\\REFSPCL.TTF', name='MS Reference Specialty', style='normal', variant='normal', weight=400, stretch='normal', size='scalable')) = 10.05
2026-06-02 16:28:18,532 [DEBUG] matplotlib.font_manager: findfont: score(FontEntry(fname='C:\\Windows\\Fonts\\MAIAN.TTF', name='Maiandra GD', style='normal', variant='normal', weight=400, stretch='normal', size='scalable')) = 10.05
2026-06-02 16:28:18,532 [DEBUG] matplotlib.font_manager: findfont: score(FontEntry(fname='C:\\Windows\\Fonts\\palai.ttf', name='Palatino Linotype', style='italic', variant='normal', weight=400, stretch='normal', size='scalable')) = 11.05
2026-06-02 16:28:18,532 [DEBUG] matplotlib.font_manager: findfont: score(FontEntry(fname='C:\\Windows\\Fonts\\SitkaVF.ttf', name='Sitka', style='normal', variant='normal', weight=400, stretch='normal', size='scalable')) = 10.05
2026-06-02 16:28:18,532 [DEBUG] matplotlib.font_manager: findfont: score(FontEntry(fname='C:\\Windows\\Fonts\\BRITANIC.TTF', name='Britannic Bold', style='normal', variant='normal', weight=400, stretch='normal', size='scalable')) = 10.05
2026-06-02 16:28:18,532 [DEBUG] matplotlib.font_manager: findfont: score(FontEntry(fname='C:\\Windows\\Fonts\\seguibli.ttf', name='Segoe UI', style='italic', variant='normal', weight=900, stretch='normal', size='scalable')) = 11.525
2026-06-02 16:28:18,532 [DEBUG] matplotlib.font_manager: findfont: score(FontEntry(fname='C:\\Windows\\Fonts\\georgiab.ttf', name='Georgia', style='normal', variant='normal', weight=700, stretch='normal', size='scalable')) = 10.335
2026-06-02 16:28:18,532 [DEBUG] matplotlib.font_manager: findfont: score(FontEntry(fname='C:\\Windows\\Fonts\\TCB_____.TTF', name='Tw Cen MT', style='normal', variant='normal', weight=700, stretch='normal', size='scalable')) = 10.335
2026-06-02 16:28:18,532 [DEBUG] matplotlib.font_manager: findfont: score(FontEntry(fname='C:\\Windows\\Fonts\\msyhl.ttc', name='Microsoft YaHei', style='normal', variant='normal', weight=290, stretch='normal', size='scalable')) = 10.1545
2026-06-02 16:28:18,532 [DEBUG] matplotlib.font_manager: findfont: score(FontEntry(fname='C:\\Windows\\Fonts\\msyi.ttf', name='Microsoft Yi Baiti', style='normal', variant='normal', weight=400, stretch='normal', size='scalable')) = 10.05
2026-06-02 16:28:18,532 [DEBUG] matplotlib.font_manager: findfont: score(FontEntry(fname='C:\\Windows\\Fonts\\courbi.ttf', name='Courier New', style='italic', variant='normal', weight=700, stretch='normal', size='scalable')) = 11.335
2026-06-02 16:28:18,532 [DEBUG] matplotlib.font_manager: findfont: score(FontEntry(fname='C:\\Windows\\Fonts\\SCHLBKBI.TTF', name='Century Schoolbook', style='italic', variant='normal', weight=700, stretch='normal', size='scalable')) = 11.335
2026-06-02 16:28:18,532 [DEBUG] matplotlib.font_manager: findfont: score(FontEntry(fname='C:\\Windows\\Fonts\\seguiemj.ttf', name='Segoe UI Emoji', style='normal', variant='normal', weight=400, stretch='normal', size='scalable')) = 10.05
2026-06-02 16:28:18,532 [DEBUG] matplotlib.font_manager: findfont: score(FontEntry(fname='C:\\Windows\\Fonts\\ARIALNI.TTF', name='Arial', style='italic', variant='normal', weight=400, stretch='condensed', size='scalable')) = 7.613636363636363
2026-06-02 16:28:18,532 [DEBUG] matplotlib.font_manager: findfont: score(FontEntry(fname='C:\\Windows\\Fonts\\comici.ttf', name='Comic Sans MS', style='italic', variant='normal', weight=400, stretch='normal', size='scalable')) = 11.05
2026-06-02 16:28:18,532 [DEBUG] matplotlib.font_manager: findfont: score(FontEntry(fname='C:\\Windows\\Fonts\\david.ttf', name='David', style='normal', variant='normal', weight=400, stretch='normal', size='scalable')) = 10.05
2026-06-02 16:28:18,532 [DEBUG] matplotlib.font_manager: findfont: score(FontEntry(fname='C:\\Windows\\Fonts\\consolai.ttf', name='Consolas', style='italic', variant='normal', weight=400, stretch='normal', size='scalable')) = 11.05
2026-06-02 16:28:18,532 [DEBUG] matplotlib.font_manager: findfont: score(FontEntry(fname='C:\\Windows\\Fonts\\CALISTBI.TTF', name='Calisto MT', style='italic', variant='normal', weight=700, stretch='normal', size='scalable')) = 11.335
2026-06-02 16:28:18,532 [DEBUG] matplotlib.font_manager: findfont: score(FontEntry(fname='C:\\Windows\\Fonts\\cour.ttf', name='Courier New', style='normal', variant='normal', weight=400, stretch='normal', size='scalable')) = 10.05
2026-06-02 16:28:18,532 [DEBUG] matplotlib.font_manager: findfont: score(FontEntry(fname='C:\\Windows\\Fonts\\arial.ttf', name='Arial', style='normal', variant='normal', weight=400, stretch='normal', size='scalable')) = 6.413636363636363
2026-06-02 16:28:18,533 [DEBUG] matplotlib.font_manager: findfont: score(FontEntry(fname='C:\\Windows\\Fonts\\corbelb.ttf', name='Corbel', style='normal', variant='normal', weight=700, stretch='normal', size='scalable')) = 10.335
2026-06-02 16:28:18,533 [DEBUG] matplotlib.font_manager: findfont: score(FontEntry(fname='C:\\Windows\\Fonts\\sylfaen.ttf', name='Sylfaen', style='normal', variant='normal', weight=400, stretch='normal', size='scalable')) = 10.05
2026-06-02 16:28:18,533 [DEBUG] matplotlib.font_manager: findfont: score(FontEntry(fname='C:\\Windows\\Fonts\\ebrima.ttf', name='Ebrima', style='normal', variant='normal', weight=400, stretch='normal', size='scalable')) = 10.05
2026-06-02 16:28:18,533 [DEBUG] matplotlib.font_manager: findfont: score(FontEntry(fname='C:\\Windows\\Fonts\\BOD_BLAR.TTF', name='Bodoni MT', style='normal', variant='normal', weight=900, stretch='normal', size='scalable')) = 10.525
2026-06-02 16:28:18,533 [DEBUG] matplotlib.font_manager: findfont: score(FontEntry(fname='C:\\Windows\\Fonts\\impact.ttf', name='Impact', style='normal', variant='normal', weight=400, stretch='normal', size='scalable')) = 10.05
2026-06-02 16:28:18,533 [DEBUG] matplotlib.font_manager: findfont: score(FontEntry(fname='C:\\Windows\\Fonts\\seguibl.ttf', name='Segoe UI', style='normal', variant='normal', weight=900, stretch='normal', size='scalable')) = 10.525
2026-06-02 16:28:18,533 [DEBUG] matplotlib.font_manager: findfont: score(FontEntry(fname='C:\\Windows\\Fonts\\GARABD.TTF', name='Garamond', style='normal', variant='normal', weight=700, stretch='normal', size='scalable')) = 10.335
2026-06-02 16:28:18,533 [DEBUG] matplotlib.font_manager: findfont: score(FontEntry(fname='C:\\Windows\\Fonts\\LTYPEBO.TTF', name='Lucida Sans Typewriter', style='oblique', variant='normal', weight=600, stretch='normal', size='scalable')) = 11.24
2026-06-02 16:28:18,533 [DEBUG] matplotlib.font_manager: findfont: score(FontEntry(fname='C:\\Windows\\Fonts\\calibrili.ttf', name='Calibri', style='italic', variant='normal', weight=300, stretch='normal', size='scalable')) = 11.145
2026-06-02 16:28:18,533 [DEBUG] matplotlib.font_manager: findfont: score(FontEntry(fname='C:\\Windows\\Fonts\\HTOWERT.TTF', name='High Tower Text', style='normal', variant='normal', weight=400, stretch='normal', size='scalable')) = 10.05
2026-06-02 16:28:18,533 [DEBUG] matplotlib.font_manager: findfont: score(FontEntry(fname='C:\\Windows\\Fonts\\corbeli.ttf', name='Corbel', style='italic', variant='normal', weight=400, stretch='normal', size='scalable')) = 11.05
2026-06-02 16:28:18,533 [DEBUG] matplotlib.font_manager: findfont: score(FontEntry(fname='C:\\Windows\\Fonts\\Inkfree.ttf', name='Ink Free', style='normal', variant='normal', weight=400, stretch='normal', size='scalable')) = 10.05
2026-06-02 16:28:18,533 [DEBUG] matplotlib.font_manager: findfont: score(FontEntry(fname='C:\\Windows\\Fonts\\BOOKOSB.TTF', name='Bookman Old Style', style='normal', variant='normal', weight=600, stretch='normal', size='scalable')) = 10.24
2026-06-02 16:28:18,533 [DEBUG] matplotlib.font_manager: findfont: score(FontEntry(fname='C:\\Windows\\Fonts\\CENSCBK.TTF', name='Century Schoolbook', style='normal', variant='normal', weight=400, stretch='normal', size='scalable')) = 10.05
2026-06-02 16:28:18,533 [DEBUG] matplotlib.font_manager: findfont: score(FontEntry(fname='C:\\Windows\\Fonts\\l_10646.ttf', name='Lucida Sans Unicode', style='normal', variant='normal', weight=400, stretch='normal', size='scalable')) = 10.05
2026-06-02 16:28:18,533 [DEBUG] matplotlib.font_manager: findfont: score(FontEntry(fname='C:\\Windows\\Fonts\\FRAMDCN.TTF', name='Franklin Gothic Medium Cond', style='normal', variant='normal', weight=400, stretch='condensed', size='scalable')) = 10.25
2026-06-02 16:28:18,533 [DEBUG] matplotlib.font_manager: findfont: score(FontEntry(fname='C:\\Windows\\Fonts\\seguisym.ttf', name='Segoe UI Symbol', style='normal', variant='normal', weight=400, stretch='normal', size='scalable')) = 10.05
2026-06-02 16:28:18,533 [DEBUG] matplotlib.font_manager: findfont: score(FontEntry(fname='C:\\Windows\\Fonts\\RAGE.TTF', name='Rage Italic', style='italic', variant='normal', weight=400, stretch='normal', size='scalable')) = 11.05
2026-06-02 16:28:18,533 [DEBUG] matplotlib.font_manager: findfont: score(FontEntry(fname='C:\\Windows\\Fonts\\LTYPEB.TTF', name='Lucida Sans Typewriter', style='normal', variant='normal', weight=600, stretch='normal', size='scalable')) = 10.24
2026-06-02 16:28:18,533 [DEBUG] matplotlib.font_manager: findfont: score(FontEntry(fname='C:\\Windows\\Fonts\\LSANSD.TTF', name='Lucida Sans', style='normal', variant='normal', weight=600, stretch='normal', size='scalable')) = 10.24
2026-06-02 16:28:18,533 [DEBUG] matplotlib.font_manager: findfont: score(FontEntry(fname='C:\\Windows\\Fonts\\calibril.ttf', name='Calibri', style='normal', variant='normal', weight=300, stretch='normal', size='scalable')) = 10.145
2026-06-02 16:28:18,533 [DEBUG] matplotlib.font_manager: findfont: score(FontEntry(fname='C:\\Windows\\Fonts\\segoeui.ttf', name='Segoe UI', style='normal', variant='normal', weight=400, stretch='normal', size='scalable')) = 10.05
2026-06-02 16:28:18,533 [DEBUG] matplotlib.font_manager: findfont: score(FontEntry(fname='C:\\Windows\\Fonts\\MTCORSVA.TTF', name='Monotype Corsiva', style='normal', variant='normal', weight=400, stretch='normal', size='scalable')) = 10.05
2026-06-02 16:28:18,533 [DEBUG] matplotlib.font_manager: findfont: score(FontEntry(fname='C:\\Windows\\Fonts\\ebrimabd.ttf', name='Ebrima', style='normal', variant='normal', weight=700, stretch='normal', size='scalable')) = 10.335
2026-06-02 16:28:18,533 [DEBUG] matplotlib.font_manager: findfont: score(FontEntry(fname='C:\\Windows\\Fonts\\BELL.TTF', name='Bell MT', style='normal', variant='normal', weight=400, stretch='normal', size='scalable')) = 10.05
2026-06-02 16:28:18,533 [DEBUG] matplotlib.font_manager: findfont: score(FontEntry(fname='C:\\Windows\\Fonts\\mvboli.ttf', name='MV Boli', style='normal', variant='normal', weight=400, stretch='normal', size='scalable')) = 10.05
2026-06-02 16:28:18,533 [DEBUG] matplotlib.font_manager: findfont: score(FontEntry(fname='C:\\Windows\\Fonts\\SNAP____.TTF', name='Snap ITC', style='normal', variant='normal', weight=400, stretch='normal', size='scalable')) = 10.05
2026-06-02 16:28:18,534 [DEBUG] matplotlib.font_manager: findfont: score(FontEntry(fname='C:\\Windows\\Fonts\\SegUIVar.ttf', name='Segoe UI Variable', style='normal', variant='normal', weight=400, stretch='normal', size='scalable')) = 10.05
2026-06-02 16:28:18,534 [DEBUG] matplotlib.font_manager: findfont: score(FontEntry(fname='C:\\Windows\\Fonts\\verdanai.ttf', name='Verdana', style='italic', variant='normal', weight=400, stretch='normal', size='scalable')) = 4.6863636363636365
2026-06-02 16:28:18,534 [DEBUG] matplotlib.font_manager: findfont: score(FontEntry(fname='C:\\Windows\\Fonts\\LCALLIG.TTF', name='Lucida Calligraphy', style='italic', variant='normal', weight=400, stretch='normal', size='scalable')) = 11.05
2026-06-02 16:28:18,534 [DEBUG] matplotlib.font_manager: findfont: score(FontEntry(fname='C:\\Windows\\Fonts\\lucon.ttf', name='Lucida Console', style='normal', variant='normal', weight=400, stretch='normal', size='scalable')) = 10.05
2026-06-02 16:28:18,534 [DEBUG] matplotlib.font_manager: findfont: score(FontEntry(fname='C:\\Windows\\Fonts\\CENTAUR.TTF', name='Centaur', style='normal', variant='normal', weight=400, stretch='normal', size='scalable')) = 10.05
2026-06-02 16:28:18,534 [DEBUG] matplotlib.font_manager: findfont: score(FontEntry(fname='C:\\Windows\\Fonts\\BOD_PSTC.TTF', name='Bodoni MT', style='normal', variant='normal', weight=300, stretch='normal', size='scalable')) = 10.145
2026-06-02 16:28:18,534 [DEBUG] matplotlib.font_manager: findfont: score(FontEntry(fname='C:\\Windows\\Fonts\\IMPRISHA.TTF', name='Imprint MT Shadow', style='normal', variant='normal', weight=400, stretch='normal', size='scalable')) = 10.05
2026-06-02 16:28:18,534 [DEBUG] matplotlib.font_manager: findfont: score(FontEntry(fname='C:\\Windows\\Fonts\\georgiaz.ttf', name='Georgia', style='italic', variant='normal', weight=700, stretch='normal', size='scalable')) = 11.335
2026-06-02 16:28:18,534 [DEBUG] matplotlib.font_manager: findfont: score(FontEntry(fname='C:\\Windows\\Fonts\\CALISTB.TTF', name='Calisto MT', style='normal', variant='normal', weight=700, stretch='normal', size='scalable')) = 10.335
2026-06-02 16:28:18,534 [DEBUG] matplotlib.font_manager: findfont: score(FontEntry(fname='C:\\Windows\\Fonts\\Candaral.ttf', name='Candara', style='normal', variant='normal', weight=400, stretch='normal', size='scalable')) = 10.05
2026-06-02 16:28:18,534 [DEBUG] matplotlib.font_manager: findfont: score(FontEntry(fname='C:\\Windows\\Fonts\\VIVALDII.TTF', name='Vivaldi', style='italic', variant='normal', weight=400, stretch='normal', size='scalable')) = 11.05
2026-06-02 16:28:18,534 [DEBUG] matplotlib.font_manager: findfont: score(FontEntry(fname='C:\\Windows\\Fonts\\verdanab.ttf', name='Verdana', style='normal', variant='normal', weight=700, stretch='normal', size='scalable')) = 3.9713636363636367
2026-06-02 16:28:18,534 [DEBUG] matplotlib.font_manager: findfont: score(FontEntry(fname='C:\\Windows\\Fonts\\JUICE___.TTF', name='Juice ITC', style='normal', variant='normal', weight=400, stretch='normal', size='scalable')) = 10.05
2026-06-02 16:28:18,534 [DEBUG] matplotlib.font_manager: findfont: score(FontEntry(fname='C:\\Windows\\Fonts\\ROCK.TTF', name='Rockwell', style='normal', variant='normal', weight=400, stretch='normal', size='scalable')) = 10.05
2026-06-02 16:28:18,534 [DEBUG] matplotlib.font_manager: findfont: score(FontEntry(fname='C:\\Windows\\Fonts\\bahnschrift.ttf', name='Bahnschrift', style='normal', variant='normal', weight=400, stretch='normal', size='scalable')) = 10.05
2026-06-02 16:28:18,534 [DEBUG] matplotlib.font_manager: findfont: score(FontEntry(fname='C:\\Windows\\Fonts\\ROCKBI.TTF', name='Rockwell', style='italic', variant='normal', weight=700, stretch='normal', size='scalable')) = 11.335
2026-06-02 16:28:18,534 [DEBUG] matplotlib.font_manager: findfont: score(FontEntry(fname='C:\\Windows\\Fonts\\cambriai.ttf', name='Cambria', style='italic', variant='normal', weight=400, stretch='normal', size='scalable')) = 11.05
2026-06-02 16:28:18,534 [DEBUG] matplotlib.font_manager: findfont: score(FontEntry(fname='C:\\Windows\\Fonts\\msjhl.ttc', name='Microsoft JhengHei', style='normal', variant='normal', weight=290, stretch='normal', size='scalable')) = 10.1545
2026-06-02 16:28:18,534 [DEBUG] matplotlib.font_manager: findfont: score(FontEntry(fname='C:\\Windows\\Fonts\\DUBAI-REGULAR.TTF', name='Dubai', style='normal', variant='normal', weight=400, stretch='normal', size='scalable')) = 10.05
2026-06-02 16:28:18,534 [DEBUG] matplotlib.font_manager: findfont: score(FontEntry(fname='C:\\Windows\\Fonts\\CALIFB.TTF', name='Californian FB', style='normal', variant='normal', weight=700, stretch='normal', size='scalable')) = 10.335
2026-06-02 16:28:18,534 [DEBUG] matplotlib.font_manager: findfont: score(FontEntry(fname='C:\\Windows\\Fonts\\PAPYRUS.TTF', name='Papyrus', style='normal', variant='normal', weight=400, stretch='normal', size='scalable')) = 10.05
2026-06-02 16:28:18,534 [DEBUG] matplotlib.font_manager: findfont: score(FontEntry(fname='C:\\Windows\\Fonts\\ANTQUABI.TTF', name='Book Antiqua', style='italic', variant='normal', weight=700, stretch='normal', size='scalable')) = 11.335
2026-06-02 16:28:18,534 [DEBUG] matplotlib.font_manager: findfont: score(FontEntry(fname='C:\\Windows\\Fonts\\SHOWG.TTF', name='Showcard Gothic', style='normal', variant='normal', weight=400, stretch='normal', size='scalable')) = 10.05
2026-06-02 16:28:18,534 [DEBUG] matplotlib.font_manager: findfont: score(FontEntry(fname='C:\\Windows\\Fonts\\LBRITED.TTF', name='Lucida Bright', style='normal', variant='normal', weight=600, stretch='normal', size='scalable')) = 10.24
2026-06-02 16:28:18,534 [DEBUG] matplotlib.font_manager: findfont: score(FontEntry(fname='C:\\Windows\\Fonts\\calibrii.ttf', name='Calibri', style='italic', variant='normal', weight=400, stretch='normal', size='scalable')) = 11.05
2026-06-02 16:28:18,534 [DEBUG] matplotlib.font_manager: findfont: score(FontEntry(fname='C:\\Windows\\Fonts\\LSANSDI.TTF', name='Lucida Sans', style='italic', variant='normal', weight=600, stretch='normal', size='scalable')) = 11.24
2026-06-02 16:28:18,535 [DEBUG] matplotlib.font_manager: findfont: score(FontEntry(fname='C:\\Windows\\Fonts\\GILB____.TTF', name='Gill Sans MT', style='normal', variant='normal', weight=700, stretch='normal', size='scalable')) = 10.335
2026-06-02 16:28:18,535 [DEBUG] matplotlib.font_manager: findfont: score(FontEntry(fname='C:\\Windows\\Fonts\\BELLI.TTF', name='Bell MT', style='italic', variant='normal', weight=400, stretch='normal', size='scalable')) = 11.05
2026-06-02 16:28:18,535 [DEBUG] matplotlib.font_manager: findfont: score(FontEntry(fname='C:\\Windows\\Fonts\\FRSCRIPT.TTF', name='French Script MT', style='normal', variant='normal', weight=400, stretch='normal', size='scalable')) = 10.05
2026-06-02 16:28:18,535 [DEBUG] matplotlib.font_manager: findfont: score(FontEntry(fname='C:\\Windows\\Fonts\\WINGDNG3.TTF', name='Wingdings 3', style='normal', variant='normal', weight=400, stretch='normal', size='scalable')) = 10.05
2026-06-02 16:28:18,535 [DEBUG] matplotlib.font_manager: findfont: score(FontEntry(fname='C:\\Windows\\Fonts\\YuGothM.ttc', name='Yu Gothic', style='normal', variant='normal', weight=500, stretch='normal', size='scalable')) = 10.145
2026-06-02 16:28:18,535 [DEBUG] matplotlib.font_manager: findfont: score(FontEntry(fname='C:\\Windows\\Fonts\\ariali.ttf', name='Arial', style='italic', variant='normal', weight=400, stretch='normal', size='scalable')) = 7.413636363636363
2026-06-02 16:28:18,535 [DEBUG] matplotlib.font_manager: findfont: score(FontEntry(fname='C:\\Windows\\Fonts\\ERASDEMI.TTF', name='Eras Demi ITC', style='normal', variant='normal', weight=400, stretch='normal', size='scalable')) = 10.05
2026-06-02 16:28:18,535 [DEBUG] matplotlib.font_manager: findfont: score(FontEntry(fname='C:\\Windows\\Fonts\\CHILLER.TTF', name='Chiller', style='normal', variant='normal', weight=400, stretch='normal', size='scalable')) = 10.05
2026-06-02 16:28:18,535 [DEBUG] matplotlib.font_manager: findfont: score(FontEntry(fname='C:\\Windows\\Fonts\\simsunb.ttf', name='SimSun-ExtB', style='normal', variant='normal', weight=400, stretch='normal', size='scalable')) = 10.05
2026-06-02 16:28:18,535 [DEBUG] matplotlib.font_manager: findfont: score(FontEntry(fname='C:\\Windows\\Fonts\\msyhbd.ttc', name='Microsoft YaHei', style='normal', variant='normal', weight=700, stretch='normal', size='scalable')) = 10.335
2026-06-02 16:28:18,535 [DEBUG] matplotlib.font_manager: findfont: score(FontEntry(fname='C:\\Windows\\Fonts\\rod.ttf', name='Rod', style='normal', variant='normal', weight=400, stretch='normal', size='scalable')) = 10.05
2026-06-02 16:28:18,535 [DEBUG] matplotlib.font_manager: findfont: score(FontEntry(fname='C:\\Windows\\Fonts\\LEELAWAD.TTF', name='Leelawadee', style='normal', variant='normal', weight=400, stretch='normal', size='scalable')) = 10.05
2026-06-02 16:28:18,535 [DEBUG] matplotlib.font_manager: findfont: score(FontEntry(fname='C:\\Windows\\Fonts\\trebucbi.ttf', name='Trebuchet MS', style='italic', variant='normal', weight=700, stretch='normal', size='scalable')) = 11.335
2026-06-02 16:28:18,535 [DEBUG] matplotlib.font_manager: findfont: score(FontEntry(fname='C:\\Windows\\Fonts\\BRLNSR.TTF', name='Berlin Sans FB', style='normal', variant='normal', weight=400, stretch='normal', size='scalable')) = 10.05
2026-06-02 16:28:18,535 [DEBUG] matplotlib.font_manager: findfont: score(FontEntry(fname='C:\\Windows\\Fonts\\segoeuii.ttf', name='Segoe UI', style='italic', variant='normal', weight=400, stretch='normal', size='scalable')) = 11.05
2026-06-02 16:28:18,535 [DEBUG] matplotlib.font_manager: findfont: score(FontEntry(fname='C:\\Windows\\Fonts\\COOPBL.TTF', name='Cooper Black', style='normal', variant='normal', weight=400, stretch='normal', size='scalable')) = 10.05
2026-06-02 16:28:18,535 [DEBUG] matplotlib.font_manager: findfont: score(FontEntry(fname='C:\\Windows\\Fonts\\malgun.ttf', name='Malgun Gothic', style='normal', variant='normal', weight=400, stretch='normal', size='scalable')) = 10.05
2026-06-02 16:28:18,535 [DEBUG] matplotlib.font_manager: findfont: score(FontEntry(fname='C:\\Windows\\Fonts\\segoeuil.ttf', name='Segoe UI', style='normal', variant='normal', weight=300, stretch='normal', size='scalable')) = 10.145
2026-06-02 16:28:18,535 [DEBUG] matplotlib.font_manager: findfont: score(FontEntry(fname='C:\\Windows\\Fonts\\malgunbd.ttf', name='Malgun Gothic', style='normal', variant='normal', weight=700, stretch='normal', size='scalable')) = 10.335
2026-06-02 16:28:18,535 [DEBUG] matplotlib.font_manager: findfont: score(FontEntry(fname='C:\\Windows\\Fonts\\msjh.ttc', name='Microsoft JhengHei', style='normal', variant='normal', weight=400, stretch='normal', size='scalable')) = 10.05
2026-06-02 16:28:18,535 [DEBUG] matplotlib.font_manager: findfont: score(FontEntry(fname='C:\\Windows\\Fonts\\LBRITEDI.TTF', name='Lucida Bright', style='italic', variant='normal', weight=600, stretch='normal', size='scalable')) = 11.24
2026-06-02 16:28:18,535 [DEBUG] matplotlib.font_manager: findfont: score(FontEntry(fname='C:\\Windows\\Fonts\\ELEPHNTI.TTF', name='Elephant', style='italic', variant='normal', weight=400, stretch='normal', size='scalable')) = 11.05
2026-06-02 16:28:18,535 [DEBUG] matplotlib.font_manager: findfont: score(FontEntry(fname='C:\\Windows\\Fonts\\BOOKOSI.TTF', name='Bookman Old Style', style='italic', variant='normal', weight=300, stretch='normal', size='scalable')) = 11.145
2026-06-02 16:28:18,535 [DEBUG] matplotlib.font_manager: findfont: score(FontEntry(fname='C:\\Windows\\Fonts\\consolaz.ttf', name='Consolas', style='italic', variant='normal', weight=700, stretch='normal', size='scalable')) = 11.335
2026-06-02 16:28:18,536 [DEBUG] matplotlib.font_manager: findfont: score(FontEntry(fname='C:\\Windows\\Fonts\\ROCKB.TTF', name='Rockwell', style='normal', variant='normal', weight=700, stretch='normal', size='scalable')) = 10.335
2026-06-02 16:28:18,536 [DEBUG] matplotlib.font_manager: findfont: score(FontEntry(fname='C:\\Windows\\Fonts\\msyh.ttc', name='Microsoft YaHei', style='normal', variant='normal', weight=400, stretch='normal', size='scalable')) = 10.05
2026-06-02 16:28:18,536 [DEBUG] matplotlib.font_manager: findfont: score(FontEntry(fname='C:\\Windows\\Fonts\\MATURASC.TTF', name='Matura MT Script Capitals', style='normal', variant='normal', weight=400, stretch='normal', size='scalable')) = 10.05
2026-06-02 16:28:18,536 [DEBUG] matplotlib.font_manager: findfont: score(FontEntry(fname='C:\\Windows\\Fonts\\SitkaVF-Italic.ttf', name='Sitka', style='italic', variant='normal', weight=400, stretch='normal', size='scalable')) = 11.05
2026-06-02 16:28:18,536 [DEBUG] matplotlib.font_manager: findfont: score(FontEntry(fname='C:\\Windows\\Fonts\\gadugib.ttf', name='Gadugi', style='normal', variant='normal', weight=700, stretch='normal', size='scalable')) = 10.335
2026-06-02 16:28:18,536 [DEBUG] matplotlib.font_manager: findfont: score(FontEntry(fname='C:\\Windows\\Fonts\\NIAGENG.TTF', name='Niagara Engraved', style='normal', variant='normal', weight=400, stretch='normal', size='scalable')) = 10.05
2026-06-02 16:28:18,536 [DEBUG] matplotlib.font_manager: findfont: score(FontEntry(fname='C:\\Windows\\Fonts\\FRAHVIT.TTF', name='Franklin Gothic Heavy', style='italic', variant='normal', weight=400, stretch='normal', size='scalable')) = 11.05
2026-06-02 16:28:18,536 [DEBUG] matplotlib.font_manager: findfont: score(FontEntry(fname='C:\\Windows\\Fonts\\calibrib.ttf', name='Calibri', style='normal', variant='normal', weight=700, stretch='normal', size='scalable')) = 10.335
2026-06-02 16:28:18,536 [DEBUG] matplotlib.font_manager: findfont: score(FontEntry(fname='C:\\Windows\\Fonts\\LTYPE.TTF', name='Lucida Sans Typewriter', style='normal', variant='normal', weight=400, stretch='normal', size='scalable')) = 10.05
2026-06-02 16:28:18,536 [DEBUG] matplotlib.font_manager: findfont: score(FontEntry(fname='C:\\Windows\\Fonts\\HARNGTON.TTF', name='Harrington', style='normal', variant='normal', weight=400, stretch='normal', size='scalable')) = 10.05
2026-06-02 16:28:18,536 [DEBUG] matplotlib.font_manager: findfont: score(FontEntry(fname='C:\\Windows\\Fonts\\REFSAN.TTF', name='MS Reference Sans Serif', style='normal', variant='normal', weight=400, stretch='normal', size='scalable')) = 10.05
2026-06-02 16:28:18,536 [DEBUG] matplotlib.font_manager: findfont: score(FontEntry(fname='C:\\Windows\\Fonts\\LEELAWDB.TTF', name='Leelawadee', style='normal', variant='normal', weight=700, stretch='normal', size='scalable')) = 10.335
2026-06-02 16:28:18,536 [DEBUG] matplotlib.font_manager: findfont: score(FontEntry(fname='C:\\Windows\\Fonts\\VINERITC.TTF', name='Viner Hand ITC', style='normal', variant='normal', weight=400, stretch='normal', size='scalable')) = 10.05
2026-06-02 16:28:18,536 [DEBUG] matplotlib.font_manager: findfont: score(FontEntry(fname='C:\\Windows\\Fonts\\GOTHICBI.TTF', name='Century Gothic', style='italic', variant='normal', weight=700, stretch='normal', size='scalable')) = 11.335
2026-06-02 16:28:18,536 [DEBUG] matplotlib.font_manager: findfont: score(FontEntry(fname='C:\\Windows\\Fonts\\pala.ttf', name='Palatino Linotype', style='normal', variant='normal', weight=400, stretch='normal', size='scalable')) = 10.05
2026-06-02 16:28:18,536 [DEBUG] matplotlib.font_manager: findfont: score(FontEntry(fname='C:\\Windows\\Fonts\\BROADW.TTF', name='Broadway', style='normal', variant='normal', weight=400, stretch='normal', size='scalable')) = 10.05
2026-06-02 16:28:18,536 [DEBUG] matplotlib.font_manager: findfont: score(FontEntry(fname='C:\\Windows\\Fonts\\YuGothR.ttc', name='Yu Gothic', style='normal', variant='normal', weight=400, stretch='normal', size='scalable')) = 10.05
2026-06-02 16:28:18,536 [DEBUG] matplotlib.font_manager: findfont: score(FontEntry(fname='C:\\Windows\\Fonts\\PRISTINA.TTF', name='Pristina', style='normal', variant='normal', weight=400, stretch='normal', size='scalable')) = 10.05
2026-06-02 16:28:18,536 [DEBUG] matplotlib.font_manager: findfont: score(FontEntry(fname='C:\\Windows\\Fonts\\LTYPEO.TTF', name='Lucida Sans Typewriter', style='oblique', variant='normal', weight=400, stretch='normal', size='scalable')) = 11.05
2026-06-02 16:28:18,536 [DEBUG] matplotlib.font_manager: findfont: score(FontEntry(fname='C:\\Windows\\Fonts\\times.ttf', name='Times New Roman', style='normal', variant='normal', weight=400, stretch='normal', size='scalable')) = 10.05
2026-06-02 16:28:18,536 [DEBUG] matplotlib.font_manager: findfont: score(FontEntry(fname='C:\\Windows\\Fonts\\comicbd.ttf', name='Comic Sans MS', style='normal', variant='normal', weight=700, stretch='normal', size='scalable')) = 10.335
2026-06-02 16:28:18,536 [DEBUG] matplotlib.font_manager: findfont: score(FontEntry(fname='C:\\Windows\\Fonts\\seguili.ttf', name='Segoe UI', style='italic', variant='normal', weight=300, stretch='normal', size='scalable')) = 11.145
2026-06-02 16:28:18,536 [DEBUG] matplotlib.font_manager: findfont: score(FontEntry(fname='C:\\Windows\\Fonts\\segoeuiz.ttf', name='Segoe UI', style='italic', variant='normal', weight=700, stretch='normal', size='scalable')) = 11.335
2026-06-02 16:28:18,536 [DEBUG] matplotlib.font_manager: findfont: score(FontEntry(fname='C:\\Windows\\Fonts\\BOD_BI.TTF', name='Bodoni MT', style='italic', variant='normal', weight=700, stretch='normal', size='scalable')) = 11.335
2026-06-02 16:28:18,536 [DEBUG] matplotlib.font_manager: findfont: score(FontEntry(fname='C:\\Windows\\Fonts\\HARLOWSI.TTF', name='Harlow Solid Italic', style='italic', variant='normal', weight=400, stretch='normal', size='scalable')) = 11.05
2026-06-02 16:28:18,537 [DEBUG] matplotlib.font_manager: findfont: score(FontEntry(fname='C:\\Windows\\Fonts\\BASKVILL.TTF', name='Baskerville Old Face', style='normal', variant='normal', weight=400, stretch='normal', size='scalable')) = 10.05
2026-06-02 16:28:18,537 [DEBUG] matplotlib.font_manager: findfont: score(FontEntry(fname='C:\\Windows\\Fonts\\SegoeIcons.ttf', name='Segoe Fluent Icons', style='normal', variant='normal', weight=400, stretch='normal', size='scalable')) = 10.05
2026-06-02 16:28:18,537 [DEBUG] matplotlib.font_manager: findfont: score(FontEntry(fname='C:\\Windows\\Fonts\\GLSNECB.TTF', name='Gill Sans MT Ext Condensed Bold', style='normal', variant='normal', weight=400, stretch='condensed', size='scalable')) = 10.25
2026-06-02 16:28:18,537 [DEBUG] matplotlib.font_manager: findfont: score(FontEntry(fname='C:\\Windows\\Fonts\\msjhbd.ttc', name='Microsoft JhengHei', style='normal', variant='normal', weight=700, stretch='normal', size='scalable')) = 10.335
2026-06-02 16:28:18,537 [DEBUG] matplotlib.font_manager: findfont: score(FontEntry(fname='C:\\Windows\\Fonts\\timesbd.ttf', name='Times New Roman', style='normal', variant='normal', weight=700, stretch='normal', size='scalable')) = 10.335
2026-06-02 16:28:18,537 [DEBUG] matplotlib.font_manager: findfont: score(FontEntry(fname='C:\\Windows\\Fonts\\ARIALNBI.TTF', name='Arial', style='italic', variant='normal', weight=700, stretch='condensed', size='scalable')) = 7.8986363636363635
2026-06-02 16:28:18,537 [DEBUG] matplotlib.font_manager: findfont: score(FontEntry(fname='C:\\Windows\\Fonts\\framd.ttf', name='Franklin Gothic Medium', style='normal', variant='normal', weight=400, stretch='normal', size='scalable')) = 10.05
2026-06-02 16:28:18,537 [DEBUG] matplotlib.font_manager: findfont: score(FontEntry(fname='C:\\Windows\\Fonts\\mriamc.ttf', name='Miriam Fixed', style='normal', variant='normal', weight=400, stretch='normal', size='scalable')) = 10.05
2026-06-02 16:28:18,537 [DEBUG] matplotlib.font_manager: findfont: score(FontEntry(fname='C:\\Windows\\Fonts\\TCCEB.TTF', name='Tw Cen MT Condensed Extra Bold', style='normal', variant='normal', weight=400, stretch='condensed', size='scalable')) = 10.25
2026-06-02 16:28:18,537 [DEBUG] matplotlib.font_manager: findfont: score(FontEntry(fname='C:\\Windows\\Fonts\\ERASBD.TTF', name='Eras Bold ITC', style='normal', variant='normal', weight=400, stretch='normal', size='scalable')) = 10.05
2026-06-02 16:28:18,537 [DEBUG] matplotlib.font_manager: findfont: score(FontEntry(fname='C:\\Windows\\Fonts\\Candarai.ttf', name='Candara', style='italic', variant='normal', weight=400, stretch='normal', size='scalable')) = 11.05
2026-06-02 16:28:18,537 [DEBUG] matplotlib.font_manager: findfont: score(FontEntry(fname='C:\\Windows\\Fonts\\phagspa.ttf', name='Microsoft PhagsPa', style='normal', variant='normal', weight=400, stretch='normal', size='scalable')) = 10.05
2026-06-02 16:28:18,537 [DEBUG] matplotlib.font_manager: findfont: score(FontEntry(fname='C:\\Windows\\Fonts\\GIL_____.TTF', name='Gill Sans MT', style='normal', variant='normal', weight=400, stretch='normal', size='scalable')) = 10.05
2026-06-02 16:28:18,537 [DEBUG] matplotlib.font_manager: findfont: score(FontEntry(fname='C:\\Windows\\Fonts\\FRABK.TTF', name='Franklin Gothic Book', style='normal', variant='normal', weight=400, stretch='normal', size='scalable')) = 10.05
2026-06-02 16:28:18,537 [DEBUG] matplotlib.font_manager: findfont: score(FontEntry(fname='C:\\Windows\\Fonts\\wingding.ttf', name='Wingdings', style='normal', variant='normal', weight=400, stretch='normal', size='scalable')) = 10.05
2026-06-02 16:28:18,537 [DEBUG] matplotlib.font_manager: findfont: score(FontEntry(fname='C:\\Windows\\Fonts\\PERTILI.TTF', name='Perpetua Titling MT', style='normal', variant='normal', weight=300, stretch='normal', size='scalable')) = 10.145
2026-06-02 16:28:18,537 [DEBUG] matplotlib.font_manager: findfont: score(FontEntry(fname='C:\\Windows\\Fonts\\VLADIMIR.TTF', name='Vladimir Script', style='normal', variant='normal', weight=400, stretch='normal', size='scalable')) = 10.05
2026-06-02 16:28:18,537 [DEBUG] matplotlib.font_manager: findfont: score(FontEntry(fname='C:\\Windows\\Fonts\\palab.ttf', name='Palatino Linotype', style='normal', variant='normal', weight=700, stretch='normal', size='scalable')) = 10.335
2026-06-02 16:28:18,537 [DEBUG] matplotlib.font_manager: findfont: score(FontEntry(fname='C:\\Windows\\Fonts\\BRLNSB.TTF', name='Berlin Sans FB', style='normal', variant='normal', weight=700, stretch='normal', size='scalable')) = 10.335
2026-06-02 16:28:18,537 [DEBUG] matplotlib.font_manager: findfont: score(FontEntry(fname='C:\\Windows\\Fonts\\monbaiti.ttf', name='Mongolian Baiti', style='normal', variant='normal', weight=400, stretch='normal', size='scalable')) = 10.05
2026-06-02 16:28:18,537 [DEBUG] matplotlib.font_manager: findfont: score(FontEntry(fname='C:\\Windows\\Fonts\\gadugi.ttf', name='Gadugi', style='normal', variant='normal', weight=400, stretch='normal', size='scalable')) = 10.05
2026-06-02 16:28:18,537 [DEBUG] matplotlib.font_manager: findfont: score(FontEntry(fname='C:\\Windows\\Fonts\\phagspab.ttf', name='Microsoft PhagsPa', style='normal', variant='normal', weight=700, stretch='normal', size='scalable')) = 10.335
2026-06-02 16:28:18,537 [DEBUG] matplotlib.font_manager: findfont: score(FontEntry(fname='C:\\Windows\\Fonts\\LFAXD.TTF', name='Lucida Fax', style='normal', variant='normal', weight=600, stretch='normal', size='scalable')) = 10.24
2026-06-02 16:28:18,537 [DEBUG] matplotlib.font_manager: findfont: score(FontEntry(fname='C:\\Windows\\Fonts\\gisha.ttf', name='Gisha', style='normal', variant='normal', weight=400, stretch='normal', size='scalable')) = 10.05
2026-06-02 16:28:18,537 [DEBUG] matplotlib.font_manager: findfont: score(FontEntry(fname='C:\\Windows\\Fonts\\Candaraz.ttf', name='Candara', style='italic', variant='normal', weight=700, stretch='normal', size='scalable')) = 11.335
2026-06-02 16:28:18,537 [DEBUG] matplotlib.font_manager: findfont: score(FontEntry(fname='C:\\Windows\\Fonts\\courbd.ttf', name='Courier New', style='normal', variant='normal', weight=700, stretch='normal', size='scalable')) = 10.335
2026-06-02 16:28:18,538 [DEBUG] matplotlib.font_manager: findfont: score(FontEntry(fname='C:\\Windows\\Fonts\\ANTQUAI.TTF', name='Book Antiqua', style='italic', variant='normal', weight=400, stretch='normal', size='scalable')) = 11.05
2026-06-02 16:28:18,538 [DEBUG] matplotlib.font_manager: findfont: score(FontEntry(fname='C:\\Windows\\Fonts\\MSUIGHUB.TTF', name='Microsoft Uighur', style='normal', variant='normal', weight=700, stretch='normal', size='scalable')) = 10.335
2026-06-02 16:28:18,538 [DEBUG] matplotlib.font_manager: findfont: score(FontEntry(fname='C:\\Windows\\Fonts\\cambria.ttc', name='Cambria', style='normal', variant='normal', weight=400, stretch='normal', size='scalable')) = 10.05
2026-06-02 16:28:18,538 [DEBUG] matplotlib.font_manager: findfont: score(FontEntry(fname='C:\\Windows\\Fonts\\georgiai.ttf', name='Georgia', style='italic', variant='normal', weight=400, stretch='normal', size='scalable')) = 11.05
2026-06-02 16:28:18,538 [DEBUG] matplotlib.font_manager: findfont: score(FontEntry(fname='C:\\Windows\\Fonts\\ARIALN.TTF', name='Arial', style='normal', variant='normal', weight=400, stretch='condensed', size='scalable')) = 6.613636363636363
2026-06-02 16:28:18,538 [DEBUG] matplotlib.font_manager: findfont: score(FontEntry(fname='C:\\Windows\\Fonts\\FRABKIT.TTF', name='Franklin Gothic Book', style='italic', variant='normal', weight=400, stretch='normal', size='scalable')) = 11.05
2026-06-02 16:28:18,538 [DEBUG] matplotlib.font_manager: findfont: score(FontEntry(fname='C:\\Windows\\Fonts\\LBRITE.TTF', name='Lucida Bright', style='normal', variant='normal', weight=400, stretch='normal', size='scalable')) = 10.05
2026-06-02 16:28:18,538 [DEBUG] matplotlib.font_manager: findfont: score(FontEntry(fname='C:\\Windows\\Fonts\\Candarab.ttf', name='Candara', style='normal', variant='normal', weight=700, stretch='normal', size='scalable')) = 10.335
2026-06-02 16:28:18,538 [DEBUG] matplotlib.font_manager: findfont: score(FontEntry(fname='C:\\Windows\\Fonts\\segoepr.ttf', name='Segoe Print', style='normal', variant='normal', weight=400, stretch='normal', size='scalable')) = 10.05
2026-06-02 16:28:18,538 [DEBUG] matplotlib.font_manager: findfont: score(FontEntry(fname='C:\\Windows\\Fonts\\FTLTLT.TTF', name='Footlight MT Light', style='normal', variant='normal', weight=300, stretch='normal', size='scalable')) = 10.145
2026-06-02 16:28:18,538 [DEBUG] matplotlib.font_manager: findfont: score(FontEntry(fname='C:\\Windows\\Fonts\\CALISTI.TTF', name='Calisto MT', style='italic', variant='normal', weight=400, stretch='normal', size='scalable')) = 11.05
2026-06-02 16:28:18,538 [DEBUG] matplotlib.font_manager: findfont: score(FontEntry(fname='C:\\Windows\\Fonts\\JOKERMAN.TTF', name='Jokerman', style='normal', variant='normal', weight=400, stretch='normal', size='scalable')) = 10.05
2026-06-02 16:28:18,538 [DEBUG] matplotlib.font_manager: findfont: score(FontEntry(fname='C:\\Windows\\Fonts\\segoeprb.ttf', name='Segoe Print', style='normal', variant='normal', weight=700, stretch='normal', size='scalable')) = 10.335
2026-06-02 16:28:18,538 [DEBUG] matplotlib.font_manager: findfont: score(FontEntry(fname='C:\\Windows\\Fonts\\SCRIPTBL.TTF', name='Script MT Bold', style='normal', variant='normal', weight=700, stretch='normal', size='scalable')) = 10.335
2026-06-02 16:28:18,538 [DEBUG] matplotlib.font_manager: findfont: score(FontEntry(fname='C:\\Windows\\Fonts\\LeelawUI.ttf', name='Leelawadee UI', style='normal', variant='normal', weight=400, stretch='normal', size='scalable')) = 10.05
2026-06-02 16:28:18,538 [DEBUG] matplotlib.font_manager: findfont: score(FontEntry(fname='C:\\Windows\\Fonts\\constanz.ttf', name='Constantia', style='italic', variant='normal', weight=700, stretch='normal', size='scalable')) = 11.335
2026-06-02 16:28:18,538 [DEBUG] matplotlib.font_manager: findfont: score(FontEntry(fname='C:\\Windows\\Fonts\\CENTURY.TTF', name='Century', style='normal', variant='normal', weight=400, stretch='normal', size='scalable')) = 10.05
2026-06-02 16:28:18,538 [DEBUG] matplotlib.font_manager: findfont: score(FontEntry(fname='C:\\Windows\\Fonts\\GOUDOSI.TTF', name='Goudy Old Style', style='italic', variant='normal', weight=400, stretch='normal', size='scalable')) = 11.05
2026-06-02 16:28:18,538 [DEBUG] matplotlib.font_manager: findfont: score(FontEntry(fname='C:\\Windows\\Fonts\\constani.ttf', name='Constantia', style='italic', variant='normal', weight=400, stretch='normal', size='scalable')) = 11.05
2026-06-02 16:28:18,539 [DEBUG] matplotlib.font_manager: findfont: score(FontEntry(fname='C:\\Windows\\Fonts\\tahomabd.ttf', name='Tahoma', style='normal', variant='normal', weight=700, stretch='normal', size='scalable')) = 10.335
2026-06-02 16:28:18,539 [DEBUG] matplotlib.font_manager: findfont: score(FontEntry(fname='C:\\Windows\\Fonts\\GILC____.TTF', name='Gill Sans MT Condensed', style='normal', variant='normal', weight=400, stretch='condensed', size='scalable')) = 10.25
2026-06-02 16:28:18,539 [DEBUG] matplotlib.font_manager: findfont: score(FontEntry(fname='C:\\Windows\\Fonts\\framdit.ttf', name='Franklin Gothic Medium', style='italic', variant='normal', weight=400, stretch='normal', size='scalable')) = 11.05
2026-06-02 16:28:18,539 [DEBUG] matplotlib.font_manager: findfont: score(FontEntry(fname='C:\\Windows\\Fonts\\LATINWD.TTF', name='Wide Latin', style='normal', variant='normal', weight=400, stretch='expanded', size='scalable')) = 10.25
2026-06-02 16:28:18,539 [DEBUG] matplotlib.font_manager: findfont: score(FontEntry(fname='C:\\Windows\\Fonts\\LHANDW.TTF', name='Lucida Handwriting', style='italic', variant='normal', weight=400, stretch='normal', size='scalable')) = 11.05
2026-06-02 16:28:18,539 [DEBUG] matplotlib.font_manager: findfont: score(FontEntry(fname='C:\\Windows\\Fonts\\STENCIL.TTF', name='Stencil', style='normal', variant='normal', weight=400, stretch='normal', size='scalable')) = 10.05
2026-06-02 16:28:18,539 [DEBUG] matplotlib.font_manager: findfont: score(FontEntry(fname='C:\\Windows\\Fonts\\corbelli.ttf', name='Corbel', style='italic', variant='normal', weight=300, stretch='normal', size='scalable')) = 11.145
2026-06-02 16:28:18,539 [DEBUG] matplotlib.font_manager: findfont: score(FontEntry(fname='C:\\Windows\\Fonts\\DUBAI-MEDIUM.TTF', name='Dubai', style='normal', variant='normal', weight=500, stretch='normal', size='scalable')) = 10.145
2026-06-02 16:28:18,539 [DEBUG] matplotlib.font_manager: findfont: score(FontEntry(fname='C:\\Windows\\Fonts\\constan.ttf', name='Constantia', style='normal', variant='normal', weight=400, stretch='normal', size='scalable')) = 10.05
2026-06-02 16:28:18,539 [DEBUG] matplotlib.font_manager: findfont: score(FontEntry(fname='C:\\Windows\\Fonts\\GILBI___.TTF', name='Gill Sans MT', style='italic', variant='normal', weight=700, stretch='normal', size='scalable')) = 11.335
2026-06-02 16:28:18,539 [DEBUG] matplotlib.font_manager: findfont: score(FontEntry(fname='C:\\Windows\\Fonts\\trebucit.ttf', name='Trebuchet MS', style='italic', variant='normal', weight=400, stretch='normal', size='scalable')) = 11.05
2026-06-02 16:28:18,539 [DEBUG] matplotlib.font_manager: findfont: score(FontEntry(fname='C:\\Windows\\Fonts\\BOD_R.TTF', name='Bodoni MT', style='normal', variant='normal', weight=400, stretch='normal', size='scalable')) = 10.05
2026-06-02 16:28:18,539 [DEBUG] matplotlib.font_manager: findfont: score(FontEntry(fname='C:\\Windows\\Fonts\\TCCB____.TTF', name='Tw Cen MT Condensed', style='normal', variant='normal', weight=700, stretch='condensed', size='scalable')) = 10.535
2026-06-02 16:28:18,539 [DEBUG] matplotlib.font_manager: findfont: score(FontEntry(fname='C:\\Windows\\Fonts\\WINGDNG2.TTF', name='Wingdings 2', style='normal', variant='normal', weight=400, stretch='normal', size='scalable')) = 10.05
2026-06-02 16:28:18,539 [DEBUG] matplotlib.font_manager: findfont: score(FontEntry(fname='C:\\Windows\\Fonts\\corbell.ttf', name='Corbel', style='normal', variant='normal', weight=300, stretch='normal', size='scalable')) = 10.145
2026-06-02 16:28:18,539 [DEBUG] matplotlib.font_manager: findfont: score(FontEntry(fname='C:\\Windows\\Fonts\\LeelUIsl.ttf', name='Leelawadee UI', style='normal', variant='normal', weight=350, stretch='normal', size='scalable')) = 10.0975
2026-06-02 16:28:18,539 [DEBUG] matplotlib.font_manager: findfont: score(FontEntry(fname='C:\\Windows\\Fonts\\mriam.ttf', name='Miriam', style='normal', variant='normal', weight=400, stretch='normal', size='scalable')) = 10.05
2026-06-02 16:28:18,540 [DEBUG] matplotlib.font_manager: findfont: score(FontEntry(fname='C:\\Windows\\Fonts\\mmrtextb.ttf', name='Myanmar Text', style='normal', variant='normal', weight=700, stretch='normal', size='scalable')) = 10.335
2026-06-02 16:28:18,540 [DEBUG] matplotlib.font_manager: findfont: score(FontEntry(fname='C:\\Windows\\Fonts\\PLAYBILL.TTF', name='Playbill', style='normal', variant='normal', weight=400, stretch='normal', size='scalable')) = 10.05
2026-06-02 16:28:18,540 [DEBUG] matplotlib.font_manager: findfont: score(FontEntry(fname='C:\\Windows\\Fonts\\BRADHITC.TTF', name='Bradley Hand ITC', style='normal', variant='normal', weight=400, stretch='normal', size='scalable')) = 10.05
2026-06-02 16:28:18,540 [DEBUG] matplotlib.font_manager: findfont: score(FontEntry(fname='C:\\Windows\\Fonts\\FRADMIT.TTF', name='Franklin Gothic Demi', style='italic', variant='normal', weight=400, stretch='normal', size='scalable')) = 11.05
2026-06-02 16:28:18,540 [DEBUG] matplotlib.font_manager: findfont: score(FontEntry(fname='C:\\Windows\\Fonts\\SCHLBKI.TTF', name='Century Schoolbook', style='italic', variant='normal', weight=400, stretch='normal', size='scalable')) = 11.05
2026-06-02 16:28:18,540 [DEBUG] matplotlib.font_manager: findfont: score(FontEntry(fname='C:\\Windows\\Fonts\\cambriaz.ttf', name='Cambria', style='italic', variant='normal', weight=700, stretch='normal', size='scalable')) = 11.335
2026-06-02 16:28:18,540 [DEBUG] matplotlib.font_manager: findfont: score(FontEntry(fname='C:\\Windows\\Fonts\\LBRITEI.TTF', name='Lucida Bright', style='italic', variant='normal', weight=400, stretch='normal', size='scalable')) = 11.05
2026-06-02 16:28:18,541 [DEBUG] matplotlib.font_manager: findfont: score(FontEntry(fname='C:\\Windows\\Fonts\\micross.ttf', name='Microsoft Sans Serif', style='normal', variant='normal', weight=400, stretch='normal', size='scalable')) = 10.05
2026-06-02 16:28:18,541 [DEBUG] matplotlib.font_manager: findfont: score(FontEntry(fname='C:\\Windows\\Fonts\\BOOKOSBI.TTF', name='Bookman Old Style', style='italic', variant='normal', weight=600, stretch='normal', size='scalable')) = 11.24
2026-06-02 16:28:18,541 [DEBUG] matplotlib.font_manager: findfont: score(FontEntry(fname='C:\\Windows\\Fonts\\COLONNA.TTF', name='Colonna MT', style='normal', variant='normal', weight=400, stretch='normal', size='scalable')) = 10.05
2026-06-02 16:28:18,541 [DEBUG] matplotlib.font_manager: findfont: score(FontEntry(fname='C:\\Windows\\Fonts\\YuGothL.ttc', name='Yu Gothic', style='normal', variant='normal', weight=300, stretch='normal', size='scalable')) = 10.145
2026-06-02 16:28:18,541 [DEBUG] matplotlib.font_manager: findfont: score(FontEntry(fname='C:\\Windows\\Fonts\\ntailu.ttf', name='Microsoft New Tai Lue', style='normal', variant='normal', weight=400, stretch='normal', size='scalable')) = 10.05
2026-06-02 16:28:18,541 [DEBUG] matplotlib.font_manager: findfont: score(FontEntry(fname='C:\\Windows\\Fonts\\ONYX.TTF', name='Onyx', style='normal', variant='normal', weight=400, stretch='normal', size='scalable')) = 10.05
2026-06-02 16:28:18,541 [DEBUG] matplotlib.font_manager: findfont: score(FontEntry(fname='C:\\Windows\\Fonts\\DUBAI-LIGHT.TTF', name='Dubai', style='normal', variant='normal', weight=300, stretch='normal', size='scalable')) = 10.145
2026-06-02 16:28:18,541 [DEBUG] matplotlib.font_manager: findfont: score(FontEntry(fname='C:\\Windows\\Fonts\\COPRGTL.TTF', name='Copperplate Gothic Light', style='normal', variant='normal', weight=400, stretch='normal', size='scalable')) = 10.05
2026-06-02 16:28:18,541 [DEBUG] matplotlib.font_manager: findfont: score(FontEntry(fname='C:\\Windows\\Fonts\\msgothic.ttc', name='MS Gothic', style='normal', variant='normal', weight=400, stretch='normal', size='scalable')) = 10.05
2026-06-02 16:28:18,541 [DEBUG] matplotlib.font_manager: findfont: score(FontEntry(fname='C:\\Windows\\Fonts\\lvnmbd.ttf', name='Levenim MT', style='normal', variant='normal', weight=700, stretch='normal', size='scalable')) = 10.335
2026-06-02 16:28:18,541 [DEBUG] matplotlib.font_manager: findfont: score(FontEntry(fname='C:\\Windows\\Fonts\\LeelaUIb.ttf', name='Leelawadee UI', style='normal', variant='normal', weight=700, stretch='normal', size='scalable')) = 10.335
2026-06-02 16:28:18,541 [DEBUG] matplotlib.font_manager: findfont: score(FontEntry(fname='C:\\Windows\\Fonts\\HTOWERTI.TTF', name='High Tower Text', style='italic', variant='normal', weight=400, stretch='normal', size='scalable')) = 11.05
2026-06-02 16:28:18,541 [DEBUG] matplotlib.font_manager: findfont: score(FontEntry(fname='C:\\Windows\\Fonts\\AGENCYR.TTF', name='Agency FB', style='normal', variant='normal', weight=400, stretch='normal', size='scalable')) = 10.05
2026-06-02 16:28:18,541 [DEBUG] matplotlib.font_manager: findfont: score(FontEntry(fname='C:\\Windows\\Fonts\\GOTHICI.TTF', name='Century Gothic', style='italic', variant='normal', weight=400, stretch='normal', size='scalable')) = 11.05
2026-06-02 16:28:18,541 [DEBUG] matplotlib.font_manager: findfont: score(FontEntry(fname='C:\\Windows\\Fonts\\BOD_BLAI.TTF', name='Bodoni MT', style='italic', variant='normal', weight=900, stretch='normal', size='scalable')) = 11.525
2026-06-02 16:28:18,541 [DEBUG] matplotlib.font_manager: findfont: score(FontEntry(fname='C:\\Windows\\Fonts\\calibri.ttf', name='Calibri', style='normal', variant='normal', weight=400, stretch='normal', size='scalable')) = 10.05
2026-06-02 16:28:18,541 [DEBUG] matplotlib.font_manager: findfont: score(FontEntry(fname='C:\\Windows\\Fonts\\INFROMAN.TTF', name='Informal Roman', style='normal', variant='normal', weight=400, stretch='normal', size='scalable')) = 10.05
2026-06-02 16:28:18,541 [DEBUG] matplotlib.font_manager: findfont: score(FontEntry(fname='C:\\Windows\\Fonts\\lvnm.ttf', name='Levenim MT', style='normal', variant='normal', weight=400, stretch='normal', size='scalable')) = 10.05
2026-06-02 16:28:18,541 [DEBUG] matplotlib.font_manager: findfont: score(FontEntry(fname='C:\\Windows\\Fonts\\TCBI____.TTF', name='Tw Cen MT', style='italic', variant='normal', weight=700, stretch='normal', size='scalable')) = 11.335
2026-06-02 16:28:18,541 [DEBUG] matplotlib.font_manager: findfont: score(FontEntry(fname='C:\\Windows\\Fonts\\Candarali.ttf', name='Candara', style='italic', variant='normal', weight=400, stretch='normal', size='scalable')) = 11.05
2026-06-02 16:28:18,541 [DEBUG] matplotlib.font_manager: findfont: score(FontEntry(fname='C:\\Windows\\Fonts\\BELLB.TTF', name='Bell MT', style='normal', variant='normal', weight=700, stretch='normal', size='scalable')) = 10.335
2026-06-02 16:28:18,541 [DEBUG] matplotlib.font_manager: findfont: score(FontEntry(fname='C:\\Windows\\Fonts\\seguisli.ttf', name='Segoe UI', style='italic', variant='normal', weight=350, stretch='normal', size='scalable')) = 11.0975
2026-06-02 16:28:18,541 [DEBUG] matplotlib.font_manager: findfont: score(FontEntry(fname='C:\\Windows\\Fonts\\ARLRDBD.TTF', name='Arial Rounded MT Bold', style='normal', variant='normal', weight=400, stretch='normal', size='scalable')) = 10.05
2026-06-02 16:28:18,541 [DEBUG] matplotlib.font_manager: findfont: Matching sans\-serif:style=normal:variant=normal:weight=normal:stretch=normal:size=12.0 to DejaVu Sans ('C:\\Users\\danie\\Documents\\VIBE_CODING\\EX2\\.venv\\Lib\\site-packages\\matplotlib\\mpl-data\\fonts\\ttf\\DejaVuSans.ttf') with score of 0.050000.
2026-06-02 16:28:18,636 [INFO] trading_sdk.services.backtest: Backtest done. sharpe=0.426 mdd=-0.150
2026-06-02 16:28:18,637 [INFO] trading_sdk.sdk: Backtest metrics for AAPL: {'final_equity': 10350.5185546875, 'sharpe_ratio': 0.42601251705790444, 'max_drawdown': -0.15047079307559774, 'win_rate': 0.5617977528089888, 'equity_curve': [np.float64(10000.0), np.float64(10000.0), np.float64(10000.0), np.float64(10000.0), np.float64(10000.0), np.float64(10000.0), np.float64(10000.0), np.float64(10000.0), np.float64(9941.4013671875), np.float64(9946.2392578125), np.float64(9889.791015625), np.float64(10053.22265625), np.float64(10036.01953125), np.float64(9960.2177734375), np.float64(10110.208984375), np.float64(10174.1845703125), np.float64(10192.462890625), np.float64(10427.9345703125), np.float64(10346.755859375), np.float64(10286.0068359375), np.float64(10311.8115234375), np.float64(10251.0615234375), np.float64(10139.77734375), np.float64(10111.2841796875), np.float64(10202.1396484375), np.float64(10243.53515625), np.float64(10251.599609375), np.float64(10429.009765625), np.float64(10415.03125), np.float64(10488.68359375), np.float64(10382.775390625), np.float64(10318.80078125), np.float64(10362.3466796875), np.float64(10409.1181640625), np.float64(10456.427734375), np.float64(10387.6142578125), np.float64(10527.9287109375), np.float64(10561.259765625), np.float64(10516.1015625), np.float64(10353.20703125), np.float64(10277.404296875), np.float64(9783.8828125), np.float64(9615.0751953125), np.float64(9666.1474609375), np.float64(9579.5927734375), np.float64(9567.765625), np.float64(9558.087890625), np.float64(9647.869140625), np.float64(9539.8095703125), np.float64(9492.5009765625), np.float64(9354.3359375), np.float64(9380.6787109375), np.float64(9453.2548828125), np.float64(9527.982421875), np.float64(9737.1103515625), np.float64(9482.2861328125), np.float64(9602.171875), np.float64(9687.1142578125), np.float64(9898.392578125), np.float64(10088.1669921875), np.float64(10099.994140625), np.float64(10185.474609375), np.float64(10198.3759765625), np.float64(9833.3427734375), np.float64(9545.7236328125), np.float64(9579.0546875), np.float64(9642.4921875), np.float64(9477.9853515625), np.float64(9365.6259765625), np.float64(9447.8798828125), np.float64(9408.6337890625), np.float64(9567.765625), np.float64(9626.90234375), np.float64(9434.439453125), np.float64(9350.572265625), np.float64(9396.806640625), np.float64(9466.158203125), np.float64(9244.6650390625), np.float64(9162.41015625), np.float64(9176.388671875), np.float64(9204.3447265625), np.float64(9340.8955078125), np.float64(9268.318359375), np.float64(9336.0576171875), np.float64(9403.2578125), np.float64(9541.9609375), np.float64(9622.6015625), np.float64(9590.3447265625), np.float64(9666.1474609375), np.float64(9715.0693359375), np.float64(9615.0751953125), np.float64(9608.0859375), np.float64(9523.681640625), np.float64(9453.2548828125), np.float64(9432.8271484375), np.float64(9294.1240234375), np.float64(9300.5751953125), np.float64(9324.23046875), np.float64(9198.4306640625), np.float64(8972.0986328125), np.float64(9043.599609375), np.float64(9154.8837890625), np.float64(9180.689453125), np.float64(9352.7236328125), np.float64(9546.26171875), np.float64(9496.80078125), np.float64(9635.5029296875), np.float64(9774.744140625), np.float64(9832.267578125), np.float64(9806.4619140625), np.float64(10020.966796875), np.float64(9934.9501953125), np.float64(10076.8779296875), np.float64(10107.5205078125), np.float64(10198.9150390625), np.float64(10197.8388671875), np.float64(10292.45703125), np.float64(10248.9111328125), np.float64(10284.9306640625), np.float64(10212.8916015625), np.float64(10203.21484375), np.float64(10236.0087890625), np.float64(10180.6357421875), np.float64(10211.81640625), np.float64(10281.16796875), np.float64(10183.861328125), np.float64(10398.3662109375), np.float64(10339.2294921875), np.float64(10444.0625), np.float64(10521.4775390625), np.float64(10385.462890625), np.float64(10467.7177734375), np.float64(10642.439453125), np.float64(10650.5029296875), np.float64(10621.47265625), np.float64(10531.154296875), np.float64(10587.603515625), np.float64(10474.16796875), np.float64(10466.103515625), np.float64(10408.04296875), np.float64(10378.474609375), np.float64(10383.8505859375), np.float64(10406.9677734375), np.float64(10350.5185546875)]}
2026-06-02 20:46:44,701 [INFO] src.trading_sdk.shared.config: Configuration Manager initialized successfully.
2026-06-02 20:46:45,213 [DEBUG] yfinance: Entering download()
2026-06-02 20:46:45,215 [DEBUG] yfinance: Disabling multithreading because DEBUG logging enabled
2026-06-02 20:46:45,216 [DEBUG] yfinance:  Entering history()
2026-06-02 20:46:45,254 [DEBUG] peewee: ('CREATE TABLE IF NOT EXISTS "_tz_kv" ("key" VARCHAR(255) NOT NULL PRIMARY KEY, "value" VARCHAR(255)) WITHOUT ROWID', [])
2026-06-02 20:46:45,295 [DEBUG] peewee: ('SELECT "t1"."key", "t1"."value" FROM "_tz_kv" AS "t1" WHERE ("t1"."key" = ?) LIMIT ? OFFSET ?', ['AAPL', 1, 0])
2026-06-02 20:46:45,297 [DEBUG] yfinance:   Entering _fetch_ticker_tz()
2026-06-02 20:46:45,298 [DEBUG] yfinance:    Entering get()
2026-06-02 20:46:45,298 [DEBUG] yfinance:     Entering _make_request()
2026-06-02 20:46:45,299 [DEBUG] yfinance: url=https://query2.finance.yahoo.com/v8/finance/chart/AAPL
2026-06-02 20:46:45,299 [DEBUG] yfinance: params={'range': '1d', 'interval': '1d'}
2026-06-02 20:46:45,299 [DEBUG] yfinance:      Entering _get_cookie_and_crumb()
2026-06-02 20:46:45,299 [DEBUG] yfinance: cookie_mode = 'basic'
2026-06-02 20:46:45,299 [DEBUG] yfinance:       Entering _get_cookie_and_crumb_basic()
2026-06-02 20:46:45,299 [DEBUG] yfinance:        Entering _get_cookie_basic()
2026-06-02 20:46:45,299 [DEBUG] yfinance:         Entering _load_cookie_curlCffi()
2026-06-02 20:46:45,354 [DEBUG] peewee: ('CREATE TABLE IF NOT EXISTS "_cookieschema" ("strategy" VARCHAR(255) NOT NULL PRIMARY KEY, "fetch_date" DATETIME NOT NULL, "cookie_bytes" BLOB NOT NULL) WITHOUT ROWID', [])
2026-06-02 20:46:45,367 [DEBUG] peewee: ('SELECT "t1"."strategy", "t1"."fetch_date", "t1"."cookie_bytes" FROM "_cookieschema" AS "t1" WHERE ("t1"."strategy" = ?) LIMIT ? OFFSET ?', ['curlCffi', 1, 0])
2026-06-02 20:46:45,372 [DEBUG] yfinance:         Exiting _load_cookie_curlCffi()
2026-06-02 20:46:46,828 [DEBUG] yfinance:         Entering _save_cookie_curlCffi()
2026-06-02 20:46:46,830 [DEBUG] peewee: ('DELETE FROM "_cookieschema" WHERE ("_cookieschema"."strategy" = ?)', ['curlCffi'])
2026-06-02 20:46:46,830 [DEBUG] peewee: ('BEGIN', None)
2026-06-02 20:46:46,831 [DEBUG] peewee: ('INSERT INTO "_cookieschema" ("strategy", "fetch_date", "cookie_bytes") VALUES (?, ?, ?)', ['curlCffi', '2026-06-02T20:46:46.831931', <memory at 0x00000155A3308580>])
2026-06-02 20:46:46,832 [DEBUG] peewee: ('COMMIT', None)
2026-06-02 20:46:46,840 [DEBUG] yfinance:         Exiting _save_cookie_curlCffi()
2026-06-02 20:46:46,840 [DEBUG] yfinance:        Exiting _get_cookie_basic()
2026-06-02 20:46:46,840 [DEBUG] yfinance:        Entering _get_crumb_basic()
2026-06-02 20:46:46,840 [DEBUG] yfinance:         Entering _get_cookie_basic()
2026-06-02 20:46:46,840 [DEBUG] yfinance:          Entering _load_cookie_curlCffi()
2026-06-02 20:46:46,842 [DEBUG] peewee: ('SELECT "t1"."strategy", "t1"."fetch_date", "t1"."cookie_bytes" FROM "_cookieschema" AS "t1" WHERE ("t1"."strategy" = ?) LIMIT ? OFFSET ?', ['curlCffi', 1, 0])
2026-06-02 20:46:46,843 [DEBUG] yfinance:          Exiting _load_cookie_curlCffi()
2026-06-02 20:46:46,843 [DEBUG] yfinance: reusing persistent cookie
2026-06-02 20:46:46,843 [DEBUG] yfinance:         Exiting _get_cookie_basic()
2026-06-02 20:46:47,644 [DEBUG] yfinance: crumb = 'u.IVV5DdWKD'
2026-06-02 20:46:47,644 [DEBUG] yfinance:        Exiting _get_crumb_basic()
2026-06-02 20:46:47,646 [DEBUG] yfinance:       Exiting _get_cookie_and_crumb_basic()
2026-06-02 20:46:47,646 [DEBUG] yfinance:      Exiting _get_cookie_and_crumb()
2026-06-02 20:46:48,281 [DEBUG] yfinance: response code=200
2026-06-02 20:46:48,281 [DEBUG] yfinance:     Exiting _make_request()
2026-06-02 20:46:48,281 [DEBUG] yfinance:    Exiting get()
2026-06-02 20:46:48,281 [DEBUG] yfinance:   Exiting _fetch_ticker_tz()
2026-06-02 20:46:50,288 [DEBUG] peewee: ('BEGIN', None)
2026-06-02 20:46:50,290 [DEBUG] peewee: ('INSERT INTO "_tz_kv" ("key", "value") VALUES (?, ?)', ['AAPL', 'America/New_York'])
2026-06-02 20:46:50,290 [DEBUG] peewee: ('COMMIT', None)
2026-06-02 20:46:50,292 [DEBUG] yfinance:   Entering history()
2026-06-02 20:46:50,305 [DEBUG] yfinance: AAPL: Yahoo GET parameters: {'period1': '2020-01-01 00:00:00-05:00', 'period2': '2023-01-01 00:00:00-05:00', 'interval': '1d', 'includePrePost': False, 'events': 'div,splits,capitalGains'}
2026-06-02 20:46:50,306 [DEBUG] yfinance:    Entering get()
2026-06-02 20:46:50,306 [DEBUG] yfinance:     Entering _make_request()
2026-06-02 20:46:50,306 [DEBUG] yfinance: url=https://query2.finance.yahoo.com/v8/finance/chart/AAPL
2026-06-02 20:46:50,306 [DEBUG] yfinance: params={'period1': 1577854800, 'period2': 1672549200, 'interval': '1d', 'includePrePost': False, 'events': 'div,splits,capitalGains'}
2026-06-02 20:46:50,306 [DEBUG] yfinance:      Entering _get_cookie_and_crumb()
2026-06-02 20:46:50,306 [DEBUG] yfinance: cookie_mode = 'basic'
2026-06-02 20:46:50,306 [DEBUG] yfinance:       Entering _get_cookie_and_crumb_basic()
2026-06-02 20:46:50,308 [DEBUG] yfinance:        Entering _get_cookie_basic()
2026-06-02 20:46:50,308 [DEBUG] yfinance: reusing cookie
2026-06-02 20:46:50,308 [DEBUG] yfinance:        Exiting _get_cookie_basic()
2026-06-02 20:46:50,308 [DEBUG] yfinance:        Entering _get_crumb_basic()
2026-06-02 20:46:50,308 [DEBUG] yfinance: reusing crumb
2026-06-02 20:46:50,308 [DEBUG] yfinance:        Exiting _get_crumb_basic()
2026-06-02 20:46:50,308 [DEBUG] yfinance:       Exiting _get_cookie_and_crumb_basic()
2026-06-02 20:46:50,308 [DEBUG] yfinance:      Exiting _get_cookie_and_crumb()
2026-06-02 20:46:50,714 [DEBUG] yfinance: response code=200
2026-06-02 20:46:50,714 [DEBUG] yfinance:     Exiting _make_request()
2026-06-02 20:46:50,714 [DEBUG] yfinance:    Exiting get()
2026-06-02 20:46:50,721 [DEBUG] yfinance: AAPL: yfinance received OHLC data: 2020-01-02 14:30:00 -> 2022-12-30 14:30:00
2026-06-02 20:46:50,726 [DEBUG] yfinance: AAPL: OHLC after cleaning: 2020-01-02 09:30:00-05:00 -> 2022-12-30 09:30:00-05:00
2026-06-02 20:46:50,766 [DEBUG] yfinance: AAPL: OHLC after combining events: 2020-01-02 00:00:00-05:00 -> 2022-12-30 00:00:00-05:00
2026-06-02 20:46:50,776 [DEBUG] yfinance: AAPL: yfinance returning OHLC: 2020-01-02 00:00:00-05:00 -> 2022-12-30 00:00:00-05:00
2026-06-02 20:46:50,776 [DEBUG] yfinance:   Exiting history()
2026-06-02 20:46:50,779 [DEBUG] yfinance:  Exiting history()
2026-06-02 20:46:50,791 [DEBUG] yfinance: Exiting download()
2026-06-02 20:46:50,795 [WARNING] src.trading_sdk.data.client: Failed to write cache at C:\Users\omerl\BarIlan Projects\Third Year\B'_Semester\Vibe Coding\ex_2\EX2---Copy\data\raw\AAPL_2020-01-01_2023-01-01.parquet: Unable to find a usable engine; tried using: 'pyarrow', 'fastparquet'.
A suitable version of pyarrow or fastparquet is required for parquet support.
Trying to import the above resulted in these errors:
 - Missing optional dependency 'pyarrow'. pyarrow is required for parquet support. Use pip or conda to install pyarrow.
 - Missing optional dependency 'fastparquet'. fastparquet is required for parquet support. Use pip or conda to install fastparquet.
2026-06-02 20:54:31,967 [INFO] src.trading_sdk.shared.config: Configuration Manager initialized successfully.
2026-06-02 20:54:32,473 [DEBUG] yfinance: Entering download()
2026-06-02 20:54:32,488 [DEBUG] yfinance: Disabling multithreading because DEBUG logging enabled
2026-06-02 20:54:32,488 [DEBUG] yfinance:  Entering history()
2026-06-02 20:54:32,508 [DEBUG] peewee: ('CREATE TABLE IF NOT EXISTS "_tz_kv" ("key" VARCHAR(255) NOT NULL PRIMARY KEY, "value" VARCHAR(255)) WITHOUT ROWID', [])
2026-06-02 20:54:32,510 [DEBUG] peewee: ('SELECT "t1"."key", "t1"."value" FROM "_tz_kv" AS "t1" WHERE ("t1"."key" = ?) LIMIT ? OFFSET ?', ['AAPL', 1, 0])
2026-06-02 20:54:33,070 [DEBUG] yfinance:   Entering history()
2026-06-02 20:54:33,088 [DEBUG] yfinance: AAPL: Yahoo GET parameters: {'period1': '2020-01-01 00:00:00-05:00', 'period2': '2023-01-01 00:00:00-05:00', 'interval': '1d', 'includePrePost': False, 'events': 'div,splits,capitalGains'}
2026-06-02 20:54:33,090 [DEBUG] yfinance:    Entering get()
2026-06-02 20:54:33,090 [DEBUG] yfinance:     Entering _make_request()
2026-06-02 20:54:33,092 [DEBUG] yfinance: url=https://query2.finance.yahoo.com/v8/finance/chart/AAPL
2026-06-02 20:54:33,092 [DEBUG] yfinance: params={'period1': 1577854800, 'period2': 1672549200, 'interval': '1d', 'includePrePost': False, 'events': 'div,splits,capitalGains'}
2026-06-02 20:54:33,092 [DEBUG] yfinance:      Entering _get_cookie_and_crumb()
2026-06-02 20:54:33,092 [DEBUG] yfinance: cookie_mode = 'basic'
2026-06-02 20:54:33,092 [DEBUG] yfinance:       Entering _get_cookie_and_crumb_basic()
2026-06-02 20:54:33,092 [DEBUG] yfinance:        Entering _get_cookie_basic()
2026-06-02 20:54:33,092 [DEBUG] yfinance:         Entering _load_cookie_curlCffi()
2026-06-02 20:54:33,103 [DEBUG] peewee: ('CREATE TABLE IF NOT EXISTS "_cookieschema" ("strategy" VARCHAR(255) NOT NULL PRIMARY KEY, "fetch_date" DATETIME NOT NULL, "cookie_bytes" BLOB NOT NULL) WITHOUT ROWID', [])
2026-06-02 20:54:33,106 [DEBUG] peewee: ('SELECT "t1"."strategy", "t1"."fetch_date", "t1"."cookie_bytes" FROM "_cookieschema" AS "t1" WHERE ("t1"."strategy" = ?) LIMIT ? OFFSET ?', ['curlCffi', 1, 0])
2026-06-02 20:54:33,106 [DEBUG] yfinance:         Exiting _load_cookie_curlCffi()
2026-06-02 20:54:33,106 [DEBUG] yfinance: reusing persistent cookie
2026-06-02 20:54:33,106 [DEBUG] yfinance:        Exiting _get_cookie_basic()
2026-06-02 20:54:33,106 [DEBUG] yfinance:        Entering _get_crumb_basic()
2026-06-02 20:54:33,106 [DEBUG] yfinance:         Entering _get_cookie_basic()
2026-06-02 20:54:33,106 [DEBUG] yfinance: reusing cookie
2026-06-02 20:54:33,106 [DEBUG] yfinance:         Exiting _get_cookie_basic()
2026-06-02 20:54:34,032 [DEBUG] yfinance: crumb = 'u.IVV5DdWKD'
2026-06-02 20:54:34,033 [DEBUG] yfinance:        Exiting _get_crumb_basic()
2026-06-02 20:54:34,033 [DEBUG] yfinance:       Exiting _get_cookie_and_crumb_basic()
2026-06-02 20:54:34,033 [DEBUG] yfinance:      Exiting _get_cookie_and_crumb()
2026-06-02 20:54:34,762 [DEBUG] yfinance: response code=200
2026-06-02 20:54:34,762 [DEBUG] yfinance:     Exiting _make_request()
2026-06-02 20:54:34,764 [DEBUG] yfinance:    Exiting get()
2026-06-02 20:54:34,776 [DEBUG] yfinance: AAPL: yfinance received OHLC data: 2020-01-02 14:30:00 -> 2022-12-30 14:30:00
2026-06-02 20:54:34,786 [DEBUG] yfinance: AAPL: OHLC after cleaning: 2020-01-02 09:30:00-05:00 -> 2022-12-30 09:30:00-05:00
2026-06-02 20:54:34,842 [DEBUG] yfinance: AAPL: OHLC after combining events: 2020-01-02 00:00:00-05:00 -> 2022-12-30 00:00:00-05:00
2026-06-02 20:54:34,848 [DEBUG] yfinance: AAPL: yfinance returning OHLC: 2020-01-02 00:00:00-05:00 -> 2022-12-30 00:00:00-05:00
2026-06-02 20:54:34,848 [DEBUG] yfinance:   Exiting history()
2026-06-02 20:54:34,848 [DEBUG] yfinance:  Exiting history()
2026-06-02 20:54:34,855 [DEBUG] yfinance: Exiting download()
2026-06-02 20:54:34,860 [WARNING] src.trading_sdk.data.client: Failed to write cache at C:\Users\omerl\BarIlan Projects\Third Year\B'_Semester\Vibe Coding\ex_2\EX2---Copy\data\raw\AAPL_2020-01-01_2023-01-01.parquet: Unable to find a usable engine; tried using: 'pyarrow', 'fastparquet'.
A suitable version of pyarrow or fastparquet is required for parquet support.
Trying to import the above resulted in these errors:
 - Missing optional dependency 'pyarrow'. pyarrow is required for parquet support. Use pip or conda to install pyarrow.
 - Missing optional dependency 'fastparquet'. fastparquet is required for parquet support. Use pip or conda to install fastparquet.
2026-06-02 20:55:12,273 [INFO] src.trading_sdk.shared.config: Configuration Manager initialized successfully.
2026-06-02 20:55:12,776 [DEBUG] yfinance: Entering download()
2026-06-02 20:55:12,777 [DEBUG] yfinance: Disabling multithreading because DEBUG logging enabled
2026-06-02 20:55:12,777 [DEBUG] yfinance:  Entering history()
2026-06-02 20:55:12,785 [DEBUG] peewee: ('CREATE TABLE IF NOT EXISTS "_tz_kv" ("key" VARCHAR(255) NOT NULL PRIMARY KEY, "value" VARCHAR(255)) WITHOUT ROWID', [])
2026-06-02 20:55:12,786 [DEBUG] peewee: ('SELECT "t1"."key", "t1"."value" FROM "_tz_kv" AS "t1" WHERE ("t1"."key" = ?) LIMIT ? OFFSET ?', ['AAPL', 1, 0])
2026-06-02 20:55:13,128 [DEBUG] yfinance:   Entering history()
2026-06-02 20:55:13,145 [DEBUG] yfinance: AAPL: Yahoo GET parameters: {'period1': '2020-01-01 00:00:00-05:00', 'period2': '2023-01-01 00:00:00-05:00', 'interval': '1d', 'includePrePost': False, 'events': 'div,splits,capitalGains'}
2026-06-02 20:55:13,149 [DEBUG] yfinance:    Entering get()
2026-06-02 20:55:13,149 [DEBUG] yfinance:     Entering _make_request()
2026-06-02 20:55:13,149 [DEBUG] yfinance: url=https://query2.finance.yahoo.com/v8/finance/chart/AAPL
2026-06-02 20:55:13,149 [DEBUG] yfinance: params={'period1': 1577854800, 'period2': 1672549200, 'interval': '1d', 'includePrePost': False, 'events': 'div,splits,capitalGains'}
2026-06-02 20:55:13,149 [DEBUG] yfinance:      Entering _get_cookie_and_crumb()
2026-06-02 20:55:13,149 [DEBUG] yfinance: cookie_mode = 'basic'
2026-06-02 20:55:13,149 [DEBUG] yfinance:       Entering _get_cookie_and_crumb_basic()
2026-06-02 20:55:13,149 [DEBUG] yfinance:        Entering _get_cookie_basic()
2026-06-02 20:55:13,149 [DEBUG] yfinance:         Entering _load_cookie_curlCffi()
2026-06-02 20:55:13,156 [DEBUG] peewee: ('CREATE TABLE IF NOT EXISTS "_cookieschema" ("strategy" VARCHAR(255) NOT NULL PRIMARY KEY, "fetch_date" DATETIME NOT NULL, "cookie_bytes" BLOB NOT NULL) WITHOUT ROWID', [])
2026-06-02 20:55:13,156 [DEBUG] peewee: ('SELECT "t1"."strategy", "t1"."fetch_date", "t1"."cookie_bytes" FROM "_cookieschema" AS "t1" WHERE ("t1"."strategy" = ?) LIMIT ? OFFSET ?', ['curlCffi', 1, 0])
2026-06-02 20:55:13,156 [DEBUG] yfinance:         Exiting _load_cookie_curlCffi()
2026-06-02 20:55:13,156 [DEBUG] yfinance: reusing persistent cookie
2026-06-02 20:55:13,156 [DEBUG] yfinance:        Exiting _get_cookie_basic()
2026-06-02 20:55:13,159 [DEBUG] yfinance:        Entering _get_crumb_basic()
2026-06-02 20:55:13,159 [DEBUG] yfinance:         Entering _get_cookie_basic()
2026-06-02 20:55:13,159 [DEBUG] yfinance: reusing cookie
2026-06-02 20:55:13,159 [DEBUG] yfinance:         Exiting _get_cookie_basic()
2026-06-02 20:55:13,960 [DEBUG] yfinance: crumb = 'u.IVV5DdWKD'
2026-06-02 20:55:13,960 [DEBUG] yfinance:        Exiting _get_crumb_basic()
2026-06-02 20:55:13,960 [DEBUG] yfinance:       Exiting _get_cookie_and_crumb_basic()
2026-06-02 20:55:13,960 [DEBUG] yfinance:      Exiting _get_cookie_and_crumb()
2026-06-02 20:55:14,541 [DEBUG] yfinance: response code=200
2026-06-02 20:55:14,541 [DEBUG] yfinance:     Exiting _make_request()
2026-06-02 20:55:14,541 [DEBUG] yfinance:    Exiting get()
2026-06-02 20:55:14,548 [DEBUG] yfinance: AAPL: yfinance received OHLC data: 2020-01-02 14:30:00 -> 2022-12-30 14:30:00
2026-06-02 20:55:14,553 [DEBUG] yfinance: AAPL: OHLC after cleaning: 2020-01-02 09:30:00-05:00 -> 2022-12-30 09:30:00-05:00
2026-06-02 20:55:14,583 [DEBUG] yfinance: AAPL: OHLC after combining events: 2020-01-02 00:00:00-05:00 -> 2022-12-30 00:00:00-05:00
2026-06-02 20:55:14,590 [DEBUG] yfinance: AAPL: yfinance returning OHLC: 2020-01-02 00:00:00-05:00 -> 2022-12-30 00:00:00-05:00
2026-06-02 20:55:14,590 [DEBUG] yfinance:   Exiting history()
2026-06-02 20:55:14,590 [DEBUG] yfinance:  Exiting history()
2026-06-02 20:55:14,593 [DEBUG] yfinance: Exiting download()
2026-06-02 20:55:14,601 [WARNING] src.trading_sdk.data.client: Failed to write cache at C:\Users\omerl\BarIlan Projects\Third Year\B'_Semester\Vibe Coding\ex_2\EX2---Copy\data\raw\AAPL_2020-01-01_2023-01-01.parquet: Unable to find a usable engine; tried using: 'pyarrow', 'fastparquet'.
A suitable version of pyarrow or fastparquet is required for parquet support.
Trying to import the above resulted in these errors:
 - Missing optional dependency 'pyarrow'. pyarrow is required for parquet support. Use pip or conda to install pyarrow.
 - Missing optional dependency 'fastparquet'. fastparquet is required for parquet support. Use pip or conda to install fastparquet.
